city,date,precipitation,temperature,humidity,soil_wetness
Karachi,2020-01-01,0.0,14.98,45.36,0.5
Karachi,2020-01-02,0.0,15.95,45.88,0.49
Karachi,2020-01-03,0.0,17.73,50.38,0.49
Karachi,2020-01-04,0.0,19.9,71.44,0.49
Karachi,2020-01-05,0.0,20.46,75.38,0.49
Karachi,2020-01-06,0.0,20.79,59.19,0.49
Karachi,2020-01-07,0.05,18.06,61.6,0.49
Karachi,2020-01-08,0.0,17.28,44.33,0.49
Karachi,2020-01-09,0.0,16.61,31.87,0.49
Karachi,2020-01-10,0.0,16.64,38.11,0.49
Karachi,2020-01-11,0.0,17.68,40.43,0.48
Karachi,2020-01-12,0.93,17.35,64.1,0.48
Karachi,2020-01-13,0.01,15.51,55.61,0.48
Karachi,2020-01-14,0.0,14.94,39.35,0.48
Karachi,2020-01-15,0.0,15.6,42.92,0.48
Karachi,2020-01-16,0.0,15.62,47.66,0.48
Karachi,2020-01-17,0.0,16.96,47.23,0.48
Karachi,2020-01-18,0.0,17.08,35.83,0.48
Karachi,2020-01-19,0.0,17.68,29.07,0.48
Karachi,2020-01-20,0.0,17.66,39.01,0.48
Karachi,2020-01-21,0.0,19.54,62.11,0.48
Karachi,2020-01-22,0.0,19.07,49.08,0.48
Karachi,2020-01-23,0.0,18.42,53.87,0.48
Karachi,2020-01-24,0.0,18.92,54.51,0.47
Karachi,2020-01-25,0.0,20.06,64.55,0.47
Karachi,2020-01-26,0.01,21.89,71.09,0.47
Karachi,2020-01-27,0.02,20.48,53.15,0.47
Karachi,2020-01-28,0.0,17.36,43.98,0.47
Karachi,2020-01-29,0.0,17.33,41.77,0.47
Karachi,2020-01-30,0.0,17.97,42.68,0.47
Karachi,2020-01-31,0.0,17.82,54.3,0.47
Karachi,2020-02-01,0.0,18.64,43.44,0.47
Karachi,2020-02-02,0.0,18.98,36.08,0.47
Karachi,2020-02-03,0.02,18.62,59.82,0.47
Karachi,2020-02-04,2.53,20.25,61.19,0.47
Karachi,2020-02-05,0.0,19.1,47.23,0.47
Karachi,2020-02-06,0.0,18.96,56.76,0.47
Karachi,2020-02-07,0.0,20.19,50.44,0.47
Karachi,2020-02-08,0.0,19.75,38.98,0.47
Karachi,2020-02-09,0.0,19.81,48.34,0.47
Karachi,2020-02-10,0.0,20.09,39.1,0.47
Karachi,2020-02-11,0.0,21.4,35.35,0.47
Karachi,2020-02-12,0.0,22.91,32.86,0.46
Karachi,2020-02-13,0.0,22.4,53.78,0.46
Karachi,2020-02-14,0.0,21.75,54.58,0.46
Karachi,2020-02-15,0.0,21.57,56.26,0.46
Karachi,2020-02-16,0.0,22.55,47.08,0.46
Karachi,2020-02-17,0.0,24.05,36.04,0.46
Karachi,2020-02-18,0.0,23.9,36.72,0.46
Karachi,2020-02-19,0.0,23.68,55.86,0.46
Karachi,2020-02-20,0.0,22.9,30.51,0.46
Karachi,2020-02-21,0.0,22.37,37.47,0.46
Karachi,2020-02-22,0.0,22.84,40.34,0.46
Karachi,2020-02-23,0.0,22.88,50.74,0.46
Karachi,2020-02-24,0.0,22.84,63.14,0.46
Karachi,2020-02-25,0.0,22.97,72.69,0.46
Karachi,2020-02-26,0.0,23.2,75.3,0.46
Karachi,2020-02-27,0.0,23.17,75.6,0.46
Karachi,2020-02-28,0.0,23.42,78.2,0.46
Karachi,2020-02-29,0.0,22.86,68.53,0.46
Karachi,2020-03-01,0.0,23.59,66.77,0.46
Karachi,2020-03-02,0.0,23.87,57.46,0.46
Karachi,2020-03-03,0.0,22.54,66.07,0.46
Karachi,2020-03-04,0.0,22.46,74.1,0.46
Karachi,2020-03-05,0.0,22.36,56.01,0.46
Karachi,2020-03-06,0.1,20.71,46.99,0.46
Karachi,2020-03-07,0.0,22.17,51.81,0.46
Karachi,2020-03-08,0.0,22.22,58.7,0.46
Karachi,2020-03-09,0.0,22.6,58.6,0.46
Karachi,2020-03-10,0.0,22.51,58.54,0.46
Karachi,2020-03-11,0.0,20.91,45.26,0.46
Karachi,2020-03-12,1.22,20.31,42.44,0.46
Karachi,2020-03-13,0.0,22.23,40.27,0.46
Karachi,2020-03-14,0.65,22.26,47.48,0.46
Karachi,2020-03-15,0.69,23.04,46.53,0.46
Karachi,2020-03-16,0.0,24.04,46.73,0.46
Karachi,2020-03-17,0.0,25.49,44.49,0.46
Karachi,2020-03-18,0.0,26.08,41.7,0.46
Karachi,2020-03-19,0.0,24.55,53.57,0.46
Karachi,2020-03-20,0.0,23.81,74.36,0.46
Karachi,2020-03-21,0.12,25.24,78.37,0.46
Karachi,2020-03-22,0.18,24.96,75.41,0.46
Karachi,2020-03-23,1.46,23.99,74.6,0.46
Karachi,2020-03-24,0.53,24.53,73.07,0.46
Karachi,2020-03-25,0.0,24.43,56.49,0.46
Karachi,2020-03-26,4.22,23.94,60.77,0.46
Karachi,2020-03-27,2.71,23.01,67.79,0.47
Karachi,2020-03-28,0.0,24.03,67.43,0.47
Karachi,2020-03-29,0.0,25.36,66.26,0.47
Karachi,2020-03-30,0.0,25.52,64.53,0.47
Karachi,2020-03-31,0.01,24.9,70.71,0.47
Karachi,2020-04-01,0.1,25.26,71.32,0.47
Karachi,2020-04-02,0.04,26.06,64.14,0.46
Karachi,2020-04-03,0.0,27.32,59.88,0.46
Karachi,2020-04-04,0.0,26.92,60.5,0.46
Karachi,2020-04-05,0.24,26.74,69.68,0.46
Karachi,2020-04-06,0.11,26.84,68.96,0.46
Karachi,2020-04-07,0.0,27.47,68.94,0.46
Karachi,2020-04-08,0.0,27.17,68.11,0.46
Karachi,2020-04-09,0.0,27.08,67.64,0.46
Karachi,2020-04-10,0.0,27.75,65.2,0.46
Karachi,2020-04-11,0.0,28.46,63.14,0.46
Karachi,2020-04-12,0.0,28.69,59.47,0.46
Karachi,2020-04-13,0.0,27.32,65.05,0.46
Karachi,2020-04-14,0.0,26.46,77.57,0.46
Karachi,2020-04-15,0.0,27.89,72.44,0.46
Karachi,2020-04-16,0.0,27.78,72.01,0.46
Karachi,2020-04-17,0.0,28.38,65.99,0.46
Karachi,2020-04-18,0.0,28.28,68.19,0.46
Karachi,2020-04-19,0.0,27.94,70.82,0.46
Karachi,2020-04-20,0.0,28.45,70.9,0.46
Karachi,2020-04-21,0.09,29.23,68.34,0.46
Karachi,2020-04-22,0.14,29.55,70.32,0.46
Karachi,2020-04-23,0.03,29.51,70.47,0.46
Karachi,2020-04-24,0.1,28.21,74.03,0.46
Karachi,2020-04-25,0.02,28.89,73.09,0.46
Karachi,2020-04-26,0.02,29.34,72.68,0.46
Karachi,2020-04-27,0.04,28.48,76.78,0.46
Karachi,2020-04-28,0.03,28.76,71.41,0.46
Karachi,2020-04-29,0.03,29.5,67.92,0.46
Karachi,2020-04-30,0.04,29.23,69.84,0.46
Karachi,2020-05-01,1.38,28.71,75.43,0.46
Karachi,2020-05-02,6.82,28.76,77.81,0.46
Karachi,2020-05-03,8.99,29.17,79.05,0.49
Karachi,2020-05-04,11.72,29.61,76.61,0.49
Karachi,2020-05-05,14.53,28.96,81.29,0.53
Karachi,2020-05-06,1.97,30.21,70.66,0.53
Karachi,2020-05-07,0.0,30.12,74.74,0.52
Karachi,2020-05-08,0.0,29.6,76.98,0.52
Karachi,2020-05-09,0.0,29.3,76.55,0.52
Karachi,2020-05-10,0.0,29.14,78.5,0.51
Karachi,2020-05-11,0.0,29.32,78.33,0.51
Karachi,2020-05-12,0.0,29.22,77.0,0.51
Karachi,2020-05-13,0.01,29.28,73.81,0.51
Karachi,2020-05-14,0.0,29.7,69.03,0.51
Karachi,2020-05-15,0.0,29.95,65.67,0.5
Karachi,2020-05-16,18.78,29.17,71.79,0.52
Karachi,2020-05-17,78.17,27.91,81.53,0.57
Karachi,2020-05-18,98.42,28.1,84.8,0.72
Karachi,2020-05-19,13.54,28.8,80.9,0.73
Karachi,2020-05-20,10.81,28.87,80.45,0.74
Karachi,2020-05-21,2.8,29.07,82.36,0.74
Karachi,2020-05-22,0.0,29.63,78.35,0.73
Karachi,2020-05-23,0.0,29.32,81.38,0.72
Karachi,2020-05-24,0.0,29.02,80.16,0.71
Karachi,2020-05-25,0.0,29.11,80.98,0.7
Karachi,2020-05-26,0.0,29.4,80.99,0.7
Karachi,2020-05-27,0.04,29.78,83.16,0.69
Karachi,2020-05-28,0.12,29.56,84.34,0.68
Karachi,2020-05-29,0.44,29.24,85.66,0.68
Karachi,2020-05-30,1.17,28.98,86.32,0.67
Karachi,2020-05-31,0.34,28.73,85.63,0.67
Karachi,2020-06-01,0.0,29.02,83.43,0.66
Karachi,2020-06-02,0.0,29.31,82.66,0.66
Karachi,2020-06-03,0.0,29.86,80.27,0.65
Karachi,2020-06-04,0.0,30.51,73.89,0.65
Karachi,2020-06-05,0.02,30.17,76.56,0.64
Karachi,2020-06-06,0.04,30.03,77.18,0.63
Karachi,2020-06-07,0.05,30.12,77.67,0.63
Karachi,2020-06-08,0.09,30.1,77.73,0.62
Karachi,2020-06-09,0.04,30.26,78.22,0.62
Karachi,2020-06-10,0.01,30.15,80.12,0.61
Karachi,2020-06-11,0.0,30.06,80.17,0.61
Karachi,2020-06-12,0.0,30.4,77.16,0.6
Karachi,2020-06-13,0.0,30.23,76.19,0.6
Karachi,2020-06-14,0.0,30.53,78.05,0.6
Karachi,2020-06-15,0.0,30.7,77.56,0.59
Karachi,2020-06-16,0.0,30.92,78.85,0.59
Karachi,2020-06-17,0.0,30.69,80.91,0.58
Karachi,2020-06-18,0.0,30.82,75.14,0.58
Karachi,2020-06-19,0.0,30.68,78.6,0.57
Karachi,2020-06-20,0.13,30.81,75.63,0.57
Karachi,2020-06-21,0.17,30.83,75.05,0.56
Karachi,2020-06-22,0.09,31.29,72.46,0.56
Karachi,2020-06-23,0.03,31.84,69.07,0.55
Karachi,2020-06-24,0.4,32.13,72.17,0.55
Karachi,2020-06-25,0.19,31.21,77.25,0.54
Karachi,2020-06-26,0.0,31.29,75.73,0.54
Karachi,2020-06-27,0.0,31.15,79.15,0.54
Karachi,2020-06-28,0.0,31.07,76.33,0.53
Karachi,2020-06-29,0.0,31.23,74.89,0.53
Karachi,2020-06-30,0.15,31.57,74.23,0.53
Karachi,2020-07-01,0.66,31.32,74.21,0.52
Karachi,2020-07-02,0.29,30.95,75.95,0.52
Karachi,2020-07-03,0.14,31.53,76.4,0.52
Karachi,2020-07-04,0.21,31.88,76.8,0.52
Karachi,2020-07-05,0.47,31.64,78.7,0.52
Karachi,2020-07-06,3.55,30.93,80.96,0.52
Karachi,2020-07-07,2.78,31.76,76.6,0.52
Karachi,2020-07-08,7.87,32.1,76.15,0.52
Karachi,2020-07-09,0.58,32.74,68.13,0.53
Karachi,2020-07-10,1.65,31.34,78.68,0.53
Karachi,2020-07-11,2.6,30.73,80.52,0.53
Karachi,2020-07-12,0.63,30.94,75.29,0.53
Karachi,2020-07-13,2.1,30.66,74.77,0.52
Karachi,2020-07-14,0.86,30.96,74.06,0.52
Karachi,2020-07-15,0.42,31.27,74.25,0.52
Karachi,2020-07-16,1.37,30.62,79.17,0.52
Karachi,2020-07-17,15.66,31.36,76.61,0.53
Karachi,2020-07-18,11.02,32.34,73.33,0.55
Karachi,2020-07-19,1.38,31.27,76.35,0.55
Karachi,2020-07-20,0.75,30.97,79.27,0.55
Karachi,2020-07-21,0.69,30.73,76.82,0.54
Karachi,2020-07-22,0.69,30.56,74.07,0.54
Karachi,2020-07-23,0.22,30.66,75.68,0.54
Karachi,2020-07-24,0.07,30.84,74.62,0.53
Karachi,2020-07-25,2.14,30.35,78.49,0.53
Karachi,2020-07-26,19.32,29.52,82.5,0.54
Karachi,2020-07-27,12.86,30.06,79.59,0.58
Karachi,2020-07-28,2.51,30.25,78.76,0.58
Karachi,2020-07-29,0.7,30.41,78.71,0.58
Karachi,2020-07-30,0.29,30.87,77.89,0.57
Karachi,2020-07-31,0.13,30.59,78.38,0.57
Karachi,2020-08-01,0.03,30.76,78.28,0.57
Karachi,2020-08-02,0.02,30.89,77.11,0.56
Karachi,2020-08-03,0.01,30.71,78.12,0.56
Karachi,2020-08-04,0.14,30.85,77.98,0.55
Karachi,2020-08-05,0.44,31.06,78.32,0.55
Karachi,2020-08-06,41.62,30.09,84.49,0.57
Karachi,2020-08-07,61.4,30.81,81.78,0.67
Karachi,2020-08-08,18.87,29.91,84.81,0.73
Karachi,2020-08-09,7.62,29.84,83.09,0.74
Karachi,2020-08-10,0.35,30.36,79.95,0.73
Karachi,2020-08-11,1.53,29.84,85.68,0.72
Karachi,2020-08-12,0.95,29.95,85.76,0.72
Karachi,2020-08-13,0.18,29.99,84.18,0.71
Karachi,2020-08-14,0.69,30.14,84.84,0.71
Karachi,2020-08-15,0.28,29.83,84.42,0.7
Karachi,2020-08-16,0.21,29.65,84.54,0.7
Karachi,2020-08-17,0.25,29.93,84.69,0.7
Karachi,2020-08-18,0.56,29.77,83.54,0.69
Karachi,2020-08-19,1.03,29.51,83.99,0.69
Karachi,2020-08-20,0.1,30.12,81.55,0.68
Karachi,2020-08-21,9.33,29.88,82.57,0.68
Karachi,2020-08-22,4.47,30.0,83.42,0.7
Karachi,2020-08-23,1.68,29.26,88.25,0.7
Karachi,2020-08-24,22.57,29.16,86.05,0.7
Karachi,2020-08-25,112.86,28.71,85.61,0.76
Karachi,2020-08-26,61.99,28.66,85.76,0.86
Karachi,2020-08-27,92.65,28.6,87.8,0.9
Karachi,2020-08-28,16.53,28.6,87.86,0.94
Karachi,2020-08-29,0.52,28.71,88.01,0.93
Karachi,2020-08-30,1.27,28.5,87.27,0.92
Karachi,2020-08-31,4.32,28.02,87.02,0.92
Karachi,2020-09-01,0.38,28.06,81.38,0.92
Karachi,2020-09-02,0.09,27.97,81.83,0.91
Karachi,2020-09-03,0.07,28.51,83.05,0.9
Karachi,2020-09-04,1.47,28.29,85.53,0.9
Karachi,2020-09-05,1.0,28.48,85.35,0.89
Karachi,2020-09-06,0.03,27.96,85.68,0.88
Karachi,2020-09-07,0.03,27.9,84.34,0.88
Karachi,2020-09-08,0.03,27.83,85.87,0.87
Karachi,2020-09-09,0.01,27.77,82.94,0.86
Karachi,2020-09-10,0.01,27.55,82.63,0.85
Karachi,2020-09-11,0.01,27.7,82.99,0.84
Karachi,2020-09-12,0.02,28.51,81.25,0.83
Karachi,2020-09-13,0.18,28.82,82.68,0.83
Karachi,2020-09-14,0.87,28.87,85.07,0.82
Karachi,2020-09-15,0.19,28.77,83.79,0.82
Karachi,2020-09-16,0.13,28.52,87.32,0.81
Karachi,2020-09-17,0.08,28.6,85.57,0.81
Karachi,2020-09-18,0.0,28.77,78.13,0.8
Karachi,2020-09-19,0.0,28.29,79.67,0.8
Karachi,2020-09-20,0.0,29.36,75.64,0.79
Karachi,2020-09-21,0.0,29.39,80.43,0.78
Karachi,2020-09-22,0.0,28.81,84.39,0.77
Karachi,2020-09-23,0.0,28.59,81.52,0.77
Karachi,2020-09-24,0.0,28.64,83.61,0.76
Karachi,2020-09-25,0.0,28.17,82.62,0.75
Karachi,2020-09-26,0.0,27.56,74.51,0.74
Karachi,2020-09-27,0.0,27.4,78.78,0.74
Karachi,2020-09-28,0.0,27.47,78.72,0.73
Karachi,2020-09-29,0.0,27.56,79.13,0.72
Karachi,2020-09-30,0.0,27.88,78.34,0.72
Karachi,2020-10-01,0.0,27.72,78.72,0.71
Karachi,2020-10-02,0.0,27.65,77.56,0.71
Karachi,2020-10-03,0.0,28.03,77.79,0.7
Karachi,2020-10-04,0.0,28.08,76.06,0.7
Karachi,2020-10-05,0.0,28.1,79.12,0.69
Karachi,2020-10-06,0.0,27.73,75.76,0.68
Karachi,2020-10-07,0.0,27.42,78.52,0.68
Karachi,2020-10-08,0.0,27.72,79.99,0.67
Karachi,2020-10-09,0.0,27.79,78.24,0.67
Karachi,2020-10-10,0.0,28.05,74.4,0.66
Karachi,2020-10-11,0.0,28.11,70.89,0.66
Karachi,2020-10-12,0.0,28.24,60.59,0.65
Karachi,2020-10-13,0.0,28.49,51.92,0.65
Karachi,2020-10-14,0.0,28.23,46.02,0.64
Karachi,2020-10-15,0.0,28.28,44.26,0.64
Karachi,2020-10-16,0.0,27.96,47.23,0.63
Karachi,2020-10-17,0.1,28.01,48.86,0.63
Karachi,2020-10-18,0.09,28.85,53.8,0.62
Karachi,2020-10-19,0.0,28.51,64.57,0.62
Karachi,2020-10-20,0.0,26.44,51.61,0.61
Karachi,2020-10-21,0.0,26.34,56.48,0.61
Karachi,2020-10-22,0.0,26.16,54.54,0.6
Karachi,2020-10-23,0.0,25.22,57.24,0.6
Karachi,2020-10-24,0.0,25.57,62.46,0.6
Karachi,2020-10-25,0.0,25.72,59.66,0.59
Karachi,2020-10-26,0.0,25.69,56.99,0.59
Karachi,2020-10-27,0.0,24.97,59.83,0.59
Karachi,2020-10-28,0.0,24.8,69.29,0.58
Karachi,2020-10-29,0.0,25.05,70.44,0.58
Karachi,2020-10-30,0.0,25.65,68.06,0.58
Karachi,2020-10-31,0.0,26.01,55.13,0.57
Karachi,2020-11-01,0.0,25.51,53.66,0.57
Karachi,2020-11-02,0.0,24.61,55.9,0.57
Karachi,2020-11-03,0.0,24.15,61.92,0.56
Karachi,2020-11-04,0.0,23.98,68.47,0.56
Karachi,2020-11-05,0.0,24.77,69.19,0.56
Karachi,2020-11-06,0.0,24.88,60.93,0.55
Karachi,2020-11-07,0.0,25.12,53.62,0.55
Karachi,2020-11-08,0.0,24.91,56.76,0.55
Karachi,2020-11-09,0.0,24.31,61.64,0.55
Karachi,2020-11-10,0.0,24.25,65.07,0.54
Karachi,2020-11-11,0.0,24.64,51.61,0.54
Karachi,2020-11-12,0.0,23.47,47.64,0.54
Karachi,2020-11-13,0.0,24.06,47.99,0.54
Karachi,2020-11-14,0.0,24.08,58.89,0.53
Karachi,2020-11-15,0.0,24.19,61.39,0.53
Karachi,2020-11-16,0.0,22.69,45.06,0.53
Karachi,2020-11-17,0.0,21.86,54.89,0.53
Karachi,2020-11-18,0.0,21.73,56.45,0.52
Karachi,2020-11-19,0.0,22.63,60.23,0.52
Karachi,2020-11-20,0.0,22.29,43.8,0.52
Karachi,2020-11-21,0.0,22.33,36.0,0.52
Karachi,2020-11-22,0.0,21.76,55.55,0.51
Karachi,2020-11-23,0.0,21.92,76.43,0.51
Karachi,2020-11-24,2.48,22.53,69.81,0.51
Karachi,2020-11-25,0.97,20.43,62.51,0.51
Karachi,2020-11-26,0.0,20.55,56.86,0.51
Karachi,2020-11-27,0.0,19.81,59.49,0.51
Karachi,2020-11-28,0.0,20.44,49.09,0.51
Karachi,2020-11-29,0.0,21.69,43.34,0.51
Karachi,2020-11-30,0.0,22.25,48.81,0.5
Karachi,2020-12-01,0.0,22.81,54.31,0.5
Karachi,2020-12-02,0.0,22.92,61.49,0.5
Karachi,2020-12-03,0.0,22.79,73.9,0.5
Karachi,2020-12-04,0.0,23.12,75.19,0.49
Karachi,2020-12-05,0.0,23.89,69.19,0.49
Karachi,2020-12-06,0.0,24.05,64.31,0.49
Karachi,2020-12-07,0.0,23.43,54.26,0.49
Karachi,2020-12-08,0.0,22.65,73.83,0.49
Karachi,2020-12-09,0.05,23.06,66.98,0.49
Karachi,2020-12-10,0.01,22.44,54.3,0.48
Karachi,2020-12-11,0.02,22.02,56.16,0.48
Karachi,2020-12-12,0.0,20.03,50.72,0.48
Karachi,2020-12-13,0.0,19.1,35.26,0.48
Karachi,2020-12-14,0.0,18.93,38.69,0.48
Karachi,2020-12-15,0.0,17.77,36.7,0.48
Karachi,2020-12-16,0.0,16.91,36.63,0.48
Karachi,2020-12-17,0.0,16.96,38.51,0.48
Karachi,2020-12-18,0.0,18.4,32.74,0.47
Karachi,2020-12-19,0.0,19.56,31.46,0.47
Karachi,2020-12-20,0.0,20.91,29.59,0.47
Karachi,2020-12-21,0.0,21.3,36.49,0.47
Karachi,2020-12-22,0.0,21.45,44.02,0.47
Karachi,2020-12-23,0.0,20.91,40.47,0.47
Karachi,2020-12-24,0.0,20.0,36.64,0.47
Karachi,2020-12-25,0.0,19.99,36.4,0.47
Karachi,2020-12-26,0.0,19.96,45.45,0.47
Karachi,2020-12-27,0.0,18.47,33.43,0.47
Karachi,2020-12-28,0.0,17.2,29.16,0.47
Karachi,2020-12-29,0.0,17.28,30.02,0.47
Karachi,2020-12-30,0.0,16.63,35.3,0.46
Karachi,2020-12-31,0.0,16.51,39.16,0.46
Karachi,2021-01-01,0.0,17.55,36.31,0.46
Karachi,2021-01-02,0.0,18.64,37.26,0.46
Karachi,2021-01-03,0.0,18.0,41.93,0.46
Karachi,2021-01-04,0.0,18.12,41.45,0.46
Karachi,2021-01-05,0.0,18.25,46.33,0.46
Karachi,2021-01-06,0.0,18.47,39.29,0.46
Karachi,2021-01-07,0.0,17.95,39.1,0.46
Karachi,2021-01-08,0.0,16.55,30.5,0.46
Karachi,2021-01-09,0.0,17.07,35.26,0.46
Karachi,2021-01-10,0.0,17.67,35.5,0.46
Karachi,2021-01-11,0.0,18.92,29.12,0.46
Karachi,2021-01-12,0.0,19.29,39.73,0.46
Karachi,2021-01-13,0.0,19.65,46.88,0.46
Karachi,2021-01-14,0.0,20.28,57.38,0.46
Karachi,2021-01-15,0.0,20.0,43.33,0.46
Karachi,2021-01-16,0.0,20.0,38.33,0.46
Karachi,2021-01-17,0.0,19.47,48.26,0.46
Karachi,2021-01-18,0.0,19.49,50.47,0.46
Karachi,2021-01-19,0.0,18.95,39.43,0.46
Karachi,2021-01-20,0.0,20.26,72.43,0.46
Karachi,2021-01-21,0.0,20.79,79.35,0.46
Karachi,2021-01-22,0.0,21.41,78.49,0.46
Karachi,2021-01-23,0.0,20.35,35.34,0.46
Karachi,2021-01-24,0.0,19.4,31.55,0.46
Karachi,2021-01-25,0.0,18.46,40.98,0.46
Karachi,2021-01-26,0.0,18.36,45.25,0.46
Karachi,2021-01-27,0.0,18.35,43.75,0.46
Karachi,2021-01-28,0.0,18.49,48.24,0.46
Karachi,2021-01-29,0.0,18.75,48.82,0.46
Karachi,2021-01-30,0.0,18.79,56.37,0.46
Karachi,2021-01-31,0.0,19.78,74.62,0.46
Karachi,2021-02-01,0.0,21.02,80.54,0.46
Karachi,2021-02-02,0.0,20.73,77.64,0.46
Karachi,2021-02-03,0.0,21.37,66.11,0.46
Karachi,2021-02-04,0.0,20.99,41.04,0.46
Karachi,2021-02-05,0.0,20.34,42.76,0.46
Karachi,2021-02-06,0.0,20.04,50.21,0.46
Karachi,2021-02-07,0.0,20.57,46.86,0.46
Karachi,2021-02-08,0.0,20.76,50.27,0.46
Karachi,2021-02-09,0.0,21.18,68.69,0.46
Karachi,2021-02-10,0.0,22.92,54.15,0.46
Karachi,2021-02-11,0.0,23.33,45.55,0.46
Karachi,2021-02-12,0.0,22.58,59.86,0.46
Karachi,2021-02-13,0.0,21.92,62.32,0.46
Karachi,2021-02-14,0.0,21.69,69.4,0.46
Karachi,2021-02-15,0.0,21.74,76.03,0.46
Karachi,2021-02-16,0.0,22.15,70.53,0.46
Karachi,2021-02-17,0.0,22.21,67.7,0.46
Karachi,2021-02-18,0.0,22.78,52.16,0.46
Karachi,2021-02-19,0.0,24.42,35.99,0.46
Karachi,2021-02-20,0.0,24.08,35.5,0.46
Karachi,2021-02-21,0.0,24.11,38.93,0.46
Karachi,2021-02-22,0.0,23.66,56.12,0.46
Karachi,2021-02-23,0.0,22.92,74.88,0.46
Karachi,2021-02-24,0.0,23.12,80.19,0.46
Karachi,2021-02-25,0.0,23.86,79.62,0.46
Karachi,2021-02-26,0.0,25.32,67.04,0.46
Karachi,2021-02-27,0.0,24.49,58.19,0.46
Karachi,2021-02-28,0.0,23.85,53.62,0.46
Karachi,2021-03-01,0.0,23.76,43.45,0.45
Karachi,2021-03-02,0.0,23.52,49.3,0.45
Karachi,2021-03-03,0.0,23.71,71.6,0.45
Karachi,2021-03-04,0.0,25.77,70.66,0.45
Karachi,2021-03-05,0.0,26.0,69.54,0.45
Karachi,2021-03-06,0.0,25.34,78.14,0.45
Karachi,2021-03-07,0.0,25.09,80.37,0.45
Karachi,2021-03-08,0.0,24.63,72.79,0.45
Karachi,2021-03-09,0.0,24.21,72.29,0.45
Karachi,2021-03-10,0.0,23.87,68.48,0.45
Karachi,2021-03-11,0.0,23.52,77.57,0.45
Karachi,2021-03-12,0.0,25.03,71.32,0.45
Karachi,2021-03-13,0.0,26.02,62.35,0.45
Karachi,2021-03-14,0.0,25.21,59.33,0.45
Karachi,2021-03-15,0.0,25.27,68.86,0.45
Karachi,2021-03-16,0.0,26.08,73.94,0.45
Karachi,2021-03-17,0.01,25.93,73.82,0.45
Karachi,2021-03-18,0.02,25.9,71.08,0.45
Karachi,2021-03-19,0.01,26.79,62.65,0.45
Karachi,2021-03-20,0.02,26.5,63.95,0.45
Karachi,2021-03-21,0.34,25.32,81.99,0.45
Karachi,2021-03-22,0.81,25.72,77.77,0.46
Karachi,2021-03-23,0.05,26.05,68.3,0.46
Karachi,2021-03-24,0.0,26.26,64.05,0.46
Karachi,2021-03-25,0.0,27.47,49.79,0.46
Karachi,2021-03-26,0.0,27.32,51.73,0.46
Karachi,2021-03-27,0.0,26.37,65.72,0.46
Karachi,2021-03-28,0.0,26.44,74.56,0.46
Karachi,2021-03-29,0.0,27.0,79.09,0.46
Karachi,2021-03-30,0.0,29.06,58.51,0.46
Karachi,2021-03-31,0.0,29.49,29.37,0.46
Karachi,2021-04-01,0.0,28.55,32.91,0.46
Karachi,2021-04-02,0.0,29.4,45.23,0.46
Karachi,2021-04-03,0.0,30.24,50.47,0.46
Karachi,2021-04-04,0.0,28.62,64.83,0.46
Karachi,2021-04-05,0.0,27.54,77.43,0.46
Karachi,2021-04-06,0.0,27.6,76.61,0.46
Karachi,2021-04-07,0.0,28.38,57.73,0.46
Karachi,2021-04-08,0.0,27.41,52.09,0.46
Karachi,2021-04-09,0.0,27.49,62.88,0.46
Karachi,2021-04-10,0.0,27.44,64.83,0.46
Karachi,2021-04-11,0.0,28.41,59.14,0.45
Karachi,2021-04-12,0.0,28.24,62.37,0.45
Karachi,2021-04-13,0.0,27.38,64.0,0.45
Karachi,2021-04-14,0.0,26.67,72.29,0.45
Karachi,2021-04-15,0.04,26.51,80.14,0.45
Karachi,2021-04-16,0.43,28.2,71.68,0.46
Karachi,2021-04-17,0.62,28.23,69.93,0.46
Karachi,2021-04-18,0.77,28.73,70.2,0.46
Karachi,2021-04-19,1.47,28.23,72.66,0.46
Karachi,2021-04-20,0.66,28.73,62.26,0.46
Karachi,2021-04-21,3.86,28.79,66.86,0.47
Karachi,2021-04-22,0.0,28.75,71.99,0.47
Karachi,2021-04-23,0.0,29.86,66.73,0.46
Karachi,2021-04-24,0.0,29.47,61.73,0.46
Karachi,2021-04-25,0.0,29.88,58.94,0.46
Karachi,2021-04-26,0.01,29.17,69.09,0.46
Karachi,2021-04-27,0.04,28.99,70.06,0.46
Karachi,2021-04-28,0.06,27.96,73.83,0.46
Karachi,2021-04-29,0.13,28.59,71.87,0.46
Karachi,2021-04-30,0.08,29.27,70.94,0.46
Karachi,2021-05-01,0.22,29.16,73.82,0.46
Karachi,2021-05-02,0.13,29.47,61.32,0.46
Karachi,2021-05-03,0.21,28.6,66.07,0.46
Karachi,2021-05-04,0.06,29.54,66.96,0.46
Karachi,2021-05-05,0.19,29.78,68.94,0.46
Karachi,2021-05-06,0.93,30.13,67.04,0.46
Karachi,2021-05-07,0.0,30.45,65.03,0.46
Karachi,2021-05-08,0.0,30.92,63.8,0.46
Karachi,2021-05-09,0.0,30.59,61.6,0.46
Karachi,2021-05-10,0.0,30.08,70.04,0.46
Karachi,2021-05-11,0.02,29.88,71.84,0.46
Karachi,2021-05-12,0.01,29.69,75.08,0.46
Karachi,2021-05-13,0.01,30.09,68.64,0.46
Karachi,2021-05-14,0.06,30.38,70.77,0.46
Karachi,2021-05-15,0.08,30.64,68.2,0.46
Karachi,2021-05-16,3.34,33.14,49.05,0.46
Karachi,2021-05-17,17.44,32.71,50.68,0.49
Karachi,2021-05-18,3.57,32.65,53.98,0.49
Karachi,2021-05-19,5.21,30.89,67.48,0.49
Karachi,2021-05-20,9.46,29.67,79.36,0.5
Karachi,2021-05-21,3.69,30.04,80.06,0.51
Karachi,2021-05-22,0.2,30.05,78.37,0.51
Karachi,2021-05-23,0.58,29.74,75.83,0.51
Karachi,2021-05-24,0.07,29.18,77.25,0.5
Karachi,2021-05-25,0.06,29.97,76.29,0.5
Karachi,2021-05-26,0.01,30.48,77.24,0.5
Karachi,2021-05-27,0.0,31.02,77.12,0.49
Karachi,2021-05-28,0.0,30.43,79.69,0.49
Karachi,2021-05-29,0.0,30.23,78.67,0.49
Karachi,2021-05-30,0.0,30.27,79.07,0.49
Karachi,2021-05-31,0.0,30.23,78.47,0.48
Karachi,2021-06-01,0.0,30.38,77.74,0.48
Karachi,2021-06-02,0.0,30.44,74.1,0.48
Karachi,2021-06-03,0.0,30.45,72.35,0.48
Karachi,2021-06-04,0.0,30.7,69.38,0.48
Karachi,2021-06-05,0.3,30.71,68.1,0.47
Karachi,2021-06-06,0.43,31.02,68.68,0.47
Karachi,2021-06-07,0.06,30.9,69.92,0.47
Karachi,2021-06-08,0.08,30.8,69.93,0.47
Karachi,2021-06-09,0.06,30.62,71.24,0.47
Karachi,2021-06-10,0.02,30.73,72.69,0.47
Karachi,2021-06-11,0.0,30.93,73.52,0.47
Karachi,2021-06-12,0.0,30.89,74.93,0.47
Karachi,2021-06-13,0.0,30.82,74.87,0.47
Karachi,2021-06-14,0.0,30.84,74.15,0.46
Karachi,2021-06-15,0.1,30.91,73.79,0.46
Karachi,2021-06-16,0.08,31.26,71.12,0.46
Karachi,2021-06-17,0.11,30.84,68.43,0.46
Karachi,2021-06-18,0.06,30.81,68.39,0.46
Karachi,2021-06-19,0.14,30.53,69.91,0.46
Karachi,2021-06-20,0.11,30.64,69.18,0.46
Karachi,2021-06-21,0.0,30.42,70.96,0.46
Karachi,2021-06-22,0.0,30.13,72.26,0.46
Karachi,2021-06-23,0.0,29.68,72.4,0.46
Karachi,2021-06-24,0.0,29.84,72.59,0.46
Karachi,2021-06-25,0.02,29.7,73.02,0.46
Karachi,2021-06-26,0.02,29.98,73.63,0.46
Karachi,2021-06-27,0.03,29.98,70.57,0.46
Karachi,2021-06-28,0.01,29.93,71.94,0.46
Karachi,2021-06-29,0.01,29.85,72.48,0.46
Karachi,2021-06-30,0.05,29.98,75.58,0.46
Karachi,2021-07-01,0.01,30.13,77.66,0.46
Karachi,2021-07-02,0.13,30.04,76.58,0.46
Karachi,2021-07-03,0.25,30.08,73.92,0.46
Karachi,2021-07-04,0.23,30.13,71.24,0.46
Karachi,2021-07-05,0.06,30.04,69.4,0.46
Karachi,2021-07-06,0.01,29.91,68.04,0.46
Karachi,2021-07-07,0.03,29.48,71.38,0.46
Karachi,2021-07-08,0.04,29.66,73.96,0.46
Karachi,2021-07-09,0.1,30.0,75.89,0.46
Karachi,2021-07-10,0.12,30.29,74.64,0.46
Karachi,2021-07-11,0.51,30.54,71.9,0.46
Karachi,2021-07-12,15.36,29.31,81.37,0.48
Karachi,2021-07-13,21.58,30.31,81.02,0.52
Karachi,2021-07-14,2.57,31.66,72.82,0.53
Karachi,2021-07-15,17.4,31.14,80.64,0.53
Karachi,2021-07-16,5.86,31.01,82.72,0.56
Karachi,2021-07-17,1.93,30.47,81.98,0.56
Karachi,2021-07-18,0.71,29.93,79.0,0.56
Karachi,2021-07-19,1.7,29.77,81.98,0.55
Karachi,2021-07-20,0.36,28.95,83.42,0.55
Karachi,2021-07-21,0.23,29.33,81.75,0.55
Karachi,2021-07-22,0.22,29.73,80.3,0.55
Karachi,2021-07-23,0.3,29.79,79.49,0.54
Karachi,2021-07-24,0.31,29.55,81.38,0.54
Karachi,2021-07-25,0.09,29.47,81.72,0.54
Karachi,2021-07-26,0.0,29.26,79.66,0.53
Karachi,2021-07-27,0.0,29.28,81.04,0.53
Karachi,2021-07-28,0.0,29.2,81.23,0.53
Karachi,2021-07-29,0.0,28.62,81.16,0.53
Karachi,2021-07-30,0.0,28.53,81.02,0.52
Karachi,2021-07-31,0.0,28.45,80.6,0.52
Karachi,2021-08-01,0.01,28.18,81.31,0.52
Karachi,2021-08-02,0.01,28.26,79.7,0.52
Karachi,2021-08-03,0.0,28.15,80.72,0.51
Karachi,2021-08-04,0.0,28.1,81.5,0.51
Karachi,2021-08-05,0.0,28.25,80.24,0.51
Karachi,2021-08-06,0.0,28.43,80.0,0.5
Karachi,2021-08-07,0.0,28.38,79.22,0.5
Karachi,2021-08-08,0.0,28.36,76.15,0.5
Karachi,2021-08-09,0.0,28.03,74.96,0.49
Karachi,2021-08-10,0.0,27.87,75.72,0.49
Karachi,2021-08-11,0.0,27.77,76.7,0.49
Karachi,2021-08-12,0.0,27.81,77.09,0.49
Karachi,2021-08-13,0.0,27.85,78.04,0.48
Karachi,2021-08-14,0.0,27.77,77.22,0.48
Karachi,2021-08-15,0.0,27.83,76.68,0.48
Karachi,2021-08-16,0.0,28.03,74.79,0.48
Karachi,2021-08-17,0.0,27.94,73.72,0.48
Karachi,2021-08-18,0.0,27.69,72.28,0.48
Karachi,2021-08-19,0.03,27.74,74.48,0.47
Karachi,2021-08-20,0.05,27.93,76.53,0.47
Karachi,2021-08-21,0.01,28.19,75.18,0.47
Karachi,2021-08-22,0.01,27.69,76.76,0.47
Karachi,2021-08-23,0.03,28.21,76.01,0.47
Karachi,2021-08-24,0.02,27.98,77.38,0.47
Karachi,2021-08-25,0.0,27.83,79.19,0.47
Karachi,2021-08-26,0.0,27.77,79.04,0.47
Karachi,2021-08-27,0.0,28.06,75.61,0.47
Karachi,2021-08-28,0.0,28.15,72.9,0.47
Karachi,2021-08-29,0.13,28.35,72.29,0.47
Karachi,2021-08-30,0.04,28.94,70.03,0.46
Karachi,2021-08-31,0.5,29.24,72.64,0.46
Karachi,2021-09-01,1.01,29.92,72.35,0.47
Karachi,2021-09-02,2.83,30.15,73.67,0.47
Karachi,2021-09-03,24.83,28.69,82.39,0.49
Karachi,2021-09-04,22.0,28.23,82.3,0.55
Karachi,2021-09-05,2.63,28.42,79.88,0.55
Karachi,2021-09-06,0.91,28.65,77.16,0.55
Karachi,2021-09-07,9.38,28.71,80.44,0.55
Karachi,2021-09-08,0.4,28.87,82.24,0.56
Karachi,2021-09-09,5.07,28.11,87.47,0.56
Karachi,2021-09-10,0.37,28.86,81.99,0.56
Karachi,2021-09-11,0.21,28.71,82.64,0.56
Karachi,2021-09-12,0.24,29.29,79.79,0.55
Karachi,2021-09-13,0.04,28.82,78.73,0.55
Karachi,2021-09-14,0.4,30.68,70.81,0.54
Karachi,2021-09-15,1.9,31.69,69.66,0.54
Karachi,2021-09-16,0.86,31.87,70.86,0.54
Karachi,2021-09-17,0.1,30.66,77.01,0.54
Karachi,2021-09-18,0.21,29.93,77.86,0.53
Karachi,2021-09-19,0.07,29.56,79.4,0.53
Karachi,2021-09-20,0.03,29.19,79.53,0.53
Karachi,2021-09-21,0.02,28.76,79.36,0.52
Karachi,2021-09-22,0.03,28.63,78.37,0.52
Karachi,2021-09-23,16.33,28.48,79.75,0.53
Karachi,2021-09-24,10.78,30.21,73.08,0.56
Karachi,2021-09-25,3.5,29.99,75.29,0.56
Karachi,2021-09-26,1.06,30.04,73.63,0.56
Karachi,2021-09-27,3.01,29.98,74.47,0.56
Karachi,2021-09-28,4.64,30.54,74.31,0.56
Karachi,2021-09-29,0.7,31.19,69.51,0.56
Karachi,2021-09-30,7.58,29.52,76.67,0.56
Karachi,2021-10-01,9.76,28.29,84.58,0.58
Karachi,2021-10-02,1.74,27.88,83.46,0.58
Karachi,2021-10-03,0.19,28.06,80.41,0.58
Karachi,2021-10-04,0.02,27.89,70.6,0.57
Karachi,2021-10-05,0.0,26.83,72.06,0.57
Karachi,2021-10-06,0.28,27.63,76.31,0.57
Karachi,2021-10-07,0.57,27.91,78.55,0.56
Karachi,2021-10-08,0.03,27.71,82.54,0.56
Karachi,2021-10-09,0.0,27.06,81.01,0.56
Karachi,2021-10-10,0.0,26.72,80.71,0.55
Karachi,2021-10-11,0.0,27.67,76.39,0.55
Karachi,2021-10-12,0.0,28.1,75.4,0.55
Karachi,2021-10-13,0.0,27.82,68.78,0.54
Karachi,2021-10-14,0.0,27.02,60.29,0.54
Karachi,2021-10-15,0.0,26.47,58.57,0.54
Karachi,2021-10-16,0.0,25.78,61.32,0.53
Karachi,2021-10-17,0.0,26.14,60.3,0.53
Karachi,2021-10-18,0.0,26.12,61.5,0.53
Karachi,2021-10-19,0.0,26.18,61.54,0.52
Karachi,2021-10-20,0.0,25.76,76.34,0.52
Karachi,2021-10-21,0.0,26.35,71.38,0.52
Karachi,2021-10-22,0.0,26.5,71.71,0.52
Karachi,2021-10-23,0.0,26.25,63.92,0.51
Karachi,2021-10-24,0.0,25.73,60.64,0.51
Karachi,2021-10-25,0.0,26.19,51.49,0.51
Karachi,2021-10-26,0.0,25.5,54.45,0.51
Karachi,2021-10-27,0.0,25.82,69.65,0.51
Karachi,2021-10-28,0.0,25.68,60.83,0.5
Karachi,2021-10-29,0.0,26.06,62.28,0.5
Karachi,2021-10-30,0.0,26.55,60.27,0.5
Karachi,2021-10-31,0.0,25.92,66.26,0.5
Karachi,2021-11-01,0.0,26.38,57.71,0.49
Karachi,2021-11-02,0.0,25.99,63.36,0.49
Karachi,2021-11-03,0.0,26.09,48.98,0.49
Karachi,2021-11-04,0.0,25.73,46.59,0.49
Karachi,2021-11-05,0.0,25.43,61.02,0.48
Karachi,2021-11-06,0.0,25.87,62.95,0.48
Karachi,2021-11-07,0.0,26.41,51.95,0.48
Karachi,2021-11-08,0.0,27.08,42.42,0.48
Karachi,2021-11-09,0.0,27.14,39.72,0.48
Karachi,2021-11-10,0.0,26.47,45.83,0.48
Karachi,2021-11-11,0.0,26.42,47.1,0.47
Karachi,2021-11-12,0.0,26.23,46.78,0.47
Karachi,2021-11-13,0.0,25.57,56.02,0.47
Karachi,2021-11-14,0.0,24.96,56.85,0.47
Karachi,2021-11-15,0.0,25.22,37.46,0.47
Karachi,2021-11-16,0.0,24.96,30.81,0.47
Karachi,2021-11-17,0.0,24.17,32.4,0.47
Karachi,2021-11-18,0.0,24.21,31.81,0.47
Karachi,2021-11-19,0.0,23.6,31.41,0.47
Karachi,2021-11-20,0.03,23.63,33.1,0.47
Karachi,2021-11-21,0.0,23.87,36.36,0.47
Karachi,2021-11-22,0.0,24.43,35.69,0.46
Karachi,2021-11-23,0.0,23.57,53.56,0.46
Karachi,2021-11-24,0.0,24.39,68.23,0.46
Karachi,2021-11-25,0.0,24.87,66.28,0.46
Karachi,2021-11-26,0.0,24.7,54.66,0.46
Karachi,2021-11-27,0.0,24.06,49.08,0.46
Karachi,2021-11-28,0.0,24.17,39.49,0.46
Karachi,2021-11-29,0.0,24.18,39.16,0.46
Karachi,2021-11-30,0.0,23.95,38.53,0.46
Karachi,2021-12-01,0.0,23.81,36.95,0.46
Karachi,2021-12-02,0.0,22.9,42.88,0.46
Karachi,2021-12-03,0.0,22.86,38.41,0.46
Karachi,2021-12-04,0.0,22.56,40.37,0.46
Karachi,2021-12-05,0.0,22.61,67.21,0.46
Karachi,2021-12-06,0.0,22.85,46.94,0.46
Karachi,2021-12-07,0.0,22.09,36.83,0.46
Karachi,2021-12-08,0.0,21.77,37.67,0.46
Karachi,2021-12-09,0.0,21.45,34.38,0.46
Karachi,2021-12-10,0.0,21.27,34.41,0.46
Karachi,2021-12-11,0.0,20.81,35.02,0.46
Karachi,2021-12-12,0.0,20.66,49.73,0.46
Karachi,2021-12-13,0.0,21.33,50.88,0.46
Karachi,2021-12-14,0.0,21.08,33.4,0.46
Karachi,2021-12-15,0.0,19.74,39.74,0.46
Karachi,2021-12-16,0.0,18.56,29.83,0.46
Karachi,2021-12-17,0.0,18.5,25.7,0.46
Karachi,2021-12-18,0.0,18.84,25.31,0.46
Karachi,2021-12-19,0.0,19.51,29.49,0.46
Karachi,2021-12-20,0.0,20.48,67.63,0.46
Karachi,2021-12-21,0.0,21.78,81.88,0.46
Karachi,2021-12-22,0.13,21.98,80.53,0.46
Karachi,2021-12-23,0.11,22.94,74.97,0.46
Karachi,2021-12-24,0.23,23.1,74.78,0.46
Karachi,2021-12-25,0.04,22.44,64.39,0.46
Karachi,2021-12-26,2.23,22.81,79.96,0.46
Karachi,2021-12-27,12.39,20.96,73.5,0.47
Karachi,2021-12-28,0.37,19.22,68.38,0.49
Karachi,2021-12-29,0.0,18.55,54.6,0.48
Karachi,2021-12-30,0.0,18.54,53.34,0.48
Karachi,2021-12-31,0.0,19.07,44.74,0.48
Karachi,2022-01-01,0.0,18.98,40.56,0.48
Karachi,2022-01-02,0.0,19.8,42.44,0.48
Karachi,2022-01-03,0.0,20.7,47.57,0.47
Karachi,2022-01-04,22.23,21.18,70.29,0.48
Karachi,2022-01-05,5.23,20.43,75.81,0.53
Karachi,2022-01-06,2.74,18.69,75.53,0.53
Karachi,2022-01-07,7.14,18.99,65.61,0.54
Karachi,2022-01-08,0.09,17.02,57.82,0.54
Karachi,2022-01-09,0.0,16.81,54.03,0.53
Karachi,2022-01-10,0.0,16.5,56.49,0.53
Karachi,2022-01-11,0.0,17.0,51.84,0.53
Karachi,2022-01-12,0.0,17.0,59.78,0.53
Karachi,2022-01-13,0.0,17.75,62.31,0.53
Karachi,2022-01-14,0.0,18.24,51.07,0.52
Karachi,2022-01-15,0.0,17.67,52.24,0.52
Karachi,2022-01-16,0.0,18.25,52.65,0.52
Karachi,2022-01-17,0.0,19.68,51.13,0.52
Karachi,2022-01-18,0.0,20.13,55.05,0.51
Karachi,2022-01-19,0.0,20.62,75.45,0.51
Karachi,2022-01-20,0.0,22.12,79.44,0.51
Karachi,2022-01-21,0.09,22.06,75.42,0.51
Karachi,2022-01-22,0.0,16.11,41.6,0.51
Karachi,2022-01-23,0.0,14.81,47.74,0.5
Karachi,2022-01-24,0.0,16.6,41.66,0.5
Karachi,2022-01-25,0.0,17.02,50.35,0.5
Karachi,2022-01-26,0.0,17.48,53.51,0.5
Karachi,2022-01-27,0.0,18.1,48.32,0.5
Karachi,2022-01-28,0.0,18.1,64.38,0.5
Karachi,2022-01-29,0.0,19.36,77.01,0.49
Karachi,2022-01-30,0.0,20.7,84.1,0.49
Karachi,2022-01-31,0.0,21.34,74.72,0.49
Karachi,2022-02-01,0.0,21.29,61.54,0.49
Karachi,2022-02-02,0.0,21.26,67.58,0.49
Karachi,2022-02-03,0.0,19.53,49.3,0.48
Karachi,2022-02-04,0.0,19.1,43.36,0.48
Karachi,2022-02-05,0.0,19.67,65.96,0.48
Karachi,2022-02-06,0.01,20.41,76.88,0.48
Karachi,2022-02-07,0.33,21.33,80.41,0.48
Karachi,2022-02-08,0.35,21.04,74.96,0.48
Karachi,2022-02-09,0.0,21.06,61.91,0.48
Karachi,2022-02-10,0.0,20.69,56.25,0.47
Karachi,2022-02-11,0.0,20.24,49.99,0.47
Karachi,2022-02-12,0.0,19.82,59.15,0.47
Karachi,2022-02-13,0.0,19.62,73.96,0.47
Karachi,2022-02-14,0.0,20.66,67.68,0.47
Karachi,2022-02-15,0.0,21.83,60.95,0.47
Karachi,2022-02-16,0.0,22.25,56.41,0.47
Karachi,2022-02-17,0.0,21.86,58.29,0.46
Karachi,2022-02-18,0.0,21.83,65.42,0.46
Karachi,2022-02-19,0.0,22.27,61.92,0.46
Karachi,2022-02-20,0.0,23.0,60.1,0.46
Karachi,2022-02-21,0.0,23.02,67.84,0.46
Karachi,2022-02-22,0.0,22.84,78.68,0.46
Karachi,2022-02-23,0.0,22.91,62.83,0.46
Karachi,2022-02-24,0.0,23.03,65.22,0.46
Karachi,2022-02-25,0.0,22.45,72.75,0.46
Karachi,2022-02-26,0.0,23.85,57.82,0.46
Karachi,2022-02-27,0.0,23.44,43.04,0.46
Karachi,2022-02-28,0.0,23.79,46.22,0.46
Karachi,2022-03-01,0.01,23.43,66.55,0.46
Karachi,2022-03-02,0.08,23.75,67.71,0.46
Karachi,2022-03-03,0.0,23.62,56.19,0.46
Karachi,2022-03-04,0.0,24.35,63.16,0.46
Karachi,2022-03-05,0.0,24.46,53.68,0.46
Karachi,2022-03-06,0.0,22.72,64.8,0.46
Karachi,2022-03-07,0.0,23.92,73.89,0.46
Karachi,2022-03-08,0.0,25.75,56.04,0.46
Karachi,2022-03-09,0.0,25.51,53.1,0.46
Karachi,2022-03-10,0.0,25.63,66.96,0.46
Karachi,2022-03-11,0.0,26.8,58.22,0.46
Karachi,2022-03-12,0.0,26.43,60.11,0.46
Karachi,2022-03-13,0.0,26.28,69.76,0.46
Karachi,2022-03-14,0.0,25.86,72.78,0.46
Karachi,2022-03-15,0.0,25.85,75.95,0.46
Karachi,2022-03-16,0.0,25.79,77.81,0.46
Karachi,2022-03-17,0.0,25.84,74.72,0.46
Karachi,2022-03-18,0.0,26.16,78.18,0.46
Karachi,2022-03-19,0.0,26.73,69.41,0.46
Karachi,2022-03-20,0.0,25.45,66.58,0.46
Karachi,2022-03-21,0.0,24.5,75.77,0.46
Karachi,2022-03-22,0.0,23.57,75.34,0.46
Karachi,2022-03-23,0.0,24.74,75.96,0.46
Karachi,2022-03-24,0.0,25.77,74.32,0.46
Karachi,2022-03-25,0.0,27.07,66.2,0.46
Karachi,2022-03-26,0.0,26.96,64.48,0.46
Karachi,2022-03-27,0.0,27.21,66.17,0.46
Karachi,2022-03-28,0.0,26.44,77.39,0.46
Karachi,2022-03-29,0.0,26.46,73.26,0.46
Karachi,2022-03-30,0.0,27.19,60.99,0.46
Karachi,2022-03-31,0.0,27.85,49.25,0.46
Karachi,2022-04-01,0.0,27.97,49.88,0.46
Karachi,2022-04-02,0.0,27.32,65.63,0.46
Karachi,2022-04-03,0.0,26.98,71.42,0.46
Karachi,2022-04-04,0.0,26.75,74.95,0.46
Karachi,2022-04-05,0.0,27.55,72.92,0.46
Karachi,2022-04-06,0.0,28.55,67.16,0.46
Karachi,2022-04-07,0.0,28.99,65.43,0.46
Karachi,2022-04-08,0.0,28.65,67.17,0.46
Karachi,2022-04-09,0.0,27.86,74.43,0.46
Karachi,2022-04-10,0.0,28.17,72.81,0.46
Karachi,2022-04-11,0.0,27.41,80.94,0.46
Karachi,2022-04-12,0.0,27.16,78.86,0.46
Karachi,2022-04-13,0.0,27.28,79.18,0.46
Karachi,2022-04-14,0.0,27.98,75.51,0.46
Karachi,2022-04-15,0.0,28.62,72.04,0.46
Karachi,2022-04-16,0.05,28.49,79.47,0.46
Karachi,2022-04-17,0.09,28.26,80.5,0.46
Karachi,2022-04-18,0.13,27.99,80.78,0.46
Karachi,2022-04-19,0.13,27.96,79.59,0.46
Karachi,2022-04-20,0.08,28.13,75.14,0.46
Karachi,2022-04-21,0.01,29.05,68.65,0.46
Karachi,2022-04-22,0.0,28.62,69.35,0.46
Karachi,2022-04-23,0.0,28.59,72.4,0.46
Karachi,2022-04-24,0.0,28.62,71.26,0.46
Karachi,2022-04-25,0.0,28.52,74.48,0.46
Karachi,2022-04-26,0.0,29.57,75.69,0.46
Karachi,2022-04-27,0.0,29.51,75.41,0.46
Karachi,2022-04-28,0.0,29.61,77.31,0.46
Karachi,2022-04-29,0.0,29.99,75.43,0.46
Karachi,2022-04-30,0.0,30.98,66.31,0.46
Karachi,2022-05-01,0.0,29.91,75.78,0.46
Karachi,2022-05-02,0.0,29.36,71.82,0.46
Karachi,2022-05-03,0.0,29.2,78.62,0.46
Karachi,2022-05-04,0.0,28.51,76.47,0.46
Karachi,2022-05-05,0.0,28.18,76.0,0.46
Karachi,2022-05-06,0.0,28.45,72.71,0.46
Karachi,2022-05-07,0.0,28.14,79.71,0.46
Karachi,2022-05-08,0.0,28.52,78.7,0.46
Karachi,2022-05-09,0.0,29.13,77.88,0.46
Karachi,2022-05-10,0.0,30.3,75.91,0.46
Karachi,2022-05-11,0.0,30.48,72.67,0.46
Karachi,2022-05-12,0.0,30.63,71.65,0.46
Karachi,2022-05-13,0.0,31.3,63.25,0.46
Karachi,2022-05-14,0.0,30.71,69.53,0.46
Karachi,2022-05-15,0.0,29.81,74.25,0.46
Karachi,2022-05-16,0.0,30.78,63.25,0.46
Karachi,2022-05-17,0.0,30.41,65.58,0.46
Karachi,2022-05-18,0.0,29.86,74.67,0.46
Karachi,2022-05-19,0.0,29.37,79.18,0.46
Karachi,2022-05-20,0.0,29.06,79.68,0.46
Karachi,2022-05-21,0.0,29.27,79.12,0.46
Karachi,2022-05-22,0.0,29.39,79.81,0.46
Karachi,2022-05-23,0.0,31.16,64.29,0.46
Karachi,2022-05-24,0.0,29.8,73.8,0.46
Karachi,2022-05-25,0.0,29.42,76.5,0.46
Karachi,2022-05-26,0.0,29.29,77.55,0.46
Karachi,2022-05-27,0.0,29.12,80.94,0.46
Karachi,2022-05-28,0.0,29.3,80.44,0.46
Karachi,2022-05-29,0.0,29.41,78.31,0.46
Karachi,2022-05-30,0.0,29.31,79.92,0.46
Karachi,2022-05-31,0.0,28.93,80.36,0.46
Karachi,2022-06-01,0.0,29.45,77.27,0.46
Karachi,2022-06-02,0.0,29.72,72.65,0.46
Karachi,2022-06-03,0.0,29.28,73.4,0.46
Karachi,2022-06-04,0.0,28.73,77.65,0.46
Karachi,2022-06-05,0.0,28.7,80.54,0.46
Karachi,2022-06-06,0.0,28.77,78.88,0.46
Karachi,2022-06-07,0.0,28.59,77.85,0.46
Karachi,2022-06-08,0.0,28.42,78.19,0.46
Karachi,2022-06-09,0.0,28.7,80.15,0.46
Karachi,2022-06-10,0.03,29.16,77.99,0.46
Karachi,2022-06-11,0.03,29.38,76.36,0.46
Karachi,2022-06-12,0.02,29.72,74.76,0.46
Karachi,2022-06-13,0.01,29.78,76.93,0.46
Karachi,2022-06-14,0.01,30.29,73.42,0.46
Karachi,2022-06-15,0.02,30.19,74.88,0.46
Karachi,2022-06-16,0.01,30.23,74.41,0.46
Karachi,2022-06-17,0.01,30.5,74.83,0.46
Karachi,2022-06-18,0.01,30.27,77.1,0.46
Karachi,2022-06-19,0.01,30.13,75.85,0.46
Karachi,2022-06-20,1.73,29.47,78.14,0.46
Karachi,2022-06-21,1.43,29.92,74.15,0.46
Karachi,2022-06-22,8.59,29.82,75.78,0.46
Karachi,2022-06-23,7.43,30.56,71.3,0.49
Karachi,2022-06-24,2.41,29.73,79.98,0.49
Karachi,2022-06-25,0.1,29.59,78.93,0.49
Karachi,2022-06-26,0.0,30.6,76.65,0.48
Karachi,2022-06-27,0.0,30.55,78.07,0.48
Karachi,2022-06-28,0.0,30.57,76.77,0.48
Karachi,2022-06-29,0.0,30.38,76.47,0.47
Karachi,2022-06-30,0.12,30.9,76.98,0.47
Karachi,2022-07-01,0.46,30.65,78.1,0.47
Karachi,2022-07-02,2.5,30.42,77.97,0.48
Karachi,2022-07-03,0.24,30.61,75.27,0.47
Karachi,2022-07-04,3.37,30.18,79.94,0.48
Karachi,2022-07-05,3.18,30.85,76.56,0.48
Karachi,2022-07-06,29.46,29.62,83.81,0.51
Karachi,2022-07-07,17.87,30.35,80.64,0.55
Karachi,2022-07-08,19.87,28.97,85.47,0.58
Karachi,2022-07-09,49.37,29.22,84.02,0.65
Karachi,2022-07-10,31.06,29.03,85.21,0.69
Karachi,2022-07-11,19.75,28.92,86.64,0.72
Karachi,2022-07-12,11.67,29.47,84.23,0.74
Karachi,2022-07-13,6.75,29.69,85.02,0.74
Karachi,2022-07-14,5.71,30.6,81.69,0.74
Karachi,2022-07-15,8.56,30.1,81.02,0.75
Karachi,2022-07-16,12.45,29.3,85.0,0.76
Karachi,2022-07-17,16.53,30.66,80.27,0.77
Karachi,2022-07-18,7.39,29.3,83.34,0.78
Karachi,2022-07-19,1.72,29.43,82.58,0.78
Karachi,2022-07-20,2.84,29.56,84.01,0.77
Karachi,2022-07-21,3.02,29.04,85.82,0.77
Karachi,2022-07-22,6.46,29.3,85.74,0.77
Karachi,2022-07-23,4.95,28.72,87.91,0.77
Karachi,2022-07-24,91.93,27.77,91.09,0.81
Karachi,2022-07-25,21.13,27.99,88.29,0.86
Karachi,2022-07-26,9.55,28.14,84.44,0.87
Karachi,2022-07-27,1.43,28.24,84.06,0.87
Karachi,2022-07-28,2.67,28.0,85.63,0.86
Karachi,2022-07-29,1.18,28.23,83.29,0.85
Karachi,2022-07-30,2.37,27.88,84.1,0.85
Karachi,2022-07-31,4.98,27.81,87.5,0.85
Karachi,2022-08-01,1.66,28.32,87.22,0.84
Karachi,2022-08-02,0.36,28.34,84.25,0.84
Karachi,2022-08-03,0.08,28.4,85.02,0.83
Karachi,2022-08-04,0.16,28.07,87.12,0.82
Karachi,2022-08-05,1.01,28.38,87.24,0.81
Karachi,2022-08-06,3.36,28.2,87.68,0.81
Karachi,2022-08-07,5.48,28.69,86.75,0.81
Karachi,2022-08-08,3.69,28.89,88.97,0.81
Karachi,2022-08-09,2.85,29.02,89.17,0.81
Karachi,2022-08-10,36.41,29.58,88.28,0.83
Karachi,2022-08-11,29.29,29.41,89.95,0.88
Karachi,2022-08-12,12.88,29.17,88.53,0.9
Karachi,2022-08-13,11.93,27.85,85.99,0.91
Karachi,2022-08-14,6.31,28.69,83.73,0.9
Karachi,2022-08-15,4.5,28.59,88.93,0.9
Karachi,2022-08-16,9.28,28.23,90.76,0.91
Karachi,2022-08-17,38.99,27.6,90.17,0.92
Karachi,2022-08-18,24.36,27.36,90.49,0.95
Karachi,2022-08-19,12.28,27.53,90.55,0.96
Karachi,2022-08-20,3.77,27.65,87.74,0.96
Karachi,2022-08-21,3.66,27.89,85.9,0.95
Karachi,2022-08-22,2.02,27.74,84.66,0.94
Karachi,2022-08-23,0.97,28.0,85.91,0.93
Karachi,2022-08-24,41.34,27.41,90.24,0.95
Karachi,2022-08-25,13.82,27.32,87.32,0.97
Karachi,2022-08-26,1.68,27.13,82.77,0.96
Karachi,2022-08-27,0.43,26.96,83.28,0.95
Karachi,2022-08-28,0.23,27.15,84.11,0.94
Karachi,2022-08-29,0.55,27.4,84.03,0.94
Karachi,2022-08-30,4.41,27.24,85.21,0.93
Karachi,2022-08-31,5.9,27.31,86.05,0.93
Karachi,2022-09-01,2.66,27.53,85.44,0.93
Karachi,2022-09-02,0.92,27.79,83.7,0.92
Karachi,2022-09-03,0.4,27.61,83.67,0.91
Karachi,2022-09-04,0.0,27.27,85.46,0.9
Karachi,2022-09-05,0.0,27.11,83.25,0.9
Karachi,2022-09-06,0.0,27.1,81.77,0.89
Karachi,2022-09-07,0.0,27.3,80.41,0.88
Karachi,2022-09-08,0.0,27.82,81.09,0.87
Karachi,2022-09-09,0.33,28.96,81.25,0.86
Karachi,2022-09-10,0.7,28.62,85.41,0.86
Karachi,2022-09-11,0.69,28.11,88.79,0.85
Karachi,2022-09-12,14.54,28.04,87.79,0.85
Karachi,2022-09-13,10.0,28.52,84.72,0.87
Karachi,2022-09-14,3.33,28.69,84.73,0.87
Karachi,2022-09-15,0.24,27.9,88.24,0.86
Karachi,2022-09-16,0.26,27.18,85.85,0.85
Karachi,2022-09-17,0.29,27.43,83.83,0.85
Karachi,2022-09-18,0.02,27.81,81.84,0.84
Karachi,2022-09-19,0.0,27.49,80.83,0.83
Karachi,2022-09-20,0.0,27.09,82.73,0.82
Karachi,2022-09-21,0.0,27.27,82.43,0.82
Karachi,2022-09-22,0.0,27.23,83.2,0.81
Karachi,2022-09-23,0.0,26.97,84.36,0.8
Karachi,2022-09-24,0.0,26.78,84.71,0.79
Karachi,2022-09-25,0.0,26.95,84.82,0.79
Karachi,2022-09-26,0.0,26.84,81.48,0.78
Karachi,2022-09-27,0.0,26.77,81.42,0.77
Karachi,2022-09-28,0.0,26.93,82.7,0.77
Karachi,2022-09-29,0.0,27.29,79.48,0.76
Karachi,2022-09-30,0.0,26.82,78.66,0.75
Karachi,2022-10-01,0.0,26.62,81.22,0.75
Karachi,2022-10-02,0.0,26.71,81.35,0.74
Karachi,2022-10-03,0.0,27.06,80.33,0.73
Karachi,2022-10-04,0.0,27.34,82.06,0.73
Karachi,2022-10-05,0.0,27.35,82.73,0.72
Karachi,2022-10-06,0.0,26.89,79.92,0.72
Karachi,2022-10-07,0.0,27.24,77.81,0.71
Karachi,2022-10-08,0.0,28.73,64.24,0.7
Karachi,2022-10-09,0.0,28.01,62.83,0.7
Karachi,2022-10-10,0.0,26.88,72.38,0.69
Karachi,2022-10-11,0.0,26.06,65.62,0.69
Karachi,2022-10-12,0.0,25.86,71.29,0.68
Karachi,2022-10-13,0.0,25.56,66.68,0.68
Karachi,2022-10-14,0.0,25.41,72.67,0.67
Karachi,2022-10-15,0.0,25.46,71.62,0.67
Karachi,2022-10-16,0.0,26.04,72.68,0.66
Karachi,2022-10-17,0.0,26.08,72.28,0.66
Karachi,2022-10-18,0.0,26.06,78.39,0.65
Karachi,2022-10-19,0.0,26.03,79.37,0.65
Karachi,2022-10-20,0.0,26.27,80.58,0.64
Karachi,2022-10-21,0.0,27.25,69.62,0.64
Karachi,2022-10-22,0.0,27.83,56.06,0.64
Karachi,2022-10-23,0.0,27.01,60.26,0.63
Karachi,2022-10-24,0.0,26.28,75.24,0.63
Karachi,2022-10-25,0.0,26.24,81.15,0.62
Karachi,2022-10-26,0.0,26.81,81.38,0.62
Karachi,2022-10-27,0.0,26.9,79.22,0.62
Karachi,2022-10-28,0.0,26.68,75.37,0.61
Karachi,2022-10-29,0.0,26.21,73.5,0.61
Karachi,2022-10-30,0.0,26.14,70.96,0.61
Karachi,2022-10-31,0.0,26.05,74.85,0.6
Karachi,2022-11-01,0.0,26.47,79.68,0.6
Karachi,2022-11-02,0.0,26.3,79.88,0.6
Karachi,2022-11-03,0.0,26.03,79.41,0.59
Karachi,2022-11-04,0.0,26.32,74.22,0.59
Karachi,2022-11-05,0.0,25.94,73.13,0.59
Karachi,2022-11-06,0.0,26.02,75.35,0.58
Karachi,2022-11-07,1.94,24.77,76.39,0.58
Karachi,2022-11-08,1.11,24.73,70.53,0.58
Karachi,2022-11-09,0.0,25.25,68.2,0.58
Karachi,2022-11-10,0.18,25.73,74.45,0.58
Karachi,2022-11-11,0.46,26.47,66.63,0.58
Karachi,2022-11-12,0.0,25.83,66.44,0.57
Karachi,2022-11-13,0.0,25.52,78.68,0.57
Karachi,2022-11-14,0.0,26.47,77.37,0.57
Karachi,2022-11-15,0.0,24.94,56.57,0.56
Karachi,2022-11-16,0.0,24.38,64.25,0.56
Karachi,2022-11-17,0.0,24.82,72.83,0.56
Karachi,2022-11-18,0.0,24.98,69.13,0.56
Karachi,2022-11-19,0.0,25.2,64.59,0.55
Karachi,2022-11-20,0.0,25.21,67.86,0.55
Karachi,2022-11-21,0.0,24.79,63.38,0.55
Karachi,2022-11-22,0.0,25.13,54.01,0.55
Karachi,2022-11-23,0.0,24.15,51.51,0.54
Karachi,2022-11-24,0.0,23.59,58.59,0.54
Karachi,2022-11-25,0.0,24.03,64.48,0.54
Karachi,2022-11-26,0.0,23.48,62.98,0.54
Karachi,2022-11-27,0.0,23.35,59.76,0.53
Karachi,2022-11-28,0.0,23.74,46.94,0.53
Karachi,2022-11-29,0.0,22.89,48.2,0.53
Karachi,2022-11-30,0.0,22.68,47.04,0.53
Karachi,2022-12-01,0.0,22.73,40.95,0.52
Karachi,2022-12-02,0.0,22.3,54.75,0.52
Karachi,2022-12-03,0.0,22.09,57.41,0.52
Karachi,2022-12-04,0.0,22.18,47.46,0.52
Karachi,2022-12-05,0.0,22.63,65.87,0.52
Karachi,2022-12-06,0.0,22.68,59.46,0.51
Karachi,2022-12-07,0.0,22.91,54.97,0.51
Karachi,2022-12-08,0.0,23.36,68.93,0.51
Karachi,2022-12-09,0.0,23.15,60.18,0.51
Karachi,2022-12-10,0.0,22.01,51.77,0.51
Karachi,2022-12-11,0.0,21.91,50.09,0.5
Karachi,2022-12-12,0.0,22.36,51.1,0.5
Karachi,2022-12-13,0.0,21.87,52.9,0.5
Karachi,2022-12-14,0.0,21.73,50.21,0.5
Karachi,2022-12-15,0.0,21.96,48.74,0.49
Karachi,2022-12-16,0.0,21.74,56.29,0.49
Karachi,2022-12-17,0.0,22.4,47.88,0.49
Karachi,2022-12-18,0.0,23.57,49.63,0.49
Karachi,2022-12-19,0.0,22.61,43.25,0.49
Karachi,2022-12-20,0.0,21.39,44.0,0.49
Karachi,2022-12-21,0.0,20.01,45.6,0.48
Karachi,2022-12-22,0.0,20.32,40.1,0.48
Karachi,2022-12-23,0.0,19.69,45.23,0.48
Karachi,2022-12-24,0.0,19.3,43.63,0.48
Karachi,2022-12-25,0.0,19.95,36.7,0.48
Karachi,2022-12-26,0.0,20.09,39.61,0.48
Karachi,2022-12-27,0.0,20.14,36.25,0.48
Karachi,2022-12-28,0.0,21.52,43.43,0.48
Karachi,2022-12-29,0.08,22.54,69.7,0.47
Karachi,2022-12-30,0.0,19.68,42.64,0.47
Karachi,2022-12-31,0.0,19.4,47.23,0.47
Karachi,2023-01-01,0.0,20.75,59.11,0.47
Karachi,2023-01-02,0.0,20.75,48.15,0.47
Karachi,2023-01-03,0.0,18.88,32.87,0.47
Karachi,2023-01-04,0.0,18.07,37.09,0.47
Karachi,2023-01-05,0.0,17.27,39.78,0.47
Karachi,2023-01-06,0.0,17.71,38.17,0.47
Karachi,2023-01-07,0.0,19.24,35.11,0.47
Karachi,2023-01-08,0.0,20.3,35.05,0.47
Karachi,2023-01-09,0.0,21.76,61.61,0.46
Karachi,2023-01-10,0.0,21.31,67.63,0.46
Karachi,2023-01-11,0.02,22.1,72.7,0.46
Karachi,2023-01-12,0.0,18.61,35.54,0.46
Karachi,2023-01-13,0.0,16.41,30.15,0.46
Karachi,2023-01-14,0.0,16.79,26.72,0.46
Karachi,2023-01-15,0.0,16.47,38.67,0.46
Karachi,2023-01-16,0.0,17.63,37.67,0.46
Karachi,2023-01-17,0.0,18.83,26.95,0.46
Karachi,2023-01-18,0.0,19.63,31.08,0.46
Karachi,2023-01-19,0.02,19.48,33.73,0.46
Karachi,2023-01-20,0.0,17.93,56.11,0.46
Karachi,2023-01-21,0.0,17.92,50.27,0.46
Karachi,2023-01-22,0.0,17.41,42.36,0.46
Karachi,2023-01-23,0.0,17.03,35.18,0.46
Karachi,2023-01-24,0.0,16.15,37.06,0.46
Karachi,2023-01-25,0.0,15.58,31.67,0.46
Karachi,2023-01-26,0.0,16.55,28.69,0.46
Karachi,2023-01-27,0.0,17.39,29.82,0.46
Karachi,2023-01-28,0.0,18.08,27.79,0.46
Karachi,2023-01-29,0.0,18.7,43.59,0.46
Karachi,2023-01-30,0.0,18.84,42.45,0.46
Karachi,2023-01-31,0.0,18.63,41.83,0.46
Karachi,2023-02-01,0.0,18.74,43.73,0.46
Karachi,2023-02-02,0.0,19.65,43.85,0.46
Karachi,2023-02-03,0.0,20.19,56.92,0.46
Karachi,2023-02-04,0.0,21.23,70.74,0.46
Karachi,2023-02-05,0.0,20.94,81.99,0.46
Karachi,2023-02-06,0.0,22.57,68.24,0.46
Karachi,2023-02-07,0.0,21.41,64.15,0.46
Karachi,2023-02-08,0.0,21.19,72.54,0.46
Karachi,2023-02-09,0.0,21.32,82.55,0.46
Karachi,2023-02-10,0.0,22.21,77.35,0.46
Karachi,2023-02-11,0.0,22.29,55.77,0.46
Karachi,2023-02-12,0.0,22.0,36.02,0.46
Karachi,2023-02-13,0.0,21.42,36.38,0.46
Karachi,2023-02-14,0.0,22.14,68.11,0.46
Karachi,2023-02-15,0.0,22.73,70.91,0.46
Karachi,2023-02-16,0.0,22.74,68.28,0.46
Karachi,2023-02-17,0.0,23.2,73.08,0.46
Karachi,2023-02-18,0.0,23.31,67.39,0.46
Karachi,2023-02-19,0.0,23.09,76.74,0.46
Karachi,2023-02-20,0.0,23.31,79.95,0.46
Karachi,2023-02-21,0.0,23.89,70.64,0.46
Karachi,2023-02-22,0.0,22.55,78.23,0.46
Karachi,2023-02-23,0.0,22.94,76.51,0.46
Karachi,2023-02-24,0.0,22.73,75.32,0.46
Karachi,2023-02-25,0.0,22.86,72.11,0.46
Karachi,2023-02-26,0.02,23.45,77.47,0.46
Karachi,2023-02-27,0.08,23.44,75.47,0.46
Karachi,2023-02-28,0.12,23.67,77.71,0.46
Karachi,2023-03-01,0.09,24.57,68.5,0.46
Karachi,2023-03-02,0.02,24.78,50.42,0.46
Karachi,2023-03-03,0.01,26.11,45.69,0.46
Karachi,2023-03-04,0.0,26.22,48.05,0.46
Karachi,2023-03-05,0.0,26.29,51.38,0.46
Karachi,2023-03-06,0.0,26.2,52.17,0.46
Karachi,2023-03-07,0.04,25.56,62.08,0.46
Karachi,2023-03-08,0.0,25.61,63.8,0.46
Karachi,2023-03-09,0.0,25.87,54.66,0.46
Karachi,2023-03-10,0.0,25.96,57.37,0.46
Karachi,2023-03-11,0.0,25.06,62.17,0.46
Karachi,2023-03-12,0.0,25.28,64.57,0.46
Karachi,2023-03-13,0.0,25.49,58.83,0.46
Karachi,2023-03-14,0.0,25.19,69.01,0.46
Karachi,2023-03-15,0.0,25.95,72.58,0.46
Karachi,2023-03-16,0.01,25.34,74.64,0.46
Karachi,2023-03-17,0.13,26.11,67.85,0.46
Karachi,2023-03-18,0.18,26.13,62.71,0.46
Karachi,2023-03-19,0.23,25.86,56.73,0.46
Karachi,2023-03-20,0.18,25.65,62.35,0.46
Karachi,2023-03-21,0.3,24.72,68.56,0.46
Karachi,2023-03-22,0.46,24.35,75.68,0.46
Karachi,2023-03-23,2.66,24.9,71.16,0.46
Karachi,2023-03-24,0.0,24.69,61.0,0.46
Karachi,2023-03-25,0.0,25.25,58.33,0.46
Karachi,2023-03-26,0.0,25.42,62.34,0.46
Karachi,2023-03-27,0.0,25.22,63.25,0.46
Karachi,2023-03-28,0.06,25.19,68.32,0.46
Karachi,2023-03-29,0.56,25.28,70.55,0.46
Karachi,2023-03-30,0.59,25.35,66.28,0.46
Karachi,2023-03-31,0.29,25.79,71.26,0.46
Karachi,2023-04-01,0.0,25.68,70.29,0.46
Karachi,2023-04-02,0.02,24.88,75.58,0.46
Karachi,2023-04-03,0.16,26.04,73.27,0.46
Karachi,2023-04-04,0.03,24.77,65.21,0.46
Karachi,2023-04-05,0.0,24.28,65.8,0.46
Karachi,2023-04-06,0.0,25.77,65.48,0.46
Karachi,2023-04-07,0.0,26.45,65.45,0.46
Karachi,2023-04-08,0.0,27.03,61.86,0.46
Karachi,2023-04-09,0.0,26.84,67.1,0.46
Karachi,2023-04-10,0.0,27.0,68.75,0.46
Karachi,2023-04-11,0.01,26.95,70.29,0.46
Karachi,2023-04-12,0.01,27.94,65.58,0.46
Karachi,2023-04-13,0.0,27.86,70.83,0.46
Karachi,2023-04-14,0.0,27.76,74.53,0.46
Karachi,2023-04-15,0.02,27.97,75.76,0.46
Karachi,2023-04-16,0.01,27.82,77.75,0.46
Karachi,2023-04-17,0.02,27.44,76.79,0.46
Karachi,2023-04-18,0.02,27.73,69.11,0.46
Karachi,2023-04-19,0.0,28.1,54.97,0.46
Karachi,2023-04-20,0.0,27.58,60.45,0.46
Karachi,2023-04-21,0.01,27.94,60.9,0.46
Karachi,2023-04-22,0.02,28.34,67.38,0.46
Karachi,2023-04-23,0.04,28.95,69.27,0.46
Karachi,2023-04-24,0.12,27.45,74.1,0.46
Karachi,2023-04-25,0.01,28.54,57.29,0.46
Karachi,2023-04-26,0.07,28.01,56.5,0.46
Karachi,2023-04-27,0.9,26.91,73.56,0.46
Karachi,2023-04-28,2.77,26.78,76.69,0.46
Karachi,2023-04-29,2.87,27.04,64.21,0.47
Karachi,2023-04-30,5.38,27.41,61.01,0.47
Karachi,2023-05-01,4.34,27.26,69.39,0.48
Karachi,2023-05-02,0.26,28.45,69.19,0.48
Karachi,2023-05-03,0.1,28.55,71.89,0.48
Karachi,2023-05-04,0.03,28.51,68.86,0.47
Karachi,2023-05-05,0.04,28.6,67.8,0.47
Karachi,2023-05-06,0.01,28.84,69.0,0.47
Karachi,2023-05-07,0.0,28.69,74.56,0.47
Karachi,2023-05-08,0.0,29.52,69.1,0.46
Karachi,2023-05-09,0.0,29.33,73.8,0.46
Karachi,2023-05-10,0.0,29.17,71.74,0.46
Karachi,2023-05-11,0.0,29.42,72.86,0.46
Karachi,2023-05-12,0.0,30.04,71.05,0.46
Karachi,2023-05-13,0.0,30.14,74.11,0.46
Karachi,2023-05-14,0.02,30.09,77.19,0.46
Karachi,2023-05-15,0.04,29.53,78.81,0.46
Karachi,2023-05-16,0.02,29.56,80.31,0.46
Karachi,2023-05-17,0.02,29.78,78.89,0.46
Karachi,2023-05-18,0.01,29.77,76.58,0.46
Karachi,2023-05-19,0.0,29.62,76.03,0.46
Karachi,2023-05-20,0.0,29.32,75.04,0.46
Karachi,2023-05-21,0.01,29.59,76.47,0.46
Karachi,2023-05-22,0.01,29.39,80.93,0.46
Karachi,2023-05-23,0.02,29.45,82.37,0.46
Karachi,2023-05-24,0.03,29.86,80.41,0.46
Karachi,2023-05-25,0.02,30.5,78.59,0.46
Karachi,2023-05-26,0.1,30.03,80.36,0.46
Karachi,2023-05-27,0.26,30.09,80.52,0.46
Karachi,2023-05-28,0.32,30.12,79.4,0.46
Karachi,2023-05-29,0.44,30.18,75.69,0.46
Karachi,2023-05-30,0.82,30.25,73.01,0.46
Karachi,2023-05-31,1.17,29.42,75.06,0.46
Karachi,2023-06-01,0.0,29.54,77.97,0.46
Karachi,2023-06-02,0.0,30.2,78.67,0.46
Karachi,2023-06-03,0.0,30.58,75.73,0.46
Karachi,2023-06-04,0.0,30.92,73.72,0.46
Karachi,2023-06-05,0.0,30.67,75.98,0.46
Karachi,2023-06-06,0.0,31.22,76.01,0.46
Karachi,2023-06-07,0.0,31.53,75.81,0.46
Karachi,2023-06-08,0.0,30.08,78.95,0.46
Karachi,2023-06-09,0.0,30.14,77.26,0.46
Karachi,2023-06-10,0.04,30.38,73.4,0.46
Karachi,2023-06-11,0.06,30.75,74.3,0.46
Karachi,2023-06-12,0.03,33.19,62.77,0.46
Karachi,2023-06-13,0.09,33.83,57.44,0.46
Karachi,2023-06-14,0.23,32.54,63.12,0.46
Karachi,2023-06-15,1.67,31.89,63.61,0.46
Karachi,2023-06-16,3.77,31.39,69.4,0.47
Karachi,2023-06-17,2.99,30.3,81.74,0.47
Karachi,2023-06-18,0.63,30.45,76.55,0.47
Karachi,2023-06-19,0.26,30.62,75.69,0.47
Karachi,2023-06-20,0.04,30.18,76.11,0.47
Karachi,2023-06-21,0.0,30.48,75.87,0.47
Karachi,2023-06-22,0.0,30.72,72.69,0.47
Karachi,2023-06-23,0.0,31.32,71.0,0.46
Karachi,2023-06-24,0.0,31.14,72.82,0.46
Karachi,2023-06-25,0.12,31.2,73.12,0.46
Karachi,2023-06-26,0.43,31.07,74.5,0.46
Karachi,2023-06-27,1.38,31.34,74.5,0.46
Karachi,2023-06-28,2.18,30.63,79.39,0.47
Karachi,2023-06-29,0.89,30.52,79.63,0.47
Karachi,2023-06-30,9.75,30.05,81.97,0.49
Karachi,2023-07-01,0.08,30.69,78.65,0.49
Karachi,2023-07-02,0.04,30.97,75.28,0.48
Karachi,2023-07-03,0.02,31.74,71.03,0.48
Karachi,2023-07-04,0.02,31.31,72.14,0.48
Karachi,2023-07-05,0.71,31.39,74.12,0.48
Karachi,2023-07-06,1.18,32.06,71.87,0.48
Karachi,2023-07-07,8.66,31.47,74.79,0.48
Karachi,2023-07-08,5.14,30.13,81.33,0.5
Karachi,2023-07-09,6.5,30.49,76.83,0.51
Karachi,2023-07-10,0.35,30.69,74.54,0.5
Karachi,2023-07-11,0.01,30.3,73.75,0.5
Karachi,2023-07-12,0.01,30.51,72.79,0.49
Karachi,2023-07-13,0.01,30.5,72.47,0.49
Karachi,2023-07-14,0.01,30.39,74.81,0.49
Karachi,2023-07-15,0.07,30.22,74.93,0.48
Karachi,2023-07-16,0.05,29.99,75.32,0.48
Karachi,2023-07-17,0.04,29.95,75.72,0.48
Karachi,2023-07-18,0.04,29.82,75.56,0.48
Karachi,2023-07-19,0.11,30.12,73.94,0.48
Karachi,2023-07-20,1.2,29.46,79.12,0.48
Karachi,2023-07-21,2.07,29.78,80.39,0.48
Karachi,2023-07-22,3.92,30.14,79.13,0.48
Karachi,2023-07-23,18.25,29.63,81.57,0.5
Karachi,2023-07-24,29.91,30.23,83.31,0.54
Karachi,2023-07-25,8.46,29.57,84.38,0.58
Karachi,2023-07-26,1.86,29.79,81.45,0.58
Karachi,2023-07-27,0.67,29.27,81.6,0.57
Karachi,2023-07-28,0.81,29.08,80.05,0.57
Karachi,2023-07-29,0.78,28.93,80.73,0.57
Karachi,2023-07-30,0.23,29.33,80.54,0.56
Karachi,2023-07-31,0.03,29.22,81.6,0.56
Karachi,2023-08-01,0.03,29.1,81.3,0.55
Karachi,2023-08-02,0.03,29.02,79.44,0.55
Karachi,2023-08-03,0.02,29.06,79.71,0.55
Karachi,2023-08-04,0.01,28.83,81.41,0.54
Karachi,2023-08-05,0.0,28.93,79.8,0.54
Karachi,2023-08-06,0.0,28.29,80.92,0.54
Karachi,2023-08-07,0.0,28.18,79.79,0.53
Karachi,2023-08-08,0.0,28.16,80.75,0.53
Karachi,2023-08-09,0.0,28.28,80.05,0.53
Karachi,2023-08-10,0.0,28.0,81.68,0.52
Karachi,2023-08-11,0.0,27.62,80.97,0.52
Karachi,2023-08-12,0.0,27.43,80.88,0.52
Karachi,2023-08-13,0.0,27.52,82.64,0.52
Karachi,2023-08-14,0.0,27.85,83.78,0.51
Karachi,2023-08-15,0.0,27.76,83.26,0.51
Karachi,2023-08-16,0.0,27.46,81.96,0.51
Karachi,2023-08-17,0.0,26.95,79.38,0.51
Karachi,2023-08-18,0.0,26.7,80.34,0.5
Karachi,2023-08-19,0.0,26.67,81.29,0.5
Karachi,2023-08-20,0.0,26.19,83.05,0.5
Karachi,2023-08-21,0.0,26.92,81.16,0.5
Karachi,2023-08-22,0.0,27.13,80.7,0.49
Karachi,2023-08-23,0.0,26.95,84.11,0.49
Karachi,2023-08-24,0.0,26.8,84.03,0.49
Karachi,2023-08-25,0.0,26.83,80.43,0.49
Karachi,2023-08-26,0.0,27.05,82.93,0.49
Karachi,2023-08-27,0.0,26.87,80.98,0.48
Karachi,2023-08-28,0.0,26.83,80.1,0.48
Karachi,2023-08-29,0.06,27.16,78.41,0.48
Karachi,2023-08-30,0.03,27.29,77.94,0.48
Karachi,2023-08-31,0.04,27.6,75.31,0.48
Karachi,2023-09-01,0.08,27.54,75.76,0.47
Karachi,2023-09-02,0.04,27.72,73.39,0.47
Karachi,2023-09-03,0.04,27.44,74.25,0.47
Karachi,2023-09-04,0.0,27.65,75.97,0.47
Karachi,2023-09-05,0.0,28.03,75.61,0.47
Karachi,2023-09-06,0.0,28.53,74.93,0.47
Karachi,2023-09-07,0.0,28.47,75.45,0.47
Karachi,2023-09-08,0.0,28.18,78.1,0.47
Karachi,2023-09-09,0.0,28.22,78.55,0.47
Karachi,2023-09-10,0.0,27.9,77.99,0.46
Karachi,2023-09-11,0.0,27.87,77.56,0.46
Karachi,2023-09-12,0.0,27.99,78.61,0.46
Karachi,2023-09-13,0.45,28.03,79.07,0.46
Karachi,2023-09-14,0.17,28.63,76.18,0.46
Karachi,2023-09-15,0.07,28.67,76.48,0.46
Karachi,2023-09-16,0.32,28.92,77.95,0.46
Karachi,2023-09-17,1.02,28.68,81.0,0.46
Karachi,2023-09-18,1.01,29.07,79.54,0.46
Karachi,2023-09-19,0.78,29.49,77.6,0.47
Karachi,2023-09-20,4.61,30.29,76.03,0.47
Karachi,2023-09-21,0.91,30.39,75.0,0.47
Karachi,2023-09-22,0.74,30.31,76.21,0.47
Karachi,2023-09-23,0.23,29.27,77.75,0.47
Karachi,2023-09-24,0.01,28.23,72.4,0.47
Karachi,2023-09-25,0.0,27.8,70.21,0.47
Karachi,2023-09-26,0.0,28.44,68.05,0.46
Karachi,2023-09-27,0.0,28.84,70.79,0.46
Karachi,2023-09-28,0.0,29.11,73.39,0.46
Karachi,2023-09-29,0.0,28.42,77.01,0.46
Karachi,2023-09-30,0.0,29.6,60.5,0.46
Karachi,2023-10-01,0.0,29.29,52.5,0.46
Karachi,2023-10-02,0.0,29.25,62.7,0.46
Karachi,2023-10-03,0.0,28.79,75.9,0.46
Karachi,2023-10-04,0.0,28.62,75.33,0.46
Karachi,2023-10-05,0.0,29.0,74.35,0.46
Karachi,2023-10-06,0.0,28.66,75.0,0.46
Karachi,2023-10-07,0.0,29.09,74.28,0.46
Karachi,2023-10-08,0.0,29.09,74.75,0.46
Karachi,2023-10-09,0.0,28.87,76.24,0.46
Karachi,2023-10-10,0.0,28.89,76.85,0.46
Karachi,2023-10-11,0.0,28.9,73.39,0.46
Karachi,2023-10-12,0.0,28.58,71.58,0.46
Karachi,2023-10-13,0.0,28.56,70.83,0.46
Karachi,2023-10-14,0.01,28.59,71.65,0.46
Karachi,2023-10-15,0.04,28.59,71.89,0.46
Karachi,2023-10-16,0.17,28.05,75.91,0.46
Karachi,2023-10-17,0.04,28.14,74.44,0.46
Karachi,2023-10-18,0.09,28.85,66.95,0.46
Karachi,2023-10-19,0.08,27.96,71.4,0.46
Karachi,2023-10-20,0.13,27.93,74.14,0.46
Karachi,2023-10-21,0.1,28.44,68.21,0.46
Karachi,2023-10-22,0.14,27.56,70.39,0.46
Karachi,2023-10-23,0.03,28.33,67.43,0.46
Karachi,2023-10-24,0.02,28.73,68.23,0.46
Karachi,2023-10-25,0.01,28.71,68.58,0.46
Karachi,2023-10-26,0.01,28.41,69.93,0.46
Karachi,2023-10-27,0.02,27.93,73.84,0.46
Karachi,2023-10-28,0.24,28.65,66.33,0.46
Karachi,2023-10-29,0.52,28.22,63.88,0.46
Karachi,2023-10-30,0.59,28.81,62.2,0.46
Karachi,2023-10-31,0.11,29.78,52.14,0.46
Karachi,2023-11-01,0.0,29.66,54.45,0.46
Karachi,2023-11-02,0.02,29.01,60.78,0.46
Karachi,2023-11-03,0.0,28.08,59.04,0.46
Karachi,2023-11-04,0.07,27.93,65.26,0.46
Karachi,2023-11-05,0.06,28.24,60.22,0.46
Karachi,2023-11-06,0.01,28.39,51.94,0.46
Karachi,2023-11-07,0.0,28.15,48.04,0.46
Karachi,2023-11-08,0.03,27.91,54.12,0.46
Karachi,2023-11-09,0.02,28.12,54.64,0.46
Karachi,2023-11-10,0.0,27.61,42.26,0.46
Karachi,2023-11-11,0.0,27.24,35.58,0.46
Karachi,2023-11-12,0.0,25.76,43.51,0.46
Karachi,2023-11-13,0.0,25.64,45.39,0.46
Karachi,2023-11-14,0.0,26.15,33.79,0.46
Karachi,2023-11-15,0.0,25.57,35.15,0.46
Karachi,2023-11-16,0.0,25.32,33.7,0.46
Karachi,2023-11-17,0.0,24.05,34.47,0.46
Karachi,2023-11-18,0.0,24.23,36.13,0.46
Karachi,2023-11-19,0.0,24.7,44.79,0.46
Karachi,2023-11-20,0.0,24.67,42.09,0.46
Karachi,2023-11-21,0.0,24.98,43.83,0.46
Karachi,2023-11-22,0.0,24.41,54.86,0.46
Karachi,2023-11-23,0.02,26.29,64.01,0.46
Karachi,2023-11-24,0.06,25.65,51.68,0.46
Karachi,2023-11-25,1.14,24.97,43.27,0.46
Karachi,2023-11-26,3.17,23.64,46.98,0.46
Karachi,2023-11-27,0.64,22.45,51.73,0.47
Karachi,2023-11-28,0.0,22.42,53.92,0.46
Karachi,2023-11-29,0.0,23.08,49.69,0.46
Karachi,2023-11-30,0.0,23.53,58.01,0.46
Karachi,2023-12-01,0.0,23.64,51.76,0.46
Karachi,2023-12-02,0.0,22.82,46.4,0.46
Karachi,2023-12-03,0.0,22.88,43.32,0.46
Karachi,2023-12-04,0.0,23.07,39.27,0.46
Karachi,2023-12-05,0.0,22.75,37.64,0.46
Karachi,2023-12-06,0.0,21.89,40.41,0.46
Karachi,2023-12-07,0.0,21.8,39.05,0.46
Karachi,2023-12-08,0.0,21.66,49.98,0.46
Karachi,2023-12-09,0.0,22.92,66.68,0.46
Karachi,2023-12-10,0.0,22.27,62.74,0.46
Karachi,2023-12-11,0.0,22.07,63.61,0.46
Karachi,2023-12-12,0.0,22.86,53.62,0.46
Karachi,2023-12-13,0.0,22.24,35.29,0.46
Karachi,2023-12-14,0.0,21.87,34.66,0.46
Karachi,2023-12-15,0.0,21.7,43.45,0.46
Karachi,2023-12-16,0.01,22.56,62.34,0.46
Karachi,2023-12-17,0.0,21.63,41.82,0.46
Karachi,2023-12-18,0.0,20.52,36.1,0.46
Karachi,2023-12-19,0.0,20.61,36.36,0.46
Karachi,2023-12-20,0.0,21.17,31.77,0.46
Karachi,2023-12-21,0.0,22.08,28.41,0.46
Karachi,2023-12-22,0.0,22.45,35.18,0.46
Karachi,2023-12-23,0.0,21.92,39.37,0.46
Karachi,2023-12-24,0.0,21.44,37.08,0.46
Karachi,2023-12-25,0.0,21.4,35.21,0.46
Karachi,2023-12-26,0.0,21.19,49.72,0.46
Karachi,2023-12-27,0.0,21.74,51.8,0.46
Karachi,2023-12-28,0.0,21.44,39.09,0.46
Karachi,2023-12-29,0.0,21.86,38.76,0.46
Karachi,2023-12-30,0.0,21.77,39.86,0.46
Karachi,2023-12-31,0.0,21.49,41.1,0.46
Karachi,2024-01-01,0.0,21.44,43.23,0.46
Karachi,2024-01-02,0.01,20.82,60.12,0.46
Karachi,2024-01-03,0.02,21.42,68.52,0.46
Karachi,2024-01-04,0.02,20.11,42.28,0.46
Karachi,2024-01-05,0.07,19.79,42.35,0.46
Karachi,2024-01-06,0.01,20.15,43.96,0.46
Karachi,2024-01-07,0.0,19.96,45.99,0.46
Karachi,2024-01-08,0.24,20.24,55.88,0.46
Karachi,2024-01-09,0.0,18.82,45.61,0.46
Karachi,2024-01-10,2.88,17.53,47.7,0.46
Karachi,2024-01-11,0.0,18.53,46.27,0.46
Karachi,2024-01-12,0.0,19.05,52.44,0.46
Karachi,2024-01-13,0.0,18.99,66.25,0.46
Karachi,2024-01-14,0.03,20.65,73.72,0.46
Karachi,2024-01-15,0.03,20.56,76.9,0.46
Karachi,2024-01-16,0.03,21.56,74.48,0.46
Karachi,2024-01-17,0.0,21.88,58.09,0.46
Karachi,2024-01-18,0.0,21.52,45.65,0.46
Karachi,2024-01-19,0.0,21.29,61.98,0.46
Karachi,2024-01-20,0.0,21.78,77.56,0.46
Karachi,2024-01-21,0.0,21.62,75.52,0.46
Karachi,2024-01-22,0.0,21.19,73.51,0.46
Karachi,2024-01-23,0.0,21.27,43.18,0.46
Karachi,2024-01-24,0.0,19.93,40.09,0.46
Karachi,2024-01-25,0.0,19.87,64.59,0.46
Karachi,2024-01-26,0.02,20.64,60.72,0.46
Karachi,2024-01-27,0.0,21.05,42.31,0.46
Karachi,2024-01-28,0.02,20.52,73.61,0.46
Karachi,2024-01-29,0.22,22.83,79.35,0.46
Karachi,2024-01-30,0.97,22.21,79.73,0.46
Karachi,2024-01-31,0.7,22.39,76.78,0.46
Karachi,2024-02-01,0.05,22.39,58.08,0.46
Karachi,2024-02-02,3.58,22.0,64.43,0.46
Karachi,2024-02-03,38.19,22.1,77.32,0.49
Karachi,2024-02-04,14.56,22.28,71.65,0.57
Karachi,2024-02-05,4.13,20.72,58.24,0.57
Karachi,2024-02-06,0.0,21.53,69.81,0.56
Karachi,2024-02-07,0.0,21.9,61.34,0.56
Karachi,2024-02-08,0.0,20.4,41.89,0.55
Karachi,2024-02-09,0.0,19.87,59.15,0.55
Karachi,2024-02-10,0.01,21.36,71.07,0.55
Karachi,2024-02-11,0.0,21.44,50.15,0.55
Karachi,2024-02-12,0.0,21.51,50.51,0.54
Karachi,2024-02-13,0.0,21.8,60.55,0.54
Karachi,2024-02-14,0.0,21.78,60.59,0.54
Karachi,2024-02-15,0.0,21.69,58.66,0.54
Karachi,2024-02-16,0.0,22.35,54.76,0.53
Karachi,2024-02-17,0.0,21.69,58.51,0.53
Karachi,2024-02-18,0.0,22.33,75.87,0.53
Karachi,2024-02-19,0.01,23.61,84.01,0.53
Karachi,2024-02-20,0.0,22.13,64.07,0.52
Karachi,2024-02-21,0.0,22.09,67.94,0.52
Karachi,2024-02-22,0.0,21.5,47.16,0.52
Karachi,2024-02-23,0.0,20.24,42.21,0.51
Karachi,2024-02-24,0.0,21.49,44.78,0.51
Karachi,2024-02-25,0.0,20.83,41.83,0.51
Karachi,2024-02-26,0.0,20.84,42.09,0.51
Karachi,2024-02-27,0.01,20.54,52.71,0.5
Karachi,2024-02-28,0.0,22.52,55.31,0.5
Karachi,2024-02-29,0.0,22.82,60.05,0.5
Karachi,2024-03-01,11.63,21.23,77.77,0.51
Karachi,2024-03-02,0.03,17.06,45.68,0.52
Karachi,2024-03-03,0.0,16.14,44.06,0.51
Karachi,2024-03-04,0.0,17.69,34.09,0.51
Karachi,2024-03-05,0.0,19.69,33.61,0.51
Karachi,2024-03-06,0.0,20.08,54.07,0.5
Karachi,2024-03-07,0.0,21.76,62.32,0.5
Karachi,2024-03-08,0.04,22.12,62.88,0.5
Karachi,2024-03-09,0.0,22.62,59.99,0.49
Karachi,2024-03-10,1.94,22.26,57.04,0.5
Karachi,2024-03-11,0.27,22.72,71.73,0.49
Karachi,2024-03-12,0.08,23.34,78.59,0.49
Karachi,2024-03-13,0.07,22.99,55.16,0.49
Karachi,2024-03-14,0.0,22.38,39.38,0.49
Karachi,2024-03-15,0.0,23.35,44.38,0.48
Karachi,2024-03-16,0.0,23.87,50.44,0.48
Karachi,2024-03-17,0.0,24.96,47.48,0.48
Karachi,2024-03-18,0.0,25.41,52.98,0.48
Karachi,2024-03-19,0.0,25.44,73.07,0.48
Karachi,2024-03-20,0.0,25.36,74.62,0.48
Karachi,2024-03-21,0.0,25.52,70.4,0.47
Karachi,2024-03-22,0.0,25.29,80.61,0.47
Karachi,2024-03-23,0.0,25.94,78.59,0.47
Karachi,2024-03-24,0.0,26.74,76.94,0.47
Karachi,2024-03-25,0.0,27.35,75.15,0.47
Karachi,2024-03-26,0.0,27.27,76.93,0.47
Karachi,2024-03-27,0.0,26.6,78.87,0.47
Karachi,2024-03-28,0.0,26.66,66.11,0.47
Karachi,2024-03-29,0.0,24.97,64.93,0.47
Karachi,2024-03-30,0.0,25.4,67.76,0.47
Karachi,2024-03-31,0.0,25.59,59.38,0.47
Karachi,2024-04-01,0.0,25.87,54.68,0.47
Karachi,2024-04-02,0.0,26.02,75.89,0.46
Karachi,2024-04-03,0.0,25.93,77.92,0.46
Karachi,2024-04-04,0.0,26.93,69.21,0.46
Karachi,2024-04-05,0.0,26.92,67.25,0.46
Karachi,2024-04-06,0.0,26.54,70.52,0.46
Karachi,2024-04-07,0.0,26.81,71.53,0.46
Karachi,2024-04-08,0.0,27.41,70.75,0.46
Karachi,2024-04-09,0.0,27.62,64.64,0.46
Karachi,2024-04-10,0.0,27.28,70.01,0.46
Karachi,2024-04-11,0.06,27.28,70.53,0.46
Karachi,2024-04-12,0.22,26.95,72.19,0.46
Karachi,2024-04-13,0.56,27.16,75.82,0.46
Karachi,2024-04-14,10.67,26.22,80.76,0.47
Karachi,2024-04-15,0.21,25.93,77.14,0.48
Karachi,2024-04-16,0.06,27.62,62.24,0.48
Karachi,2024-04-17,0.05,28.08,56.58,0.47
Karachi,2024-04-18,1.49,26.97,75.7,0.47
Karachi,2024-04-19,0.08,26.27,71.25,0.47
Karachi,2024-04-20,0.02,27.07,66.67,0.47
Karachi,2024-04-21,0.1,27.81,64.53,0.47
Karachi,2024-04-22,0.13,27.54,70.56,0.47
Karachi,2024-04-23,0.06,27.8,72.53,0.47
Karachi,2024-04-24,0.21,27.57,77.01,0.47
Karachi,2024-04-25,0.16,27.07,74.92,0.47
Karachi,2024-04-26,0.12,27.7,73.11,0.46
Karachi,2024-04-27,0.06,27.84,72.78,0.46
Karachi,2024-04-28,0.0,29.19,64.5,0.46
Karachi,2024-04-29,0.0,29.28,45.42,0.46
Karachi,2024-04-30,0.0,29.4,37.15,0.46
Karachi,2024-05-01,0.0,28.56,36.57,0.46
Karachi,2024-05-02,0.0,28.81,45.66,0.46
Karachi,2024-05-03,0.54,28.04,75.67,0.46
Karachi,2024-05-04,0.21,28.72,73.96,0.46
Karachi,2024-05-05,0.24,28.8,74.53,0.46
Karachi,2024-05-06,0.02,29.77,71.33,0.46
Karachi,2024-05-07,0.0,30.09,71.53,0.46
Karachi,2024-05-08,0.0,30.0,73.41,0.46
Karachi,2024-05-09,0.0,30.04,71.81,0.46
Karachi,2024-05-10,0.0,29.19,73.29,0.46
Karachi,2024-05-11,0.08,29.43,69.23,0.46
Karachi,2024-05-12,0.17,29.95,71.84,0.46
Karachi,2024-05-13,0.38,30.09,71.59,0.46
Karachi,2024-05-14,0.52,29.59,68.79,0.46
Karachi,2024-05-15,0.05,30.22,68.91,0.46
Karachi,2024-05-16,5.55,30.5,67.83,0.47
Karachi,2024-05-17,1.44,31.04,65.34,0.47
Karachi,2024-05-18,0.22,31.02,64.53,0.47
Karachi,2024-05-19,2.66,29.86,72.6,0.47
Karachi,2024-05-20,25.05,30.59,77.68,0.5
Karachi,2024-05-21,4.78,32.08,71.75,0.52
Karachi,2024-05-22,0.0,31.87,70.26,0.52
Karachi,2024-05-23,0.0,31.48,70.79,0.51
Karachi,2024-05-24,0.0,31.29,72.55,0.51
Karachi,2024-05-25,0.0,31.16,76.36,0.51
Karachi,2024-05-26,0.0,30.56,79.67,0.51
Karachi,2024-05-27,0.0,30.84,77.61,0.51
Karachi,2024-05-28,0.0,30.7,79.21,0.51
Karachi,2024-05-29,0.0,31.9,63.16,0.51
Karachi,2024-05-30,0.0,32.07,66.71,0.5
Karachi,2024-05-31,0.0,31.01,78.18,0.5
Karachi,2024-06-01,0.0,30.79,70.68,0.5
Karachi,2024-06-02,0.0,30.16,75.14,0.5
Karachi,2024-06-03,0.0,30.4,73.0,0.5
Karachi,2024-06-04,0.0,30.5,73.45,0.5
Karachi,2024-06-05,0.07,30.3,74.57,0.49
Karachi,2024-06-06,0.64,30.57,76.16,0.49
Karachi,2024-06-07,0.76,30.5,78.5,0.49
Karachi,2024-06-08,0.11,30.66,74.63,0.49
Karachi,2024-06-09,0.12,30.82,72.97,0.49
Karachi,2024-06-10,0.02,31.1,71.53,0.49
Karachi,2024-06-11,0.0,30.44,73.67,0.49
Karachi,2024-06-12,0.0,30.32,75.51,0.49
Karachi,2024-06-13,0.0,30.5,75.9,0.49
Karachi,2024-06-14,0.0,30.8,75.06,0.48
Karachi,2024-06-15,0.01,31.06,75.8,0.48
Karachi,2024-06-16,0.01,31.2,72.84,0.48
Karachi,2024-06-17,0.01,31.28,69.67,0.48
Karachi,2024-06-18,0.0,31.37,72.15,0.48
Karachi,2024-06-19,0.0,31.16,75.14,0.48
Karachi,2024-06-20,0.18,31.45,78.29,0.48
Karachi,2024-06-21,0.35,31.68,77.1,0.48
Karachi,2024-06-22,0.21,32.58,66.42,0.48
Karachi,2024-06-23,0.21,32.66,65.04,0.48
Karachi,2024-06-24,0.11,32.56,67.92,0.47
Karachi,2024-06-25,0.2,32.69,71.42,0.47
Karachi,2024-06-26,0.28,32.34,71.49,0.47
Karachi,2024-06-27,0.28,32.14,70.69,0.47
Karachi,2024-06-28,1.67,33.15,67.35,0.47
Karachi,2024-06-29,0.31,33.54,66.39,0.47
Karachi,2024-06-30,0.59,32.71,71.64,0.47
Karachi,2024-07-01,0.83,31.68,76.58,0.47
Karachi,2024-07-02,0.05,32.24,74.35,0.47
Karachi,2024-07-03,0.05,32.34,73.15,0.47
Karachi,2024-07-04,0.07,32.23,70.14,0.47
Karachi,2024-07-05,1.03,31.87,72.37,0.47
Karachi,2024-07-06,1.43,31.82,75.21,0.47
Karachi,2024-07-07,0.68,32.53,74.0,0.47
Karachi,2024-07-08,1.16,31.69,71.34,0.47
Karachi,2024-07-09,20.32,31.1,76.27,0.49
Karachi,2024-07-10,5.45,30.8,80.26,0.51
Karachi,2024-07-11,0.0,31.09,77.87,0.51
Karachi,2024-07-12,0.0,30.81,78.16,0.51
Karachi,2024-07-13,0.0,30.99,77.7,0.5
Karachi,2024-07-14,0.0,30.89,79.07,0.5
Karachi,2024-07-15,0.13,31.8,73.96,0.49
Karachi,2024-07-16,0.09,32.29,73.59,0.49
Karachi,2024-07-17,0.76,31.59,81.24,0.49
Karachi,2024-07-18,3.43,31.27,81.55,0.49
Karachi,2024-07-19,1.94,30.94,82.39,0.49
Karachi,2024-07-20,2.67,32.24,75.92,0.5
Karachi,2024-07-21,6.43,33.02,73.34,0.5
Karachi,2024-07-22,6.45,31.17,83.58,0.51
Karachi,2024-07-23,3.24,31.35,80.85,0.51
Karachi,2024-07-24,0.77,30.83,79.29,0.51
Karachi,2024-07-25,0.22,31.21,77.69,0.51
Karachi,2024-07-26,0.23,31.19,78.04,0.5
Karachi,2024-07-27,0.11,30.82,77.47,0.5
Karachi,2024-07-28,0.03,30.83,76.59,0.5
Karachi,2024-07-29,0.66,30.71,75.55,0.5
Karachi,2024-07-30,2.11,30.37,78.91,0.49
Karachi,2024-07-31,28.09,29.53,85.74,0.53
Karachi,2024-08-01,6.64,29.79,85.29,0.54
Karachi,2024-08-02,8.76,29.41,86.7,0.56
Karachi,2024-08-03,3.6,29.32,84.84,0.56
Karachi,2024-08-04,44.08,29.39,83.26,0.59
Karachi,2024-08-05,19.3,29.28,82.75,0.66
Karachi,2024-08-06,8.01,28.99,80.15,0.66
Karachi,2024-08-07,0.89,29.09,79.19,0.66
Karachi,2024-08-08,1.4,29.38,79.77,0.65
Karachi,2024-08-09,1.16,29.57,81.62,0.65
Karachi,2024-08-10,0.83,29.27,82.3,0.64
Karachi,2024-08-11,1.56,29.21,82.32,0.64
Karachi,2024-08-12,0.76,29.42,83.22,0.64
Karachi,2024-08-13,0.49,29.47,81.47,0.63
Karachi,2024-08-14,0.44,29.26,80.83,0.63
Karachi,2024-08-15,0.42,29.06,82.94,0.62
Karachi,2024-08-16,0.64,28.48,83.82,0.62
Karachi,2024-08-17,1.48,28.95,84.09,0.62
Karachi,2024-08-18,0.69,29.01,82.94,0.61
Karachi,2024-08-19,1.38,29.01,81.77,0.61
Karachi,2024-08-20,0.12,29.11,80.44,0.61
Karachi,2024-08-21,0.04,29.12,80.11,0.6
Karachi,2024-08-22,0.01,29.05,79.22,0.6
Karachi,2024-08-23,0.02,28.96,79.77,0.59
Karachi,2024-08-24,0.32,28.83,79.34,0.59
Karachi,2024-08-25,0.53,28.59,81.06,0.58
Karachi,2024-08-26,2.25,29.41,79.53,0.58
Karachi,2024-08-27,13.79,29.28,84.82,0.6
Karachi,2024-08-28,33.23,28.15,88.44,0.64
Karachi,2024-08-29,19.32,28.87,83.95,0.67
Karachi,2024-08-30,24.78,28.57,83.6,0.71
Karachi,2024-08-31,1.54,27.38,85.15,0.71
Karachi,2024-09-01,0.16,27.8,84.15,0.71
Karachi,2024-09-02,0.06,28.04,83.15,0.7
Karachi,2024-09-03,0.03,27.96,82.12,0.69
Karachi,2024-09-04,1.11,28.18,83.67,0.69
Karachi,2024-09-05,0.36,28.01,84.69,0.68
Karachi,2024-09-06,0.06,28.1,82.57,0.68
Karachi,2024-09-07,0.04,27.9,81.07,0.67
Karachi,2024-09-08,0.0,28.01,81.53,0.66
Karachi,2024-09-09,0.0,27.65,82.1,0.66
Karachi,2024-09-10,0.0,27.55,83.27,0.65
Karachi,2024-09-11,0.0,27.54,79.73,0.65
Karachi,2024-09-12,0.0,27.52,80.32,0.64
Karachi,2024-09-13,0.0,27.37,80.41,0.64
Karachi,2024-09-14,0.0,27.41,80.32,0.63
Karachi,2024-09-15,0.0,27.59,78.56,0.63
Karachi,2024-09-16,0.0,27.73,77.64,0.62
Karachi,2024-09-17,0.01,27.85,81.84,0.62
Karachi,2024-09-18,0.0,27.94,81.38,0.62
Karachi,2024-09-19,0.0,28.07,77.84,0.61
Karachi,2024-09-20,0.0,27.98,80.42,0.61
Karachi,2024-09-21,0.0,28.1,78.73,0.6
Karachi,2024-09-22,0.0,28.11,79.37,0.6
Karachi,2024-09-23,0.0,28.3,79.55,0.59
Karachi,2024-09-24,0.0,28.72,79.91,0.59
Karachi,2024-09-25,0.0,28.23,79.74,0.59
Karachi,2024-09-26,0.0,28.45,79.06,0.58
Karachi,2024-09-27,0.0,28.89,80.35,0.58
Karachi,2024-09-28,0.0,28.52,81.3,0.57
Karachi,2024-09-29,0.0,28.51,79.31,0.57
Karachi,2024-09-30,0.0,28.51,80.58,0.57
Karachi,2024-10-01,0.0,28.08,82.05,0.56
Karachi,2024-10-02,0.0,28.29,83.23,0.56
Karachi,2024-10-03,0.17,28.19,83.11,0.56
Karachi,2024-10-04,1.68,28.0,83.11,0.56
Karachi,2024-10-05,5.84,27.99,82.65,0.56
Karachi,2024-10-06,0.9,28.61,78.34,0.56
Karachi,2024-10-07,0.04,29.13,68.85,0.56
Karachi,2024-10-08,0.13,29.32,68.99,0.55
Karachi,2024-10-09,0.33,29.57,67.04,0.55
Karachi,2024-10-10,0.44,29.6,60.85,0.55
Karachi,2024-10-11,0.2,29.87,56.97,0.54
Karachi,2024-10-12,5.52,29.59,64.55,0.55
Karachi,2024-10-13,0.43,29.63,66.4,0.55
Karachi,2024-10-14,0.1,29.27,68.91,0.54
Karachi,2024-10-15,0.03,29.86,64.5,0.54
Karachi,2024-10-16,0.0,29.88,66.7,0.54
Karachi,2024-10-17,0.0,29.24,77.14,0.53
Karachi,2024-10-18,0.0,29.81,68.82,0.53
Karachi,2024-10-19,0.0,29.42,66.26,0.53
Karachi,2024-10-20,0.0,28.85,68.7,0.52
Karachi,2024-10-21,0.05,28.59,69.61,0.52
Karachi,2024-10-22,0.0,28.4,70.1,0.52
Karachi,2024-10-23,0.0,28.41,72.96,0.51
Karachi,2024-10-24,0.0,28.33,70.98,0.51
Karachi,2024-10-25,0.0,28.5,70.74,0.51
Karachi,2024-10-26,0.0,28.81,74.62,0.51
Karachi,2024-10-27,0.0,28.91,71.79,0.5
Karachi,2024-10-28,0.0,28.48,67.63,0.5
Karachi,2024-10-29,0.0,27.98,73.96,0.5
Karachi,2024-10-30,0.0,27.65,77.68,0.5
Karachi,2024-10-31,0.0,27.62,74.02,0.49
Karachi,2024-11-01,0.0,27.72,73.81,0.49
Karachi,2024-11-02,0.0,27.85,77.85,0.49
Karachi,2024-11-03,0.0,28.01,76.35,0.49
Karachi,2024-11-04,0.0,28.06,70.46,0.49
Karachi,2024-11-05,0.0,27.59,74.32,0.48
Karachi,2024-11-06,0.0,27.51,72.88,0.48
Karachi,2024-11-07,0.0,27.22,77.4,0.48
Karachi,2024-11-08,0.0,27.38,78.45,0.48
Karachi,2024-11-09,0.0,27.14,72.04,0.48
Karachi,2024-11-10,0.0,26.91,73.62,0.48
Karachi,2024-11-11,0.0,26.98,75.49,0.48
Karachi,2024-11-12,0.0,27.49,72.68,0.48
Karachi,2024-11-13,0.0,27.18,67.61,0.47
Karachi,2024-11-14,0.0,26.62,64.63,0.47
Karachi,2024-11-15,0.0,26.32,62.51,0.47
Karachi,2024-11-16,0.0,26.73,57.09,0.47
Karachi,2024-11-17,0.0,27.17,47.43,0.47
Karachi,2024-11-18,0.0,27.04,50.11,0.47
Karachi,2024-11-19,0.0,26.54,59.82,0.47
Karachi,2024-11-20,0.0,26.33,63.76,0.47
Karachi,2024-11-21,0.0,25.77,62.96,0.47
Karachi,2024-11-22,0.0,25.56,65.03,0.47
Karachi,2024-11-23,0.0,25.64,67.57,0.47
Karachi,2024-11-24,0.0,26.03,61.56,0.46
Karachi,2024-11-25,0.0,25.5,45.71,0.46
Karachi,2024-11-26,0.0,25.67,65.97,0.46
Karachi,2024-11-27,0.0,26.14,62.9,0.46
Karachi,2024-11-28,0.04,26.06,69.84,0.46
Karachi,2024-11-29,0.15,25.8,72.19,0.46
Karachi,2024-11-30,0.16,25.71,58.57,0.46
Karachi,2024-12-01,0.03,25.14,40.7,0.46
Karachi,2024-12-02,0.02,25.0,42.41,0.46
Karachi,2024-12-03,0.0,25.11,49.11,0.46
Karachi,2024-12-04,0.0,25.05,49.18,0.46
Karachi,2024-12-05,0.0,23.79,47.89,0.46
Karachi,2024-12-06,0.0,22.62,39.94,0.46
Karachi,2024-12-07,0.0,22.34,30.81,0.46
Karachi,2024-12-08,0.0,21.12,30.81,0.46
Karachi,2024-12-09,0.0,19.68,26.21,0.46
Karachi,2024-12-10,0.0,20.49,22.84,0.46
Karachi,2024-12-11,0.0,20.82,35.08,0.46
Karachi,2024-12-12,0.0,18.84,31.61,0.46
Karachi,2024-12-13,0.0,19.02,32.46,0.46
Karachi,2024-12-14,0.0,19.27,30.97,0.46
Karachi,2024-12-15,0.0,20.02,29.42,0.46
Karachi,2024-12-16,0.0,21.07,39.9,0.46
Karachi,2024-12-17,0.0,19.43,41.18,0.46
Karachi,2024-12-18,0.0,19.32,30.73,0.46
Karachi,2024-12-19,0.0,19.48,32.79,0.46
Karachi,2024-12-20,0.0,18.7,33.21,0.46
Karachi,2024-12-21,0.0,17.6,31.67,0.46
Karachi,2024-12-22,0.0,18.23,38.99,0.46
Karachi,2024-12-23,0.0,19.63,44.17,0.46
Karachi,2024-12-24,0.0,18.34,43.44,0.46
Karachi,2024-12-25,0.0,17.99,46.71,0.46
Karachi,2024-12-26,0.0,18.38,43.25,0.46
Karachi,2024-12-27,0.0,19.43,36.11,0.46
Karachi,2024-12-28,0.0,18.75,40.63,0.46
Karachi,2024-12-29,0.0,18.4,41.72,0.46
Karachi,2024-12-30,0.0,18.8,33.0,0.46
Karachi,2024-12-31,0.0,20.33,31.8,0.46
Lahore,2020-01-01,0.0,8.77,57.69,0.44
Lahore,2020-01-02,0.0,10.05,57.19,0.44
Lahore,2020-01-03,0.0,11.35,52.49,0.44
Lahore,2020-01-04,0.0,12.74,49.19,0.44
Lahore,2020-01-05,0.14,10.23,63.42,0.44
Lahore,2020-01-06,9.98,9.31,84.47,0.45
Lahore,2020-01-07,4.6,11.2,82.0,0.46
Lahore,2020-01-08,0.55,9.25,74.34,0.47
Lahore,2020-01-09,0.0,8.99,59.66,0.46
Lahore,2020-01-10,0.0,8.52,47.56,0.46
Lahore,2020-01-11,0.0,10.94,40.56,0.46
Lahore,2020-01-12,0.0,12.25,43.56,0.46
Lahore,2020-01-13,32.91,8.53,78.85,0.49
Lahore,2020-01-14,0.05,9.03,78.11,0.52
Lahore,2020-01-15,0.0,10.16,61.98,0.51
Lahore,2020-01-16,0.0,11.43,54.39,0.51
Lahore,2020-01-17,0.0,11.37,56.18,0.51
Lahore,2020-01-18,0.02,11.15,62.2,0.51
Lahore,2020-01-19,0.0,11.5,66.29,0.5
Lahore,2020-01-20,0.0,11.05,63.97,0.5
Lahore,2020-01-21,0.01,10.47,75.21,0.5
Lahore,2020-01-22,0.0,10.38,72.74,0.5
Lahore,2020-01-23,0.0,10.06,63.11,0.5
Lahore,2020-01-24,0.0,10.1,52.13,0.5
Lahore,2020-01-25,0.02,13.55,48.01,0.49
Lahore,2020-01-26,0.0,13.32,62.32,0.49
Lahore,2020-01-27,6.1,12.41,75.41,0.49
Lahore,2020-01-28,9.48,11.85,92.08,0.51
Lahore,2020-01-29,4.51,11.24,82.27,0.52
Lahore,2020-01-30,0.0,11.18,72.75,0.52
Lahore,2020-01-31,0.0,11.62,60.4,0.52
Lahore,2020-02-01,0.0,11.56,58.74,0.52
Lahore,2020-02-02,0.0,12.42,54.02,0.51
Lahore,2020-02-03,0.0,12.41,47.47,0.51
Lahore,2020-02-04,0.0,9.36,66.43,0.51
Lahore,2020-02-05,0.0,9.8,69.71,0.51
Lahore,2020-02-06,0.0,11.52,55.0,0.51
Lahore,2020-02-07,0.0,11.8,55.5,0.51
Lahore,2020-02-08,0.0,12.79,50.88,0.5
Lahore,2020-02-09,0.0,14.75,44.22,0.5
Lahore,2020-02-10,0.0,14.74,45.04,0.5
Lahore,2020-02-11,0.0,14.81,50.62,0.5
Lahore,2020-02-12,0.01,15.55,62.02,0.49
Lahore,2020-02-13,0.04,17.54,65.28,0.49
Lahore,2020-02-14,0.0,15.87,56.41,0.49
Lahore,2020-02-15,0.0,15.39,40.37,0.49
Lahore,2020-02-16,0.0,18.72,30.37,0.48
Lahore,2020-02-17,0.0,17.47,32.74,0.48
Lahore,2020-02-18,0.0,17.41,32.2,0.48
Lahore,2020-02-19,0.12,16.35,41.48,0.47
Lahore,2020-02-20,3.8,16.32,56.37,0.47
Lahore,2020-02-21,0.48,16.0,71.53,0.48
Lahore,2020-02-22,0.0,17.26,65.79,0.47
Lahore,2020-02-23,0.0,18.54,55.49,0.47
Lahore,2020-02-24,0.05,18.24,54.89,0.47
Lahore,2020-02-25,0.0,18.76,54.86,0.47
Lahore,2020-02-26,0.0,19.46,55.95,0.46
Lahore,2020-02-27,0.0,18.77,57.12,0.46
Lahore,2020-02-28,1.1,18.1,67.0,0.46
Lahore,2020-02-29,12.19,17.83,73.61,0.47
Lahore,2020-03-01,0.59,17.93,72.91,0.48
Lahore,2020-03-02,0.0,18.9,66.69,0.47
Lahore,2020-03-03,0.0,19.66,59.12,0.47
Lahore,2020-03-04,0.3,19.65,57.0,0.47
Lahore,2020-03-05,14.6,17.15,77.0,0.48
Lahore,2020-03-06,28.39,14.76,93.99,0.52
Lahore,2020-03-07,4.57,14.21,82.28,0.54
Lahore,2020-03-08,2.58,15.61,75.41,0.54
Lahore,2020-03-09,0.0,15.81,68.77,0.54
Lahore,2020-03-10,0.02,17.18,61.04,0.53
Lahore,2020-03-11,22.27,16.83,67.61,0.54
Lahore,2020-03-12,4.1,16.84,71.73,0.57
Lahore,2020-03-13,6.02,15.1,70.26,0.57
Lahore,2020-03-14,2.53,15.31,65.98,0.57
Lahore,2020-03-15,0.01,16.85,63.38,0.56
Lahore,2020-03-16,0.0,17.73,68.59,0.56
Lahore,2020-03-17,0.0,20.08,62.52,0.55
Lahore,2020-03-18,0.01,20.34,67.7,0.55
Lahore,2020-03-19,0.01,21.55,66.11,0.54
Lahore,2020-03-20,0.0,20.69,70.05,0.54
Lahore,2020-03-21,0.12,20.57,68.68,0.54
Lahore,2020-03-22,0.0,20.96,67.42,0.53
Lahore,2020-03-23,0.11,20.71,72.78,0.53
Lahore,2020-03-24,2.25,20.82,74.3,0.53
Lahore,2020-03-25,0.54,21.93,65.22,0.52
Lahore,2020-03-26,0.43,20.96,71.0,0.52
Lahore,2020-03-27,44.36,17.81,90.06,0.55
Lahore,2020-03-28,0.64,19.6,71.34,0.59
Lahore,2020-03-29,0.0,19.97,66.36,0.58
Lahore,2020-03-30,0.0,19.52,70.28,0.57
Lahore,2020-03-31,2.05,18.18,83.07,0.57
Lahore,2020-04-01,0.02,20.49,71.62,0.57
Lahore,2020-04-02,0.0,20.73,66.22,0.56
Lahore,2020-04-03,0.0,20.83,57.89,0.55
Lahore,2020-04-04,0.0,22.17,58.43,0.55
Lahore,2020-04-05,5.98,20.69,66.3,0.54
Lahore,2020-04-06,0.0,22.44,60.74,0.54
Lahore,2020-04-07,0.86,21.49,65.8,0.54
Lahore,2020-04-08,0.0,22.06,62.43,0.54
Lahore,2020-04-09,0.06,23.17,59.17,0.53
Lahore,2020-04-10,0.0,25.31,56.33,0.52
Lahore,2020-04-11,0.0,25.13,62.12,0.52
Lahore,2020-04-12,0.0,26.69,59.56,0.51
Lahore,2020-04-13,0.0,27.75,57.03,0.51
Lahore,2020-04-14,0.0,28.33,53.78,0.5
Lahore,2020-04-15,0.0,28.46,49.68,0.5
Lahore,2020-04-16,0.0,26.42,51.66,0.49
Lahore,2020-04-17,16.12,23.18,58.87,0.5
Lahore,2020-04-18,2.97,23.83,64.33,0.52
Lahore,2020-04-19,0.0,23.74,61.43,0.51
Lahore,2020-04-20,1.24,23.35,59.71,0.5
Lahore,2020-04-21,0.01,24.02,58.96,0.5
Lahore,2020-04-22,0.0,26.51,51.1,0.49
Lahore,2020-04-23,0.04,27.05,52.95,0.49
Lahore,2020-04-24,0.15,28.47,52.32,0.48
Lahore,2020-04-25,0.13,25.86,59.63,0.48
Lahore,2020-04-26,0.57,25.66,62.86,0.48
Lahore,2020-04-27,1.18,26.55,56.99,0.48
Lahore,2020-04-28,0.24,26.62,57.69,0.47
Lahore,2020-04-29,0.01,28.87,56.02,0.47
Lahore,2020-04-30,0.08,30.25,52.03,0.46
Lahore,2020-05-01,0.24,31.22,50.7,0.46
Lahore,2020-05-02,3.56,30.41,50.74,0.46
Lahore,2020-05-03,1.27,29.71,49.9,0.46
Lahore,2020-05-04,0.65,28.92,51.47,0.46
Lahore,2020-05-05,0.07,29.09,48.48,0.45
Lahore,2020-05-06,0.08,29.34,45.64,0.45
Lahore,2020-05-07,0.02,28.88,45.52,0.44
Lahore,2020-05-08,0.0,30.43,42.19,0.44
Lahore,2020-05-09,0.0,32.09,38.55,0.43
Lahore,2020-05-10,0.51,32.15,39.39,0.43
Lahore,2020-05-11,2.44,30.34,43.64,0.43
Lahore,2020-05-12,0.03,29.95,49.42,0.43
Lahore,2020-05-13,1.13,30.72,48.88,0.42
Lahore,2020-05-14,7.47,28.73,60.24,0.43
Lahore,2020-05-15,0.04,28.54,55.36,0.43
Lahore,2020-05-16,0.0,30.54,46.33,0.42
Lahore,2020-05-17,0.0,31.03,36.11,0.42
Lahore,2020-05-18,0.0,31.05,34.11,0.42
Lahore,2020-05-19,0.0,30.29,33.41,0.41
Lahore,2020-05-20,0.0,30.27,37.19,0.41
Lahore,2020-05-21,0.0,32.69,32.29,0.4
Lahore,2020-05-22,0.0,35.01,29.92,0.4
Lahore,2020-05-23,0.0,36.1,26.08,0.4
Lahore,2020-05-24,0.12,35.32,31.0,0.39
Lahore,2020-05-25,0.0,36.15,30.89,0.39
Lahore,2020-05-26,0.0,36.64,29.66,0.39
Lahore,2020-05-27,0.0,37.26,24.84,0.38
Lahore,2020-05-28,0.05,36.12,27.27,0.38
Lahore,2020-05-29,0.05,34.5,32.25,0.38
Lahore,2020-05-30,3.8,31.41,42.13,0.38
Lahore,2020-05-31,4.25,27.6,62.06,0.39
Lahore,2020-06-01,0.71,28.86,52.59,0.39
Lahore,2020-06-02,3.99,26.47,63.13,0.4
Lahore,2020-06-03,0.34,28.77,55.5,0.39
Lahore,2020-06-04,0.94,30.3,47.6,0.39
Lahore,2020-06-05,0.45,31.4,44.29,0.39
Lahore,2020-06-06,8.08,30.4,50.85,0.4
Lahore,2020-06-07,0.48,30.76,47.83,0.4
Lahore,2020-06-08,0.0,33.87,41.78,0.39
Lahore,2020-06-09,0.05,35.35,37.42,0.39
Lahore,2020-06-10,1.4,36.06,35.56,0.39
Lahore,2020-06-11,3.42,35.67,39.32,0.39
Lahore,2020-06-12,0.01,37.06,33.6,0.39
Lahore,2020-06-13,4.48,36.0,38.33,0.39
Lahore,2020-06-14,0.14,35.12,39.82,0.39
Lahore,2020-06-15,0.0,36.31,32.69,0.38
Lahore,2020-06-16,0.01,36.68,26.58,0.38
Lahore,2020-06-17,0.0,37.25,24.0,0.38
Lahore,2020-06-18,0.02,38.2,23.75,0.37
Lahore,2020-06-19,0.04,38.51,24.56,0.37
Lahore,2020-06-20,0.43,38.14,26.95,0.37
Lahore,2020-06-21,0.03,38.28,28.87,0.37
Lahore,2020-06-22,5.1,36.59,37.3,0.38
Lahore,2020-06-23,0.0,37.25,35.85,0.38
Lahore,2020-06-24,6.2,35.89,43.62,0.38
Lahore,2020-06-25,4.25,34.83,50.09,0.39
Lahore,2020-06-26,0.21,35.84,45.88,0.38
Lahore,2020-06-27,0.01,37.48,41.3,0.38
Lahore,2020-06-28,3.65,38.18,39.97,0.38
Lahore,2020-06-29,8.3,34.53,51.79,0.39
Lahore,2020-06-30,0.09,36.16,39.9,0.39
Lahore,2020-07-01,0.54,36.9,38.97,0.38
Lahore,2020-07-02,2.08,37.51,40.38,0.38
Lahore,2020-07-03,0.0,39.12,33.36,0.38
Lahore,2020-07-04,0.5,39.04,30.07,0.38
Lahore,2020-07-05,8.59,34.29,48.71,0.39
Lahore,2020-07-06,0.02,35.07,41.97,0.39
Lahore,2020-07-07,0.52,35.83,40.22,0.38
Lahore,2020-07-08,4.56,33.62,53.97,0.39
Lahore,2020-07-09,0.79,34.87,52.02,0.39
Lahore,2020-07-10,0.31,38.05,39.04,0.38
Lahore,2020-07-11,0.25,37.85,37.86,0.38
Lahore,2020-07-12,35.36,32.34,63.38,0.42
Lahore,2020-07-13,0.39,33.57,58.2,0.44
Lahore,2020-07-14,0.45,36.02,45.65,0.43
Lahore,2020-07-15,1.29,35.77,44.12,0.43
Lahore,2020-07-16,15.5,33.4,57.73,0.44
Lahore,2020-07-17,7.0,33.43,60.59,0.45
Lahore,2020-07-18,2.25,35.13,55.15,0.45
Lahore,2020-07-19,16.6,34.2,57.99,0.46
Lahore,2020-07-20,5.66,34.55,53.47,0.47
Lahore,2020-07-21,22.69,30.88,68.29,0.5
Lahore,2020-07-22,5.37,30.44,66.89,0.51
Lahore,2020-07-23,0.0,32.32,51.73,0.5
Lahore,2020-07-24,0.05,33.11,49.92,0.49
Lahore,2020-07-25,1.48,33.25,55.0,0.49
Lahore,2020-07-26,8.44,33.08,58.57,0.48
Lahore,2020-07-27,0.23,34.27,53.43,0.49
Lahore,2020-07-28,1.4,35.66,50.21,0.48
Lahore,2020-07-29,9.71,35.26,52.48,0.48
Lahore,2020-07-30,6.05,32.83,62.28,0.49
Lahore,2020-07-31,11.56,31.02,71.25,0.5
Lahore,2020-08-01,7.75,31.96,67.61,0.51
Lahore,2020-08-02,25.06,32.55,66.45,0.53
Lahore,2020-08-03,9.22,33.91,62.3,0.55
Lahore,2020-08-04,1.04,34.22,56.92,0.54
Lahore,2020-08-05,0.12,34.24,56.62,0.53
Lahore,2020-08-06,1.58,33.33,61.33,0.52
Lahore,2020-08-07,0.12,32.49,62.78,0.52
Lahore,2020-08-08,6.18,33.02,63.9,0.52
Lahore,2020-08-09,16.78,32.83,68.13,0.53
Lahore,2020-08-10,20.5,32.75,68.52,0.55
Lahore,2020-08-11,14.9,31.5,74.96,0.58
Lahore,2020-08-12,1.88,33.44,66.97,0.57
Lahore,2020-08-13,4.22,33.45,66.72,0.56
Lahore,2020-08-14,4.76,32.1,72.78,0.56
Lahore,2020-08-15,0.14,31.85,70.36,0.55
Lahore,2020-08-16,2.5,32.54,65.74,0.54
Lahore,2020-08-17,2.84,32.3,66.56,0.54
Lahore,2020-08-18,2.77,32.58,69.21,0.54
Lahore,2020-08-19,15.41,31.97,74.22,0.55
Lahore,2020-08-20,63.5,29.44,84.6,0.62
Lahore,2020-08-21,2.48,28.85,81.57,0.63
Lahore,2020-08-22,0.02,30.3,71.91,0.62
Lahore,2020-08-23,0.0,30.14,72.7,0.6
Lahore,2020-08-24,0.16,29.88,75.29,0.59
Lahore,2020-08-25,2.95,29.99,77.3,0.59
Lahore,2020-08-26,5.71,29.96,77.9,0.58
Lahore,2020-08-27,44.42,29.24,80.47,0.62
Lahore,2020-08-28,63.1,28.84,79.41,0.7
Lahore,2020-08-29,14.17,29.53,75.03,0.73
Lahore,2020-08-30,3.11,29.7,74.63,0.72
Lahore,2020-08-31,12.34,27.94,84.08,0.72
Lahore,2020-09-01,2.35,28.55,83.93,0.72
Lahore,2020-09-02,0.28,28.76,82.61,0.71
Lahore,2020-09-03,14.39,28.15,83.32,0.71
Lahore,2020-09-04,32.7,27.71,82.47,0.74
Lahore,2020-09-05,3.33,28.24,81.95,0.76
Lahore,2020-09-06,7.96,28.7,81.2,0.76
Lahore,2020-09-07,0.85,28.84,77.21,0.75
Lahore,2020-09-08,0.0,28.87,77.35,0.74
Lahore,2020-09-09,0.0,28.87,76.62,0.73
Lahore,2020-09-10,0.0,29.07,75.59,0.72
Lahore,2020-09-11,0.0,29.32,73.61,0.71
Lahore,2020-09-12,0.05,29.33,69.31,0.7
Lahore,2020-09-13,0.0,29.06,67.3,0.68
Lahore,2020-09-14,0.0,29.23,65.51,0.67
Lahore,2020-09-15,0.0,29.89,65.33,0.66
Lahore,2020-09-16,0.0,30.55,66.41,0.65
Lahore,2020-09-17,0.0,30.92,64.54,0.65
Lahore,2020-09-18,0.0,30.07,60.51,0.64
Lahore,2020-09-19,0.0,30.01,58.72,0.63
Lahore,2020-09-20,0.0,28.44,66.12,0.62
Lahore,2020-09-21,0.0,28.59,62.03,0.61
Lahore,2020-09-22,0.0,29.42,60.73,0.6
Lahore,2020-09-23,0.01,29.66,64.95,0.59
Lahore,2020-09-24,0.0,29.77,64.96,0.59
Lahore,2020-09-25,0.0,29.88,57.95,0.58
Lahore,2020-09-26,0.1,27.51,59.78,0.57
Lahore,2020-09-27,0.0,27.32,59.51,0.56
Lahore,2020-09-28,0.0,27.37,59.57,0.56
Lahore,2020-09-29,0.0,27.79,56.49,0.55
Lahore,2020-09-30,0.0,28.36,50.91,0.54
Lahore,2020-10-01,0.0,26.56,54.95,0.54
Lahore,2020-10-02,0.0,26.9,53.86,0.53
Lahore,2020-10-03,0.0,27.16,46.64,0.53
Lahore,2020-10-04,0.0,26.42,45.9,0.52
Lahore,2020-10-05,0.0,26.51,43.19,0.52
Lahore,2020-10-06,0.0,26.49,43.0,0.51
Lahore,2020-10-07,0.0,25.86,48.26,0.51
Lahore,2020-10-08,0.0,26.14,46.3,0.5
Lahore,2020-10-09,0.0,26.88,46.42,0.5
Lahore,2020-10-10,0.0,27.43,45.02,0.49
Lahore,2020-10-11,0.0,27.13,40.95,0.49
Lahore,2020-10-12,0.0,27.59,35.97,0.48
Lahore,2020-10-13,0.0,26.07,44.24,0.48
Lahore,2020-10-14,0.0,25.8,45.53,0.48
Lahore,2020-10-15,0.0,25.81,38.47,0.47
Lahore,2020-10-16,0.0,25.26,37.58,0.47
Lahore,2020-10-17,0.0,25.72,36.34,0.47
Lahore,2020-10-18,0.0,24.93,38.73,0.46
Lahore,2020-10-19,0.0,24.92,37.91,0.46
Lahore,2020-10-20,0.0,24.78,32.24,0.46
Lahore,2020-10-21,0.0,23.2,40.71,0.45
Lahore,2020-10-22,0.0,23.44,41.76,0.45
Lahore,2020-10-23,0.0,24.49,37.64,0.45
Lahore,2020-10-24,0.0,24.51,34.86,0.45
Lahore,2020-10-25,0.0,22.4,39.96,0.45
Lahore,2020-10-26,0.0,21.73,44.05,0.44
Lahore,2020-10-27,0.0,22.03,39.77,0.44
Lahore,2020-10-28,0.0,23.19,30.8,0.44
Lahore,2020-10-29,0.0,22.21,34.5,0.44
Lahore,2020-10-30,0.0,21.88,39.1,0.43
Lahore,2020-10-31,0.0,20.2,43.31,0.43
Lahore,2020-11-01,0.0,20.25,40.48,0.43
Lahore,2020-11-02,0.0,21.94,32.9,0.43
Lahore,2020-11-03,0.0,22.71,33.96,0.43
Lahore,2020-11-04,0.0,22.95,30.94,0.42
Lahore,2020-11-05,0.0,21.72,31.41,0.42
Lahore,2020-11-06,0.0,21.08,36.42,0.42
Lahore,2020-11-07,0.0,21.25,36.66,0.42
Lahore,2020-11-08,0.0,21.15,36.93,0.42
Lahore,2020-11-09,0.0,19.82,42.07,0.42
Lahore,2020-11-10,0.0,19.99,45.49,0.41
Lahore,2020-11-11,0.0,19.87,45.78,0.41
Lahore,2020-11-12,0.0,19.87,44.43,0.41
Lahore,2020-11-13,0.0,20.11,41.87,0.41
Lahore,2020-11-14,0.0,17.46,50.53,0.41
Lahore,2020-11-15,16.12,14.4,72.18,0.42
Lahore,2020-11-16,0.27,15.39,75.69,0.44
Lahore,2020-11-17,0.0,14.86,61.47,0.44
Lahore,2020-11-18,0.0,15.04,49.05,0.44
Lahore,2020-11-19,0.0,16.07,39.45,0.43
Lahore,2020-11-20,0.0,15.06,48.84,0.43
Lahore,2020-11-21,0.0,13.43,47.49,0.43
Lahore,2020-11-22,0.0,13.79,41.1,0.43
Lahore,2020-11-23,0.0,14.87,58.94,0.43
Lahore,2020-11-24,12.48,14.96,61.5,0.43
Lahore,2020-11-25,33.53,12.11,87.24,0.49
Lahore,2020-11-26,0.01,12.8,77.12,0.51
Lahore,2020-11-27,0.0,13.06,67.33,0.5
Lahore,2020-11-28,0.0,12.61,58.25,0.5
Lahore,2020-11-29,0.0,13.61,62.04,0.49
Lahore,2020-11-30,0.0,14.67,62.64,0.49
Lahore,2020-12-01,0.0,16.03,59.73,0.49
Lahore,2020-12-02,0.0,15.9,62.27,0.49
Lahore,2020-12-03,0.0,17.33,59.87,0.49
Lahore,2020-12-04,0.0,17.5,55.38,0.49
Lahore,2020-12-05,0.0,16.51,53.4,0.48
Lahore,2020-12-06,0.0,16.81,54.83,0.48
Lahore,2020-12-07,0.0,17.47,57.08,0.48
Lahore,2020-12-08,0.12,17.48,59.79,0.48
Lahore,2020-12-09,2.1,17.71,71.37,0.48
Lahore,2020-12-10,0.05,15.74,75.0,0.48
Lahore,2020-12-11,2.87,15.13,68.17,0.48
Lahore,2020-12-12,7.71,13.47,76.21,0.5
Lahore,2020-12-13,0.0,11.72,77.5,0.5
Lahore,2020-12-14,0.0,11.88,69.11,0.49
Lahore,2020-12-15,0.0,10.49,64.0,0.49
Lahore,2020-12-16,0.0,9.51,64.54,0.49
Lahore,2020-12-17,0.0,8.38,59.86,0.49
Lahore,2020-12-18,0.0,8.63,56.1,0.49
Lahore,2020-12-19,0.0,9.59,52.0,0.49
Lahore,2020-12-20,0.0,11.72,51.72,0.48
Lahore,2020-12-21,0.0,12.59,55.73,0.48
Lahore,2020-12-22,0.0,12.82,62.52,0.48
Lahore,2020-12-23,0.0,13.45,58.16,0.48
Lahore,2020-12-24,0.0,13.06,54.64,0.48
Lahore,2020-12-25,0.0,12.38,55.12,0.48
Lahore,2020-12-26,0.0,12.29,53.86,0.48
Lahore,2020-12-27,2.77,11.05,64.2,0.48
Lahore,2020-12-28,1.33,8.78,81.99,0.48
Lahore,2020-12-29,0.0,8.7,74.26,0.48
Lahore,2020-12-30,0.0,8.43,63.64,0.48
Lahore,2020-12-31,0.0,8.77,56.22,0.48
Lahore,2021-01-01,0.0,11.1,45.01,0.48
Lahore,2021-01-02,0.41,10.99,56.11,0.48
Lahore,2021-01-03,1.54,12.78,87.67,0.48
Lahore,2021-01-04,3.37,14.45,92.15,0.48
Lahore,2021-01-05,32.72,14.19,95.04,0.5
Lahore,2021-01-06,5.49,14.26,83.8,0.55
Lahore,2021-01-07,0.0,12.2,73.66,0.55
Lahore,2021-01-08,0.0,11.8,70.76,0.54
Lahore,2021-01-09,0.0,10.93,75.54,0.54
Lahore,2021-01-10,0.0,9.93,69.6,0.54
Lahore,2021-01-11,0.0,10.0,60.01,0.54
Lahore,2021-01-12,0.0,9.81,60.42,0.53
Lahore,2021-01-13,0.0,9.55,58.73,0.53
Lahore,2021-01-14,0.0,10.73,59.03,0.53
Lahore,2021-01-15,0.0,10.88,59.2,0.53
Lahore,2021-01-16,0.0,9.88,64.88,0.53
Lahore,2021-01-17,0.0,10.97,55.51,0.53
Lahore,2021-01-18,0.0,10.33,53.43,0.52
Lahore,2021-01-19,0.0,10.21,64.99,0.52
Lahore,2021-01-20,0.0,11.28,69.66,0.52
Lahore,2021-01-21,0.0,12.02,59.58,0.52
Lahore,2021-01-22,0.0,12.06,55.92,0.52
Lahore,2021-01-23,0.43,11.24,59.4,0.52
Lahore,2021-01-24,0.08,11.42,66.14,0.51
Lahore,2021-01-25,0.0,11.88,52.17,0.51
Lahore,2021-01-26,0.0,11.25,48.85,0.51
Lahore,2021-01-27,0.0,10.9,50.48,0.51
Lahore,2021-01-28,0.0,11.9,48.73,0.51
Lahore,2021-01-29,0.0,11.17,50.85,0.5
Lahore,2021-01-30,0.0,11.73,51.13,0.5
Lahore,2021-01-31,0.0,14.26,41.52,0.5
Lahore,2021-02-01,0.0,13.5,49.42,0.5
Lahore,2021-02-02,0.0,14.54,51.34,0.5
Lahore,2021-02-03,0.42,13.59,57.1,0.49
Lahore,2021-02-04,1.16,12.15,67.13,0.49
Lahore,2021-02-05,0.13,12.73,65.73,0.49
Lahore,2021-02-06,0.0,13.62,62.07,0.49
Lahore,2021-02-07,0.0,14.14,57.75,0.49
Lahore,2021-02-08,0.06,15.78,52.28,0.49
Lahore,2021-02-09,0.0,17.27,46.85,0.48
Lahore,2021-02-10,0.0,16.22,52.31,0.48
Lahore,2021-02-11,0.0,17.22,55.9,0.48
Lahore,2021-02-12,0.0,17.64,54.29,0.48
Lahore,2021-02-13,0.0,17.58,50.62,0.48
Lahore,2021-02-14,0.0,17.34,51.64,0.48
Lahore,2021-02-15,0.0,17.84,52.5,0.47
Lahore,2021-02-16,0.0,18.07,53.57,0.47
Lahore,2021-02-17,0.0,18.52,47.89,0.47
Lahore,2021-02-18,0.0,17.93,46.12,0.47
Lahore,2021-02-19,0.0,18.36,45.04,0.47
Lahore,2021-02-20,0.0,18.93,39.22,0.46
Lahore,2021-02-21,0.0,19.42,41.31,0.46
Lahore,2021-02-22,0.0,21.46,35.81,0.46
Lahore,2021-02-23,0.0,21.06,37.07,0.46
Lahore,2021-02-24,0.0,21.67,36.82,0.45
Lahore,2021-02-25,0.0,21.5,41.55,0.45
Lahore,2021-02-26,0.14,21.97,45.51,0.45
Lahore,2021-02-27,0.49,19.65,46.12,0.45
Lahore,2021-02-28,0.0,19.19,42.85,0.44
Lahore,2021-03-01,0.0,18.43,47.55,0.44
Lahore,2021-03-02,0.0,18.87,41.03,0.44
Lahore,2021-03-03,0.0,21.93,29.47,0.44
Lahore,2021-03-04,0.0,21.02,35.5,0.43
Lahore,2021-03-05,0.0,21.3,41.82,0.43
Lahore,2021-03-06,0.0,21.68,38.57,0.43
Lahore,2021-03-07,0.05,23.02,47.19,0.43
Lahore,2021-03-08,0.01,22.4,50.23,0.42
Lahore,2021-03-09,0.0,22.9,47.59,0.42
Lahore,2021-03-10,0.0,22.89,41.74,0.42
Lahore,2021-03-11,0.0,23.61,36.57,0.42
Lahore,2021-03-12,0.73,22.35,37.65,0.41
Lahore,2021-03-13,0.89,21.64,45.92,0.41
Lahore,2021-03-14,0.0,22.34,46.54,0.41
Lahore,2021-03-15,0.0,22.04,54.25,0.41
Lahore,2021-03-16,0.0,23.72,48.13,0.41
Lahore,2021-03-17,0.0,24.48,43.79,0.41
Lahore,2021-03-18,0.0,24.77,44.06,0.4
Lahore,2021-03-19,0.0,24.27,44.83,0.4
Lahore,2021-03-20,0.0,25.3,40.43,0.4
Lahore,2021-03-21,3.8,22.98,50.83,0.4
Lahore,2021-03-22,0.28,23.37,48.76,0.4
Lahore,2021-03-23,8.8,22.07,53.07,0.41
Lahore,2021-03-24,0.0,21.0,53.73,0.41
Lahore,2021-03-25,0.0,21.03,52.87,0.41
Lahore,2021-03-26,0.0,23.66,44.95,0.41
Lahore,2021-03-27,0.0,26.32,41.26,0.4
Lahore,2021-03-28,0.0,27.44,39.82,0.4
Lahore,2021-03-29,0.0,26.89,33.23,0.4
Lahore,2021-03-30,0.0,26.17,37.07,0.4
Lahore,2021-03-31,0.0,23.05,25.72,0.39
Lahore,2021-04-01,0.0,22.23,25.22,0.39
Lahore,2021-04-02,0.0,20.98,23.62,0.39
Lahore,2021-04-03,0.0,24.12,20.72,0.39
Lahore,2021-04-04,0.0,23.8,26.55,0.39
Lahore,2021-04-05,0.01,22.45,47.04,0.38
Lahore,2021-04-06,2.44,24.01,58.67,0.38
Lahore,2021-04-07,0.42,23.5,50.2,0.39
Lahore,2021-04-08,0.0,23.64,33.93,0.39
Lahore,2021-04-09,0.0,25.28,26.07,0.38
Lahore,2021-04-10,0.0,25.9,27.08,0.38
Lahore,2021-04-11,0.02,28.03,30.6,0.38
Lahore,2021-04-12,0.05,29.13,31.53,0.38
Lahore,2021-04-13,0.0,29.73,31.09,0.38
Lahore,2021-04-14,0.01,31.06,30.19,0.38
Lahore,2021-04-15,0.07,29.23,29.46,0.37
Lahore,2021-04-16,0.71,26.28,41.72,0.37
Lahore,2021-04-17,0.85,23.96,53.8,0.38
Lahore,2021-04-18,0.08,26.41,46.14,0.38
Lahore,2021-04-19,0.0,27.67,32.95,0.37
Lahore,2021-04-20,1.19,24.22,41.87,0.37
Lahore,2021-04-21,1.18,23.17,52.05,0.38
Lahore,2021-04-22,0.34,26.5,39.41,0.38
Lahore,2021-04-23,19.95,22.53,57.12,0.4
Lahore,2021-04-24,0.0,24.6,40.87,0.41
Lahore,2021-04-25,0.0,27.37,31.13,0.4
Lahore,2021-04-26,0.0,30.65,27.22,0.4
Lahore,2021-04-27,0.0,32.19,28.44,0.39
Lahore,2021-04-28,0.0,32.09,30.18,0.39
Lahore,2021-04-29,0.0,32.97,29.58,0.39
Lahore,2021-04-30,0.0,33.19,30.16,0.38
Lahore,2021-05-01,0.25,32.59,31.62,0.38
Lahore,2021-05-02,0.0,33.54,25.89,0.38
Lahore,2021-05-03,0.02,32.82,28.41,0.38
Lahore,2021-05-04,0.01,32.9,29.35,0.38
Lahore,2021-05-05,1.8,31.63,33.93,0.38
Lahore,2021-05-06,0.02,31.24,32.35,0.38
Lahore,2021-05-07,0.12,29.66,35.06,0.37
Lahore,2021-05-08,0.0,32.31,28.13,0.37
Lahore,2021-05-09,0.01,33.07,26.31,0.37
Lahore,2021-05-10,5.4,32.73,31.73,0.38
Lahore,2021-05-11,0.4,31.87,33.78,0.38
Lahore,2021-05-12,4.23,32.68,35.45,0.38
Lahore,2021-05-13,6.11,29.6,44.0,0.39
Lahore,2021-05-14,0.19,29.69,42.31,0.39
Lahore,2021-05-15,0.4,31.53,35.13,0.38
Lahore,2021-05-16,0.16,33.2,30.63,0.38
Lahore,2021-05-17,0.0,33.57,28.71,0.38
Lahore,2021-05-18,0.0,34.3,23.03,0.37
Lahore,2021-05-19,0.05,32.78,29.35,0.37
Lahore,2021-05-20,2.26,32.59,31.61,0.38
Lahore,2021-05-21,6.7,31.63,39.49,0.38
Lahore,2021-05-22,0.0,32.23,35.26,0.38
Lahore,2021-05-23,0.0,30.78,31.63,0.38
Lahore,2021-05-24,0.11,31.73,28.15,0.38
Lahore,2021-05-25,0.0,33.39,24.51,0.37
Lahore,2021-05-26,0.0,34.94,17.84,0.37
Lahore,2021-05-27,0.0,35.81,15.39,0.37
Lahore,2021-05-28,0.0,37.13,16.83,0.37
Lahore,2021-05-29,0.0,38.14,17.6,0.37
Lahore,2021-05-30,0.97,36.69,29.17,0.37
Lahore,2021-05-31,1.54,37.17,26.48,0.37
Lahore,2021-06-01,3.21,33.99,31.54,0.38
Lahore,2021-06-02,0.93,34.1,36.63,0.38
Lahore,2021-06-03,4.13,33.29,35.26,0.38
Lahore,2021-06-04,0.89,33.47,34.11,0.38
Lahore,2021-06-05,0.15,34.86,32.76,0.38
Lahore,2021-06-06,0.0,36.31,29.55,0.37
Lahore,2021-06-07,0.0,38.24,28.21,0.37
Lahore,2021-06-08,0.0,39.45,24.01,0.37
Lahore,2021-06-09,0.0,40.56,24.31,0.37
Lahore,2021-06-10,0.0,40.4,24.59,0.37
Lahore,2021-06-11,1.01,39.99,25.25,0.37
Lahore,2021-06-12,1.22,39.6,27.29,0.37
Lahore,2021-06-13,10.04,35.72,41.3,0.39
Lahore,2021-06-14,4.6,34.23,39.93,0.39
Lahore,2021-06-15,0.93,34.01,39.6,0.39
Lahore,2021-06-16,2.31,31.38,49.95,0.39
Lahore,2021-06-17,0.01,33.68,39.6,0.38
Lahore,2021-06-18,0.0,35.2,31.35,0.38
Lahore,2021-06-19,0.02,35.6,25.32,0.38
Lahore,2021-06-20,0.88,35.05,28.09,0.38
Lahore,2021-06-21,0.13,35.9,26.65,0.37
Lahore,2021-06-22,0.0,36.36,26.94,0.37
Lahore,2021-06-23,0.0,37.63,23.55,0.37
Lahore,2021-06-24,0.01,37.6,23.7,0.37
Lahore,2021-06-25,0.25,38.15,23.69,0.37
Lahore,2021-06-26,11.81,34.19,42.36,0.39
Lahore,2021-06-27,2.4,34.05,42.28,0.39
Lahore,2021-06-28,0.0,36.24,33.07,0.38
Lahore,2021-06-29,0.0,37.71,27.11,0.38
Lahore,2021-06-30,0.0,38.86,22.25,0.38
Lahore,2021-07-01,0.0,39.1,22.77,0.37
Lahore,2021-07-02,0.21,38.57,23.67,0.37
Lahore,2021-07-03,4.05,37.23,32.55,0.38
Lahore,2021-07-04,0.29,37.77,31.87,0.38
Lahore,2021-07-05,0.77,37.59,30.84,0.37
Lahore,2021-07-06,0.0,38.11,30.2,0.37
Lahore,2021-07-07,0.0,39.06,26.63,0.37
Lahore,2021-07-08,2.72,39.15,28.48,0.37
Lahore,2021-07-09,7.58,37.05,37.21,0.38
Lahore,2021-07-10,0.05,36.78,37.21,0.38
Lahore,2021-07-11,5.73,36.06,43.1,0.38
Lahore,2021-07-12,33.96,32.02,66.99,0.42
Lahore,2021-07-13,21.12,30.99,70.13,0.46
Lahore,2021-07-14,0.62,33.66,58.2,0.47
Lahore,2021-07-15,0.24,33.93,53.77,0.46
Lahore,2021-07-16,0.06,34.56,51.33,0.45
Lahore,2021-07-17,0.0,36.05,47.39,0.45
Lahore,2021-07-18,3.86,37.28,45.72,0.44
Lahore,2021-07-19,9.67,35.5,53.05,0.45
Lahore,2021-07-20,42.3,31.01,76.37,0.49
Lahore,2021-07-21,14.45,31.54,68.52,0.54
Lahore,2021-07-22,1.9,32.97,54.89,0.53
Lahore,2021-07-23,0.0,32.85,56.34,0.52
Lahore,2021-07-24,2.14,33.87,57.23,0.51
Lahore,2021-07-25,8.73,34.15,61.31,0.51
Lahore,2021-07-26,4.61,33.3,63.75,0.52
Lahore,2021-07-27,9.28,33.73,62.91,0.52
Lahore,2021-07-28,12.05,32.82,65.73,0.53
Lahore,2021-07-29,21.56,31.23,74.35,0.56
Lahore,2021-07-30,1.93,31.63,68.3,0.56
Lahore,2021-07-31,21.38,31.13,70.65,0.56
Lahore,2021-08-01,7.98,31.91,69.01,0.58
Lahore,2021-08-02,3.46,33.22,64.84,0.58
Lahore,2021-08-03,3.04,32.66,63.61,0.57
Lahore,2021-08-04,2.74,31.49,66.5,0.57
Lahore,2021-08-05,16.1,32.03,66.63,0.57
Lahore,2021-08-06,5.67,31.68,67.92,0.58
Lahore,2021-08-07,0.48,32.19,64.0,0.57
Lahore,2021-08-08,1.02,32.12,63.63,0.56
Lahore,2021-08-09,1.89,31.72,66.29,0.55
Lahore,2021-08-10,0.54,32.23,64.0,0.55
Lahore,2021-08-11,0.01,33.34,54.7,0.54
Lahore,2021-08-12,0.34,33.67,54.73,0.53
Lahore,2021-08-13,0.01,34.12,52.27,0.52
Lahore,2021-08-14,0.15,34.03,52.56,0.51
Lahore,2021-08-15,4.74,32.65,60.55,0.51
Lahore,2021-08-16,2.14,32.09,59.6,0.51
Lahore,2021-08-17,0.0,32.82,55.85,0.5
Lahore,2021-08-18,0.42,33.05,53.92,0.5
Lahore,2021-08-19,0.44,33.27,51.47,0.49
Lahore,2021-08-20,0.53,32.89,52.65,0.48
Lahore,2021-08-21,7.76,31.0,64.42,0.49
Lahore,2021-08-22,3.71,30.16,69.02,0.49
Lahore,2021-08-23,0.05,31.85,59.32,0.49
Lahore,2021-08-24,0.0,32.93,53.51,0.48
Lahore,2021-08-25,0.03,34.17,45.77,0.47
Lahore,2021-08-26,0.08,33.86,44.34,0.47
Lahore,2021-08-27,0.35,34.24,41.54,0.46
Lahore,2021-08-28,2.05,33.1,45.84,0.46
Lahore,2021-08-29,0.81,32.74,47.85,0.46
Lahore,2021-08-30,6.61,31.47,57.1,0.46
Lahore,2021-08-31,11.6,29.83,65.07,0.47
Lahore,2021-09-01,9.19,30.11,68.6,0.48
Lahore,2021-09-02,4.58,30.5,63.6,0.49
Lahore,2021-09-03,6.78,29.03,70.16,0.49
Lahore,2021-09-04,0.78,30.29,62.42,0.49
Lahore,2021-09-05,1.2,31.4,59.05,0.48
Lahore,2021-09-06,0.53,32.15,58.29,0.48
Lahore,2021-09-07,2.25,32.1,60.35,0.48
Lahore,2021-09-08,8.42,31.07,66.8,0.48
Lahore,2021-09-09,11.68,30.21,72.56,0.5
Lahore,2021-09-10,62.62,28.46,80.53,0.55
Lahore,2021-09-11,43.12,26.66,86.91,0.65
Lahore,2021-09-12,9.67,27.69,78.41,0.66
Lahore,2021-09-13,0.91,28.46,75.09,0.65
Lahore,2021-09-14,0.0,28.95,72.99,0.64
Lahore,2021-09-15,0.05,29.5,72.51,0.63
Lahore,2021-09-16,0.12,29.75,70.62,0.62
Lahore,2021-09-17,2.26,29.29,72.1,0.61
Lahore,2021-09-18,0.21,28.78,72.81,0.6
Lahore,2021-09-19,2.75,30.11,71.47,0.6
Lahore,2021-09-20,6.69,29.83,72.62,0.6
Lahore,2021-09-21,18.26,29.04,75.49,0.61
Lahore,2021-09-22,14.43,27.31,80.67,0.64
Lahore,2021-09-23,2.8,26.47,82.97,0.64
Lahore,2021-09-24,1.03,27.19,77.29,0.63
Lahore,2021-09-25,0.0,28.56,73.04,0.62
Lahore,2021-09-26,0.16,28.29,73.87,0.61
Lahore,2021-09-27,0.12,28.1,74.03,0.6
Lahore,2021-09-28,0.15,28.75,69.82,0.6
Lahore,2021-09-29,0.44,28.4,71.46,0.59
Lahore,2021-09-30,1.25,29.42,69.91,0.59
Lahore,2021-10-01,6.87,29.06,72.21,0.58
Lahore,2021-10-02,55.29,28.34,79.68,0.63
Lahore,2021-10-03,19.19,28.24,79.11,0.69
Lahore,2021-10-04,2.18,28.13,76.93,0.69
Lahore,2021-10-05,3.55,27.06,79.32,0.68
Lahore,2021-10-06,0.0,26.73,76.4,0.67
Lahore,2021-10-07,0.0,27.04,69.08,0.66
Lahore,2021-10-08,0.0,27.09,63.96,0.66
Lahore,2021-10-09,0.0,26.59,66.26,0.65
Lahore,2021-10-10,0.0,26.32,68.43,0.64
Lahore,2021-10-11,0.13,25.47,66.77,0.64
Lahore,2021-10-12,0.0,25.97,63.62,0.63
Lahore,2021-10-13,0.0,24.98,63.31,0.62
Lahore,2021-10-14,0.0,24.5,56.89,0.62
Lahore,2021-10-15,0.0,25.57,47.81,0.61
Lahore,2021-10-16,0.0,26.21,49.92,0.6
Lahore,2021-10-17,0.09,24.29,66.55,0.6
Lahore,2021-10-18,1.01,22.65,83.44,0.6
Lahore,2021-10-19,0.0,23.68,70.61,0.59
Lahore,2021-10-20,0.0,24.7,55.29,0.59
Lahore,2021-10-21,0.0,24.01,46.94,0.58
Lahore,2021-10-22,0.06,23.28,61.42,0.57
Lahore,2021-10-23,14.21,22.87,74.94,0.57
Lahore,2021-10-24,4.2,21.41,83.0,0.59
Lahore,2021-10-25,0.01,19.62,72.84,0.59
Lahore,2021-10-26,0.0,19.55,60.71,0.59
Lahore,2021-10-27,0.0,20.26,57.51,0.58
Lahore,2021-10-28,0.0,20.04,57.2,0.58
Lahore,2021-10-29,0.0,21.2,51.22,0.57
Lahore,2021-10-30,0.0,20.11,61.03,0.57
Lahore,2021-10-31,0.0,20.78,54.67,0.56
Lahore,2021-11-01,0.0,20.17,55.92,0.56
Lahore,2021-11-02,0.16,19.32,64.45,0.56
Lahore,2021-11-03,0.01,19.27,61.86,0.55
Lahore,2021-11-04,0.0,19.46,53.11,0.55
Lahore,2021-11-05,0.0,20.82,45.79,0.55
Lahore,2021-11-06,0.0,18.82,58.48,0.54
Lahore,2021-11-07,0.0,19.6,55.58,0.54
Lahore,2021-11-08,0.0,20.5,52.76,0.54
Lahore,2021-11-09,0.0,21.05,53.19,0.53
Lahore,2021-11-10,0.0,20.89,47.9,0.53
Lahore,2021-11-11,0.0,19.94,49.48,0.53
Lahore,2021-11-12,0.0,19.19,51.82,0.53
Lahore,2021-11-13,0.0,19.2,46.24,0.52
Lahore,2021-11-14,0.0,18.45,44.87,0.52
Lahore,2021-11-15,0.0,17.38,45.82,0.52
Lahore,2021-11-16,0.0,17.5,43.92,0.52
Lahore,2021-11-17,0.0,17.96,39.21,0.51
Lahore,2021-11-18,0.0,16.64,44.9,0.51
Lahore,2021-11-19,0.0,16.97,45.37,0.51
Lahore,2021-11-20,0.0,17.56,46.75,0.51
Lahore,2021-11-21,0.0,17.09,51.53,0.51
Lahore,2021-11-22,0.0,16.09,53.55,0.5
Lahore,2021-11-23,0.0,17.48,44.72,0.5
Lahore,2021-11-24,0.0,16.79,45.25,0.5
Lahore,2021-11-25,0.0,15.9,51.37,0.5
Lahore,2021-11-26,0.0,16.31,52.56,0.5
Lahore,2021-11-27,0.0,16.28,53.18,0.49
Lahore,2021-11-28,0.0,16.06,57.42,0.49
Lahore,2021-11-29,0.0,16.06,58.24,0.49
Lahore,2021-11-30,0.0,16.22,55.28,0.49
Lahore,2021-12-01,0.0,16.49,47.35,0.49
Lahore,2021-12-02,0.0,16.37,47.05,0.49
Lahore,2021-12-03,0.0,15.94,47.51,0.48
Lahore,2021-12-04,0.0,17.34,50.51,0.48
Lahore,2021-12-05,0.35,16.64,57.37,0.48
Lahore,2021-12-06,0.0,14.69,72.22,0.48
Lahore,2021-12-07,0.0,14.06,64.41,0.48
Lahore,2021-12-08,0.0,14.88,50.09,0.48
Lahore,2021-12-09,0.0,15.17,44.09,0.48
Lahore,2021-12-10,0.0,13.72,51.16,0.47
Lahore,2021-12-11,0.0,14.05,44.23,0.47
Lahore,2021-12-12,0.0,15.36,34.84,0.47
Lahore,2021-12-13,0.0,14.25,38.63,0.47
Lahore,2021-12-14,0.0,13.34,46.35,0.47
Lahore,2021-12-15,0.0,12.13,52.07,0.47
Lahore,2021-12-16,0.0,10.21,57.08,0.47
Lahore,2021-12-17,0.0,8.88,50.67,0.47
Lahore,2021-12-18,0.0,8.14,48.25,0.46
Lahore,2021-12-19,0.0,8.28,46.13,0.46
Lahore,2021-12-20,0.0,10.63,40.45,0.46
Lahore,2021-12-21,0.0,12.44,32.97,0.46
Lahore,2021-12-22,0.0,12.66,37.82,0.46
Lahore,2021-12-23,0.0,13.59,46.47,0.46
Lahore,2021-12-24,0.0,13.86,54.4,0.46
Lahore,2021-12-25,0.0,14.89,50.74,0.46
Lahore,2021-12-26,0.02,15.05,48.19,0.46
Lahore,2021-12-27,0.03,12.54,63.27,0.46
Lahore,2021-12-28,0.0,11.77,63.24,0.45
Lahore,2021-12-29,0.0,10.8,56.52,0.45
Lahore,2021-12-30,0.0,10.71,47.61,0.45
Lahore,2021-12-31,0.0,12.04,44.08,0.45
Lahore,2022-01-01,0.0,12.42,44.13,0.45
Lahore,2022-01-02,0.0,12.92,45.62,0.45
Lahore,2022-01-03,0.0,13.75,52.7,0.45
Lahore,2022-01-04,1.13,12.59,69.26,0.45
Lahore,2022-01-05,33.15,12.47,90.84,0.48
Lahore,2022-01-06,1.87,13.96,84.09,0.51
Lahore,2022-01-07,13.8,14.39,87.04,0.53
Lahore,2022-01-08,39.77,13.58,87.86,0.58
Lahore,2022-01-09,0.1,11.25,82.62,0.6
Lahore,2022-01-10,0.1,10.94,74.28,0.59
Lahore,2022-01-11,0.0,9.84,76.73,0.59
Lahore,2022-01-12,0.0,11.16,67.58,0.58
Lahore,2022-01-13,0.0,12.33,64.34,0.58
Lahore,2022-01-14,0.0,11.64,69.79,0.58
Lahore,2022-01-15,0.0,11.94,64.38,0.58
Lahore,2022-01-16,0.0,12.37,56.78,0.57
Lahore,2022-01-17,0.0,10.89,61.36,0.57
Lahore,2022-01-18,0.0,11.9,66.65,0.57
Lahore,2022-01-19,2.26,11.68,81.48,0.57
Lahore,2022-01-20,0.25,12.25,80.64,0.57
Lahore,2022-01-21,0.14,12.73,72.3,0.57
Lahore,2022-01-22,12.4,11.13,87.63,0.57
Lahore,2022-01-23,14.28,11.6,91.09,0.61
Lahore,2022-01-24,0.25,10.96,85.36,0.61
Lahore,2022-01-25,0.02,10.41,79.71,0.6
Lahore,2022-01-26,0.01,10.48,70.35,0.6
Lahore,2022-01-27,0.0,10.56,61.9,0.6
Lahore,2022-01-28,0.0,10.71,60.35,0.59
Lahore,2022-01-29,0.0,12.26,56.16,0.59
Lahore,2022-01-30,0.0,11.95,66.21,0.59
Lahore,2022-01-31,0.0,14.24,59.64,0.59
Lahore,2022-02-01,0.0,13.15,65.28,0.58
Lahore,2022-02-02,0.09,12.97,65.95,0.58
Lahore,2022-02-03,8.51,11.34,85.95,0.59
Lahore,2022-02-04,0.3,11.04,79.47,0.59
Lahore,2022-02-05,0.0,12.25,65.66,0.59
Lahore,2022-02-06,0.0,13.09,58.08,0.58
Lahore,2022-02-07,0.0,13.51,65.9,0.58
Lahore,2022-02-08,0.0,13.68,61.37,0.58
Lahore,2022-02-09,0.0,14.17,58.45,0.57
Lahore,2022-02-10,0.0,12.83,63.17,0.57
Lahore,2022-02-11,0.0,12.17,61.36,0.56
Lahore,2022-02-12,0.0,14.36,52.78,0.56
Lahore,2022-02-13,0.0,14.76,55.02,0.56
Lahore,2022-02-14,0.0,15.05,57.84,0.55
Lahore,2022-02-15,0.0,15.74,59.63,0.55
Lahore,2022-02-16,0.0,15.79,65.74,0.55
Lahore,2022-02-17,0.0,16.45,60.17,0.54
Lahore,2022-02-18,0.0,15.73,61.28,0.54
Lahore,2022-02-19,0.0,15.67,59.18,0.54
Lahore,2022-02-20,0.0,15.15,59.47,0.53
Lahore,2022-02-21,0.0,16.18,45.7,0.53
Lahore,2022-02-22,1.46,17.06,52.23,0.53
Lahore,2022-02-23,0.01,16.0,69.79,0.52
Lahore,2022-02-24,0.02,16.63,66.77,0.52
Lahore,2022-02-25,1.59,16.71,69.19,0.52
Lahore,2022-02-26,10.21,14.04,84.33,0.53
Lahore,2022-02-27,0.02,14.22,70.68,0.53
Lahore,2022-02-28,0.0,13.89,63.95,0.53
Lahore,2022-03-01,0.0,17.4,57.68,0.52
Lahore,2022-03-02,0.61,17.56,60.72,0.52
Lahore,2022-03-03,5.27,16.07,78.52,0.52
Lahore,2022-03-04,0.0,15.86,72.58,0.53
Lahore,2022-03-05,0.0,17.2,60.65,0.52
Lahore,2022-03-06,0.05,19.81,56.1,0.52
Lahore,2022-03-07,0.43,19.93,59.81,0.51
Lahore,2022-03-08,0.0,19.22,54.6,0.51
Lahore,2022-03-09,0.0,20.18,56.17,0.51
Lahore,2022-03-10,0.0,20.6,59.84,0.5
Lahore,2022-03-11,0.0,21.83,52.46,0.5
Lahore,2022-03-12,0.0,21.83,57.38,0.49
Lahore,2022-03-13,0.0,24.17,56.27,0.49
Lahore,2022-03-14,0.0,26.22,48.4,0.48
Lahore,2022-03-15,0.0,25.95,49.1,0.48
Lahore,2022-03-16,0.0,24.86,52.71,0.47
Lahore,2022-03-17,0.0,26.84,44.21,0.47
Lahore,2022-03-18,0.0,26.4,50.8,0.47
Lahore,2022-03-19,0.0,27.03,52.59,0.46
Lahore,2022-03-20,0.0,27.87,46.04,0.46
Lahore,2022-03-21,0.0,27.21,47.38,0.45
Lahore,2022-03-22,0.0,25.96,40.82,0.45
Lahore,2022-03-23,0.0,26.41,38.07,0.45
Lahore,2022-03-24,0.0,26.1,35.08,0.44
Lahore,2022-03-25,0.0,25.15,43.47,0.44
Lahore,2022-03-26,0.0,25.0,38.24,0.43
Lahore,2022-03-27,0.0,27.59,31.08,0.43
Lahore,2022-03-28,0.0,26.97,28.84,0.43
Lahore,2022-03-29,0.0,28.51,26.85,0.42
Lahore,2022-03-30,0.0,28.79,27.54,0.42
Lahore,2022-03-31,0.0,27.85,28.17,0.42
Lahore,2022-04-01,0.0,28.19,27.55,0.41
Lahore,2022-04-02,0.0,28.92,20.3,0.41
Lahore,2022-04-03,0.0,27.17,25.12,0.4
Lahore,2022-04-04,0.0,28.23,27.37,0.4
Lahore,2022-04-05,0.0,29.25,24.61,0.4
Lahore,2022-04-06,0.0,30.61,22.28,0.4
Lahore,2022-04-07,0.0,31.44,21.25,0.39
Lahore,2022-04-08,0.0,31.51,21.88,0.39
Lahore,2022-04-09,0.0,31.89,22.4,0.39
Lahore,2022-04-10,0.0,32.0,24.59,0.39
Lahore,2022-04-11,0.0,33.09,23.5,0.38
Lahore,2022-04-12,0.0,32.33,21.38,0.38
Lahore,2022-04-13,0.0,31.01,24.51,0.38
Lahore,2022-04-14,0.0,31.71,25.69,0.38
Lahore,2022-04-15,0.0,30.76,24.3,0.38
Lahore,2022-04-16,0.0,31.84,21.97,0.38
Lahore,2022-04-17,0.0,31.76,19.63,0.38
Lahore,2022-04-18,0.0,33.35,18.98,0.37
Lahore,2022-04-19,0.0,32.95,24.54,0.37
Lahore,2022-04-20,0.0,33.19,25.63,0.37
Lahore,2022-04-21,0.01,31.27,27.47,0.37
Lahore,2022-04-22,0.24,30.41,25.52,0.37
Lahore,2022-04-23,0.0,30.76,24.41,0.37
Lahore,2022-04-24,0.0,31.56,23.55,0.37
Lahore,2022-04-25,0.0,32.64,23.38,0.37
Lahore,2022-04-26,0.0,33.14,19.06,0.37
Lahore,2022-04-27,0.0,34.34,15.17,0.37
Lahore,2022-04-28,0.0,36.68,14.1,0.37
Lahore,2022-04-29,0.0,35.68,15.49,0.37
Lahore,2022-04-30,0.0,36.3,16.77,0.37
Lahore,2022-05-01,0.0,36.69,15.9,0.37
Lahore,2022-05-02,0.0,35.4,15.13,0.37
Lahore,2022-05-03,0.19,34.5,18.61,0.37
Lahore,2022-05-04,2.84,32.75,26.81,0.37
Lahore,2022-05-05,0.07,32.25,32.94,0.37
Lahore,2022-05-06,0.51,33.48,29.02,0.37
Lahore,2022-05-07,0.11,34.87,22.8,0.37
Lahore,2022-05-08,0.0,36.1,19.78,0.37
Lahore,2022-05-09,0.0,35.88,21.28,0.37
Lahore,2022-05-10,0.46,35.4,26.27,0.37
Lahore,2022-05-11,0.0,36.41,22.31,0.37
Lahore,2022-05-12,0.0,37.68,16.07,0.37
Lahore,2022-05-13,0.0,37.31,13.67,0.37
Lahore,2022-05-14,0.0,37.42,10.45,0.37
Lahore,2022-05-15,0.0,38.43,9.5,0.37
Lahore,2022-05-16,0.01,36.46,13.86,0.37
Lahore,2022-05-17,0.0,37.66,17.18,0.37
Lahore,2022-05-18,0.0,36.62,16.93,0.37
Lahore,2022-05-19,0.0,38.3,14.96,0.37
Lahore,2022-05-20,0.03,37.52,15.0,0.37
Lahore,2022-05-21,0.01,36.29,20.49,0.37
Lahore,2022-05-22,0.0,36.32,15.31,0.37
Lahore,2022-05-23,7.24,32.34,27.46,0.37
Lahore,2022-05-24,0.86,26.74,50.98,0.38
Lahore,2022-05-25,0.0,30.27,42.55,0.38
Lahore,2022-05-26,0.0,33.93,30.95,0.38
Lahore,2022-05-27,0.0,36.31,27.08,0.37
Lahore,2022-05-28,2.09,37.52,25.69,0.37
Lahore,2022-05-29,0.46,36.7,28.35,0.38
Lahore,2022-05-30,0.25,35.77,27.3,0.37
Lahore,2022-05-31,0.03,36.26,24.16,0.37
Lahore,2022-06-01,0.14,36.45,20.85,0.37
Lahore,2022-06-02,0.0,36.38,14.95,0.37
Lahore,2022-06-03,0.0,37.17,13.05,0.37
Lahore,2022-06-04,0.0,38.34,10.31,0.37
Lahore,2022-06-05,0.0,38.1,9.93,0.37
Lahore,2022-06-06,0.0,38.26,11.37,0.37
Lahore,2022-06-07,0.0,38.84,12.44,0.37
Lahore,2022-06-08,0.0,38.65,12.83,0.37
Lahore,2022-06-09,0.0,38.83,14.51,0.37
Lahore,2022-06-10,0.0,39.25,16.65,0.37
Lahore,2022-06-11,0.0,39.39,16.23,0.37
Lahore,2022-06-12,0.09,39.5,19.49,0.37
Lahore,2022-06-13,0.88,39.04,20.33,0.37
Lahore,2022-06-14,0.0,39.19,23.42,0.37
Lahore,2022-06-15,0.0,39.89,25.92,0.37
Lahore,2022-06-16,1.23,39.21,24.65,0.37
Lahore,2022-06-17,14.45,34.41,42.49,0.39
Lahore,2022-06-18,23.79,31.12,57.09,0.42
Lahore,2022-06-19,1.46,31.15,51.09,0.43
Lahore,2022-06-20,3.48,31.84,47.0,0.42
Lahore,2022-06-21,14.71,29.06,54.93,0.44
Lahore,2022-06-22,11.04,29.62,62.33,0.46
Lahore,2022-06-23,0.0,31.05,45.67,0.46
Lahore,2022-06-24,0.0,32.68,37.09,0.45
Lahore,2022-06-25,0.0,35.0,29.31,0.44
Lahore,2022-06-26,0.0,35.53,32.2,0.44
Lahore,2022-06-27,0.0,36.04,36.17,0.43
Lahore,2022-06-28,0.0,37.34,37.13,0.43
Lahore,2022-06-29,0.02,37.9,36.58,0.42
Lahore,2022-06-30,1.63,36.28,43.32,0.42
Lahore,2022-07-01,18.03,30.23,68.97,0.44
Lahore,2022-07-02,0.32,33.13,57.74,0.45
Lahore,2022-07-03,2.61,33.51,57.61,0.44
Lahore,2022-07-04,1.4,32.79,59.94,0.44
Lahore,2022-07-05,2.58,35.2,53.76,0.44
Lahore,2022-07-06,5.68,34.59,56.41,0.44
Lahore,2022-07-07,0.92,34.63,55.2,0.44
Lahore,2022-07-08,1.63,35.86,51.07,0.44
Lahore,2022-07-09,0.92,35.74,50.07,0.44
Lahore,2022-07-10,5.64,32.45,63.13,0.44
Lahore,2022-07-11,0.26,33.88,54.14,0.44
Lahore,2022-07-12,0.94,35.18,48.28,0.43
Lahore,2022-07-13,4.33,35.04,53.68,0.43
Lahore,2022-07-14,38.97,31.92,66.33,0.47
Lahore,2022-07-15,43.01,29.03,80.88,0.55
Lahore,2022-07-16,7.47,31.31,70.47,0.57
Lahore,2022-07-17,2.68,31.11,70.86,0.57
Lahore,2022-07-18,0.03,32.47,63.59,0.55
Lahore,2022-07-19,1.59,33.1,65.61,0.54
Lahore,2022-07-20,15.38,33.13,68.5,0.55
Lahore,2022-07-21,49.5,30.19,79.92,0.62
Lahore,2022-07-22,11.05,30.14,79.35,0.63
Lahore,2022-07-23,12.54,29.44,82.64,0.63
Lahore,2022-07-24,4.25,28.75,84.17,0.64
Lahore,2022-07-25,2.07,29.31,78.85,0.64
Lahore,2022-07-26,1.57,30.15,77.09,0.63
Lahore,2022-07-27,6.02,30.27,78.18,0.62
Lahore,2022-07-28,2.9,30.2,77.82,0.62
Lahore,2022-07-29,16.24,29.31,83.23,0.63
Lahore,2022-07-30,9.35,29.71,81.34,0.64
Lahore,2022-07-31,11.21,29.49,84.48,0.64
Lahore,2022-08-01,11.75,29.17,84.52,0.66
Lahore,2022-08-02,0.3,30.07,79.34,0.65
Lahore,2022-08-03,0.34,31.74,73.04,0.64
Lahore,2022-08-04,1.53,30.54,76.76,0.63
Lahore,2022-08-05,7.46,29.29,81.75,0.63
Lahore,2022-08-06,19.99,29.62,81.94,0.65
Lahore,2022-08-07,14.34,29.78,81.76,0.67
Lahore,2022-08-08,15.54,29.04,84.27,0.69
Lahore,2022-08-09,12.87,30.27,81.57,0.69
Lahore,2022-08-10,2.78,31.29,76.82,0.7
Lahore,2022-08-11,5.81,28.3,83.9,0.69
Lahore,2022-08-12,0.66,29.39,73.5,0.68
Lahore,2022-08-13,0.0,30.63,77.19,0.67
Lahore,2022-08-14,0.79,30.3,79.15,0.66
Lahore,2022-08-15,16.96,27.48,89.02,0.67
Lahore,2022-08-16,0.29,28.54,78.26,0.67
Lahore,2022-08-17,1.78,28.66,80.33,0.66
Lahore,2022-08-18,1.32,30.02,77.4,0.65
Lahore,2022-08-19,0.79,29.64,78.21,0.64
Lahore,2022-08-20,16.05,28.87,79.46,0.64
Lahore,2022-08-21,2.93,29.83,75.82,0.65
Lahore,2022-08-22,0.1,30.78,72.84,0.64
Lahore,2022-08-23,6.91,30.5,77.11,0.63
Lahore,2022-08-24,4.82,28.76,80.84,0.64
Lahore,2022-08-25,13.96,28.77,81.55,0.65
Lahore,2022-08-26,0.27,29.23,75.26,0.64
Lahore,2022-08-27,0.01,29.06,78.76,0.63
Lahore,2022-08-28,12.78,29.24,78.15,0.62
Lahore,2022-08-29,25.14,28.95,81.24,0.65
Lahore,2022-08-30,6.09,29.16,80.63,0.67
Lahore,2022-08-31,0.93,29.77,76.12,0.65
Lahore,2022-09-01,0.19,30.38,71.92,0.64
Lahore,2022-09-02,2.66,30.06,71.85,0.63
Lahore,2022-09-03,2.75,29.74,73.07,0.63
Lahore,2022-09-04,3.22,29.48,75.33,0.62
Lahore,2022-09-05,5.77,28.88,76.78,0.62
Lahore,2022-09-06,6.12,29.06,75.02,0.62
Lahore,2022-09-07,0.09,29.59,68.79,0.62
Lahore,2022-09-08,0.28,30.1,68.22,0.61
Lahore,2022-09-09,0.65,30.07,69.33,0.6
Lahore,2022-09-10,2.13,30.49,67.73,0.59
Lahore,2022-09-11,3.52,29.32,72.46,0.59
Lahore,2022-09-12,8.76,28.5,77.54,0.6
Lahore,2022-09-13,0.0,29.41,71.41,0.59
Lahore,2022-09-14,0.29,29.85,71.03,0.58
Lahore,2022-09-15,1.46,29.28,70.91,0.58
Lahore,2022-09-16,5.58,28.82,69.67,0.58
Lahore,2022-09-17,2.8,28.78,70.23,0.57
Lahore,2022-09-18,1.17,28.63,71.98,0.57
Lahore,2022-09-19,0.0,29.17,68.52,0.56
Lahore,2022-09-20,1.13,29.03,69.27,0.56
Lahore,2022-09-21,0.61,29.58,67.67,0.55
Lahore,2022-09-22,0.87,29.3,70.17,0.54
Lahore,2022-09-23,14.64,29.03,71.63,0.55
Lahore,2022-09-24,8.19,27.56,77.89,0.56
Lahore,2022-09-25,7.01,26.51,78.02,0.58
Lahore,2022-09-26,0.31,27.69,68.7,0.57
Lahore,2022-09-27,3.91,27.8,66.34,0.57
Lahore,2022-09-28,0.51,27.8,67.41,0.56
Lahore,2022-09-29,0.0,27.71,67.55,0.56
Lahore,2022-09-30,0.0,27.86,65.2,0.55
Lahore,2022-10-01,0.0,27.76,60.06,0.54
Lahore,2022-10-02,0.0,27.97,56.72,0.54
Lahore,2022-10-03,0.0,28.07,58.24,0.53
Lahore,2022-10-04,0.0,28.18,57.84,0.53
Lahore,2022-10-05,0.0,28.14,55.51,0.52
Lahore,2022-10-06,0.0,26.67,56.63,0.51
Lahore,2022-10-07,0.0,26.18,63.88,0.51
Lahore,2022-10-08,0.04,26.05,67.7,0.51
Lahore,2022-10-09,0.0,26.64,66.67,0.5
Lahore,2022-10-10,3.58,26.17,69.15,0.5
Lahore,2022-10-11,4.99,25.16,71.74,0.51
Lahore,2022-10-12,1.0,24.52,69.44,0.51
Lahore,2022-10-13,0.0,24.91,65.44,0.5
Lahore,2022-10-14,0.0,24.8,61.7,0.5
Lahore,2022-10-15,0.0,25.05,54.79,0.5
Lahore,2022-10-16,0.0,24.47,54.97,0.49
Lahore,2022-10-17,0.0,23.95,51.44,0.49
Lahore,2022-10-18,0.0,24.01,50.13,0.48
Lahore,2022-10-19,0.0,23.66,51.92,0.48
Lahore,2022-10-20,1.08,23.14,58.8,0.48
Lahore,2022-10-21,0.3,22.91,61.26,0.48
Lahore,2022-10-22,0.0,21.91,49.53,0.47
Lahore,2022-10-23,0.0,22.43,45.69,0.47
Lahore,2022-10-24,0.0,23.04,48.1,0.47
Lahore,2022-10-25,0.0,23.67,48.13,0.46
Lahore,2022-10-26,0.0,23.83,48.82,0.46
Lahore,2022-10-27,0.0,23.69,48.89,0.46
Lahore,2022-10-28,0.0,24.23,48.33,0.46
Lahore,2022-10-29,0.0,24.22,40.42,0.45
Lahore,2022-10-30,0.0,23.47,42.61,0.45
Lahore,2022-10-31,0.0,22.55,52.11,0.45
Lahore,2022-11-01,0.0,23.08,53.0,0.45
Lahore,2022-11-02,0.0,22.77,57.19,0.45
Lahore,2022-11-03,0.0,22.79,57.39,0.44
Lahore,2022-11-04,0.0,23.73,53.46,0.44
Lahore,2022-11-05,0.01,22.48,66.01,0.44
Lahore,2022-11-06,3.68,21.15,83.99,0.45
Lahore,2022-11-07,0.07,21.78,70.02,0.45
Lahore,2022-11-08,0.03,21.99,57.95,0.44
Lahore,2022-11-09,0.05,21.17,52.3,0.44
Lahore,2022-11-10,0.29,18.32,62.47,0.44
Lahore,2022-11-11,0.0,18.73,57.65,0.44
Lahore,2022-11-12,0.0,18.91,50.79,0.44
Lahore,2022-11-13,0.0,19.01,48.05,0.43
Lahore,2022-11-14,5.99,18.1,72.72,0.44
Lahore,2022-11-15,0.57,17.57,70.69,0.44
Lahore,2022-11-16,0.0,16.85,68.4,0.44
Lahore,2022-11-17,0.0,17.26,58.76,0.44
Lahore,2022-11-18,0.0,17.05,51.17,0.44
Lahore,2022-11-19,0.0,16.98,48.14,0.44
Lahore,2022-11-20,0.0,16.92,55.31,0.44
Lahore,2022-11-21,0.0,16.36,56.96,0.43
Lahore,2022-11-22,0.0,16.16,52.04,0.43
Lahore,2022-11-23,0.0,16.18,47.16,0.43
Lahore,2022-11-24,0.0,17.36,41.62,0.43
Lahore,2022-11-25,0.0,18.24,40.03,0.43
Lahore,2022-11-26,0.0,17.35,47.57,0.43
Lahore,2022-11-27,0.0,17.79,44.22,0.43
Lahore,2022-11-28,0.0,17.57,45.89,0.42
Lahore,2022-11-29,0.0,17.68,47.97,0.42
Lahore,2022-11-30,0.0,17.48,48.3,0.42
Lahore,2022-12-01,0.0,18.49,43.47,0.42
Lahore,2022-12-02,0.0,18.59,39.76,0.42
Lahore,2022-12-03,0.0,16.57,47.18,0.42
Lahore,2022-12-04,0.0,16.46,51.11,0.42
Lahore,2022-12-05,0.0,17.29,43.78,0.42
Lahore,2022-12-06,0.0,15.98,46.77,0.42
Lahore,2022-12-07,0.0,15.38,51.47,0.41
Lahore,2022-12-08,0.0,16.45,52.11,0.41
Lahore,2022-12-09,0.01,18.72,44.21,0.41
Lahore,2022-12-10,0.02,18.94,48.33,0.41
Lahore,2022-12-11,0.0,17.78,49.77,0.41
Lahore,2022-12-12,0.0,16.18,52.13,0.41
Lahore,2022-12-13,0.0,15.76,51.93,0.41
Lahore,2022-12-14,0.0,13.95,50.91,0.41
Lahore,2022-12-15,0.0,13.9,45.26,0.41
Lahore,2022-12-16,0.0,15.46,37.07,0.4
Lahore,2022-12-17,0.0,16.56,34.51,0.4
Lahore,2022-12-18,0.0,16.47,39.24,0.4
Lahore,2022-12-19,0.0,15.8,41.36,0.4
Lahore,2022-12-20,0.0,14.94,44.15,0.4
Lahore,2022-12-21,0.0,13.8,48.63,0.4
Lahore,2022-12-22,0.0,13.38,46.85,0.4
Lahore,2022-12-23,0.0,13.18,42.72,0.4
Lahore,2022-12-24,0.0,10.64,41.58,0.4
Lahore,2022-12-25,0.0,10.67,47.29,0.4
Lahore,2022-12-26,0.0,11.18,48.0,0.4
Lahore,2022-12-27,0.0,11.31,50.73,0.4
Lahore,2022-12-28,0.0,12.83,46.05,0.4
Lahore,2022-12-29,1.38,15.56,61.95,0.4
Lahore,2022-12-30,0.39,13.89,71.26,0.4
Lahore,2022-12-31,0.0,11.84,66.69,0.4
Lahore,2023-01-01,0.0,11.95,51.44,0.4
Lahore,2023-01-02,0.0,12.25,40.31,0.4
Lahore,2023-01-03,0.0,11.41,39.18,0.4
Lahore,2023-01-04,0.0,10.18,43.61,0.4
Lahore,2023-01-05,0.0,10.64,37.98,0.39
Lahore,2023-01-06,0.0,10.92,31.99,0.39
Lahore,2023-01-07,0.0,12.08,39.4,0.39
Lahore,2023-01-08,0.0,11.37,50.33,0.39
Lahore,2023-01-09,0.0,11.16,67.1,0.39
Lahore,2023-01-10,0.0,12.97,63.66,0.39
Lahore,2023-01-11,0.83,14.23,63.55,0.39
Lahore,2023-01-12,0.85,14.61,66.51,0.39
Lahore,2023-01-13,3.79,11.57,67.55,0.4
Lahore,2023-01-14,0.0,7.54,45.1,0.4
Lahore,2023-01-15,0.0,8.19,52.0,0.4
Lahore,2023-01-16,0.0,8.9,44.46,0.4
Lahore,2023-01-17,0.0,9.22,41.22,0.4
Lahore,2023-01-18,0.0,10.16,43.47,0.4
Lahore,2023-01-19,0.03,12.72,38.23,0.39
Lahore,2023-01-20,1.36,10.19,74.24,0.4
Lahore,2023-01-21,0.03,10.83,68.92,0.4
Lahore,2023-01-22,0.0,11.7,57.0,0.39
Lahore,2023-01-23,0.0,11.63,54.23,0.39
Lahore,2023-01-24,2.61,12.71,63.51,0.39
Lahore,2023-01-25,0.92,11.82,61.33,0.4
Lahore,2023-01-26,0.03,11.28,60.28,0.4
Lahore,2023-01-27,0.0,11.28,52.61,0.4
Lahore,2023-01-28,0.0,12.74,43.81,0.4
Lahore,2023-01-29,2.89,11.44,55.88,0.4
Lahore,2023-01-30,4.43,13.72,79.93,0.4
Lahore,2023-01-31,0.96,13.31,72.78,0.41
Lahore,2023-02-01,0.0,12.84,60.69,0.41
Lahore,2023-02-02,0.0,14.42,49.83,0.4
Lahore,2023-02-03,0.0,14.53,56.97,0.4
Lahore,2023-02-04,0.0,15.92,60.13,0.4
Lahore,2023-02-05,0.0,17.13,50.81,0.4
Lahore,2023-02-06,0.01,17.31,49.31,0.4
Lahore,2023-02-07,0.01,15.35,54.93,0.4
Lahore,2023-02-08,0.0,15.26,48.3,0.4
Lahore,2023-02-09,0.11,15.11,50.0,0.4
Lahore,2023-02-10,0.0,16.37,43.64,0.4
Lahore,2023-02-11,0.0,14.82,39.78,0.39
Lahore,2023-02-12,0.0,12.7,35.32,0.39
Lahore,2023-02-13,0.0,13.45,32.6,0.39
Lahore,2023-02-14,0.0,16.74,34.82,0.39
Lahore,2023-02-15,0.0,18.84,42.08,0.39
Lahore,2023-02-16,0.0,20.57,43.34,0.39
Lahore,2023-02-17,0.0,22.33,33.4,0.39
Lahore,2023-02-18,0.0,22.72,31.86,0.39
Lahore,2023-02-19,0.0,22.45,27.2,0.39
Lahore,2023-02-20,0.0,21.99,28.71,0.38
Lahore,2023-02-21,0.01,20.71,33.25,0.38
Lahore,2023-02-22,0.01,18.41,37.07,0.38
Lahore,2023-02-23,0.0,19.23,33.61,0.38
Lahore,2023-02-24,0.0,20.75,34.43,0.38
Lahore,2023-02-25,0.0,22.64,29.92,0.38
Lahore,2023-02-26,0.0,22.44,33.7,0.38
Lahore,2023-02-27,0.09,21.92,40.42,0.38
Lahore,2023-02-28,0.52,19.92,49.18,0.38
Lahore,2023-03-01,0.87,20.05,59.36,0.38
Lahore,2023-03-02,0.0,19.81,58.63,0.38
Lahore,2023-03-03,0.0,19.34,54.8,0.38
Lahore,2023-03-04,0.0,20.98,42.15,0.38
Lahore,2023-03-05,0.0,22.53,37.42,0.38
Lahore,2023-03-06,0.0,22.38,40.54,0.38
Lahore,2023-03-07,0.0,23.49,35.55,0.38
Lahore,2023-03-08,0.0,24.02,32.18,0.38
Lahore,2023-03-09,0.01,23.68,28.62,0.38
Lahore,2023-03-10,0.0,24.57,26.2,0.38
Lahore,2023-03-11,0.0,24.44,26.09,0.38
Lahore,2023-03-12,0.02,24.59,34.23,0.37
Lahore,2023-03-13,0.0,25.91,39.92,0.37
Lahore,2023-03-14,0.0,26.33,35.16,0.37
Lahore,2023-03-15,0.0,26.28,32.75,0.37
Lahore,2023-03-16,0.19,24.41,33.46,0.37
Lahore,2023-03-17,9.14,19.9,60.34,0.39
Lahore,2023-03-18,1.08,20.05,67.51,0.39
Lahore,2023-03-19,0.18,19.7,67.35,0.39
Lahore,2023-03-20,1.57,21.02,61.58,0.39
Lahore,2023-03-21,1.16,20.98,62.23,0.39
Lahore,2023-03-22,0.18,22.13,49.33,0.39
Lahore,2023-03-23,1.33,22.07,52.25,0.39
Lahore,2023-03-24,26.82,20.27,70.25,0.4
Lahore,2023-03-25,2.89,19.47,72.23,0.44
Lahore,2023-03-26,0.03,19.75,58.26,0.44
Lahore,2023-03-27,0.0,21.43,44.94,0.43
Lahore,2023-03-28,0.0,22.88,43.03,0.43
Lahore,2023-03-29,0.28,23.32,47.99,0.43
Lahore,2023-03-30,0.84,24.42,52.01,0.42
Lahore,2023-03-31,21.41,19.71,77.91,0.44
Lahore,2023-04-01,14.38,19.69,75.87,0.48
Lahore,2023-04-02,1.87,21.29,65.09,0.48
Lahore,2023-04-03,3.58,21.9,63.32,0.48
Lahore,2023-04-04,0.67,21.7,62.56,0.48
Lahore,2023-04-05,0.0,23.03,51.37,0.48
Lahore,2023-04-06,0.6,23.5,50.33,0.47
Lahore,2023-04-07,0.0,23.44,42.8,0.47
Lahore,2023-04-08,0.0,25.3,36.96,0.46
Lahore,2023-04-09,0.0,27.31,28.79,0.46
Lahore,2023-04-10,0.0,27.26,32.89,0.45
Lahore,2023-04-11,0.0,28.91,32.51,0.45
Lahore,2023-04-12,0.0,28.67,36.86,0.44
Lahore,2023-04-13,0.0,28.09,38.27,0.44
Lahore,2023-04-14,0.0,30.52,30.94,0.44
Lahore,2023-04-15,0.0,31.76,24.82,0.43
Lahore,2023-04-16,0.0,30.54,30.5,0.43
Lahore,2023-04-17,0.26,30.17,37.97,0.42
Lahore,2023-04-18,0.96,28.84,44.11,0.42
Lahore,2023-04-19,2.06,25.17,58.95,0.42
Lahore,2023-04-20,1.39,26.06,54.46,0.42
Lahore,2023-04-21,0.04,25.22,50.84,0.42
Lahore,2023-04-22,0.0,25.86,38.69,0.42
Lahore,2023-04-23,0.0,26.41,33.92,0.41
Lahore,2023-04-24,0.0,27.54,31.29,0.41
Lahore,2023-04-25,0.0,27.51,32.83,0.41
Lahore,2023-04-26,0.0,29.5,33.39,0.4
Lahore,2023-04-27,0.17,26.98,47.21,0.4
Lahore,2023-04-28,0.03,27.58,50.08,0.4
Lahore,2023-04-29,0.75,26.74,52.47,0.4
Lahore,2023-04-30,0.26,25.55,58.77,0.4
Lahore,2023-05-01,1.83,24.62,60.58,0.4
Lahore,2023-05-02,2.17,23.15,68.63,0.4
Lahore,2023-05-03,5.32,24.03,64.85,0.41
Lahore,2023-05-04,1.57,25.95,54.53,0.41
Lahore,2023-05-05,8.74,27.14,52.01,0.42
Lahore,2023-05-06,4.5,28.75,44.37,0.42
Lahore,2023-05-07,0.55,28.69,40.44,0.42
Lahore,2023-05-08,0.02,27.49,38.53,0.41
Lahore,2023-05-09,0.0,27.54,31.8,0.41
Lahore,2023-05-10,0.0,27.99,28.52,0.4
Lahore,2023-05-11,0.0,30.43,25.85,0.4
Lahore,2023-05-12,0.0,31.84,25.98,0.4
Lahore,2023-05-13,0.0,33.44,25.29,0.39
Lahore,2023-05-14,0.06,32.16,32.06,0.39
Lahore,2023-05-15,0.0,33.34,29.23,0.39
Lahore,2023-05-16,0.0,33.44,29.67,0.38
Lahore,2023-05-17,0.25,33.52,33.57,0.38
Lahore,2023-05-18,1.76,30.84,38.57,0.38
Lahore,2023-05-19,0.0,31.88,32.14,0.38
Lahore,2023-05-20,0.0,33.44,23.06,0.38
Lahore,2023-05-21,0.0,36.53,17.51,0.38
Lahore,2023-05-22,0.0,37.5,20.46,0.38
Lahore,2023-05-23,0.76,36.39,26.58,0.37
Lahore,2023-05-24,2.01,33.66,39.94,0.38
Lahore,2023-05-25,7.03,31.07,47.52,0.38
Lahore,2023-05-26,0.66,30.9,43.26,0.39
Lahore,2023-05-27,2.88,30.31,47.05,0.39
Lahore,2023-05-28,0.04,30.63,39.81,0.38
Lahore,2023-05-29,1.36,28.17,49.37,0.38
Lahore,2023-05-30,1.61,27.39,56.27,0.38
Lahore,2023-05-31,15.83,24.33,73.17,0.4
Lahore,2023-06-01,6.86,24.2,70.21,0.42
Lahore,2023-06-02,1.3,26.86,54.85,0.42
Lahore,2023-06-03,0.0,30.74,39.76,0.42
Lahore,2023-06-04,0.0,32.45,37.95,0.41
Lahore,2023-06-05,0.01,33.06,38.52,0.41
Lahore,2023-06-06,6.04,33.06,43.79,0.41
Lahore,2023-06-07,10.81,30.21,53.6,0.42
Lahore,2023-06-08,0.09,32.86,44.34,0.42
Lahore,2023-06-09,0.0,35.45,37.85,0.42
Lahore,2023-06-10,1.76,36.58,40.7,0.41
Lahore,2023-06-11,1.82,34.77,44.54,0.41
Lahore,2023-06-12,0.0,35.45,39.39,0.41
Lahore,2023-06-13,0.65,37.1,37.89,0.4
Lahore,2023-06-14,0.61,36.1,39.72,0.4
Lahore,2023-06-15,60.31,31.39,61.84,0.46
Lahore,2023-06-16,0.49,32.9,55.06,0.48
Lahore,2023-06-17,0.0,34.85,46.49,0.47
Lahore,2023-06-18,0.34,35.01,47.18,0.46
Lahore,2023-06-19,5.74,35.13,48.05,0.46
Lahore,2023-06-20,0.0,36.82,43.63,0.46
Lahore,2023-06-21,0.0,37.72,42.47,0.45
Lahore,2023-06-22,0.18,37.95,41.91,0.44
Lahore,2023-06-23,0.02,38.42,38.42,0.44
Lahore,2023-06-24,0.0,38.44,40.14,0.43
Lahore,2023-06-25,19.99,37.5,43.11,0.43
Lahore,2023-06-26,96.17,29.02,84.03,0.58
Lahore,2023-06-27,2.88,31.22,69.81,0.6
Lahore,2023-06-28,1.26,31.94,67.05,0.59
Lahore,2023-06-29,4.9,32.89,63.95,0.58
Lahore,2023-06-30,0.85,33.4,58.79,0.57
Lahore,2023-07-01,2.84,32.41,61.39,0.57
Lahore,2023-07-02,0.46,33.6,61.99,0.56
Lahore,2023-07-03,12.35,33.83,62.3,0.56
Lahore,2023-07-04,4.57,34.12,57.87,0.56
Lahore,2023-07-05,88.05,30.39,79.45,0.64
Lahore,2023-07-06,19.14,29.94,76.64,0.68
Lahore,2023-07-07,28.48,28.98,83.18,0.71
Lahore,2023-07-08,15.81,28.29,86.27,0.73
Lahore,2023-07-09,8.13,28.15,83.6,0.73
Lahore,2023-07-10,1.77,29.72,81.0,0.73
Lahore,2023-07-11,0.04,30.73,74.05,0.71
Lahore,2023-07-12,0.0,30.94,72.45,0.7
Lahore,2023-07-13,1.01,30.64,76.66,0.69
Lahore,2023-07-14,1.37,30.35,77.11,0.68
Lahore,2023-07-15,14.29,30.63,75.5,0.68
Lahore,2023-07-16,21.22,30.56,80.61,0.71
Lahore,2023-07-17,4.0,30.84,79.43,0.71
Lahore,2023-07-18,1.14,30.75,79.03,0.7
Lahore,2023-07-19,22.47,28.79,90.04,0.71
Lahore,2023-07-20,4.66,29.32,84.6,0.72
Lahore,2023-07-21,10.33,30.15,84.71,0.73
Lahore,2023-07-22,52.57,28.06,91.03,0.76
Lahore,2023-07-23,22.5,29.91,73.26,0.81
Lahore,2023-07-24,3.03,30.59,72.9,0.81
Lahore,2023-07-25,7.36,29.23,82.47,0.81
Lahore,2023-07-26,29.61,28.38,85.88,0.82
Lahore,2023-07-27,15.93,29.14,86.33,0.85
Lahore,2023-07-28,9.24,29.6,82.54,0.85
Lahore,2023-07-29,28.58,29.38,83.99,0.86
Lahore,2023-07-30,2.6,30.24,78.92,0.87
Lahore,2023-07-31,0.14,31.28,71.75,0.85
Lahore,2023-08-01,3.97,31.64,72.79,0.84
Lahore,2023-08-02,7.84,31.54,77.45,0.84
Lahore,2023-08-03,7.12,31.11,79.27,0.84
Lahore,2023-08-04,2.92,31.19,78.0,0.83
Lahore,2023-08-05,37.34,30.68,78.65,0.84
Lahore,2023-08-06,9.95,31.16,78.29,0.86
Lahore,2023-08-07,1.29,31.2,76.89,0.85
Lahore,2023-08-08,0.07,31.28,76.81,0.84
Lahore,2023-08-09,0.83,30.97,78.5,0.82
Lahore,2023-08-10,2.06,30.11,78.82,0.81
Lahore,2023-08-11,0.88,29.9,78.96,0.8
Lahore,2023-08-12,0.82,30.52,74.91,0.79
Lahore,2023-08-13,1.32,30.63,75.62,0.78
Lahore,2023-08-14,3.09,29.57,79.78,0.77
Lahore,2023-08-15,2.35,29.7,77.75,0.76
Lahore,2023-08-16,2.87,30.24,76.2,0.75
Lahore,2023-08-17,0.46,30.96,73.64,0.74
Lahore,2023-08-18,0.0,30.79,73.01,0.73
Lahore,2023-08-19,0.18,30.08,78.35,0.72
Lahore,2023-08-20,0.96,31.1,75.63,0.71
Lahore,2023-08-21,0.76,30.92,74.35,0.7
Lahore,2023-08-22,0.27,31.86,71.21,0.69
Lahore,2023-08-23,0.25,31.79,68.13,0.68
Lahore,2023-08-24,3.47,30.14,74.33,0.67
Lahore,2023-08-25,5.38,30.05,70.38,0.67
Lahore,2023-08-26,14.37,29.5,73.03,0.68
Lahore,2023-08-27,5.79,30.12,70.94,0.68
Lahore,2023-08-28,9.33,30.07,71.75,0.68
Lahore,2023-08-29,9.34,29.16,74.18,0.68
Lahore,2023-08-30,0.09,29.82,69.69,0.68
Lahore,2023-08-31,0.18,29.92,67.8,0.66
Lahore,2023-09-01,0.07,30.34,64.2,0.65
Lahore,2023-09-02,0.08,29.54,62.4,0.64
Lahore,2023-09-03,0.02,29.72,63.33,0.63
Lahore,2023-09-04,0.0,30.41,63.05,0.62
Lahore,2023-09-05,0.37,29.69,63.59,0.61
Lahore,2023-09-06,0.0,29.98,65.38,0.6
Lahore,2023-09-07,0.0,30.09,67.21,0.59
Lahore,2023-09-08,0.74,29.8,70.89,0.59
Lahore,2023-09-09,0.7,29.85,67.76,0.58
Lahore,2023-09-10,2.07,29.97,69.34,0.57
Lahore,2023-09-11,1.28,30.32,69.93,0.57
Lahore,2023-09-12,1.78,31.25,64.64,0.56
Lahore,2023-09-13,0.77,30.93,66.26,0.56
Lahore,2023-09-14,2.18,30.81,69.55,0.55
Lahore,2023-09-15,3.51,30.71,71.39,0.55
Lahore,2023-09-16,1.84,29.9,74.01,0.55
Lahore,2023-09-17,6.79,28.98,77.21,0.55
Lahore,2023-09-18,29.41,27.89,83.91,0.58
Lahore,2023-09-19,33.95,28.2,81.37,0.62
Lahore,2023-09-20,7.18,29.04,76.5,0.64
Lahore,2023-09-21,1.32,29.12,76.44,0.64
Lahore,2023-09-22,7.7,29.08,78.04,0.63
Lahore,2023-09-23,38.82,28.16,82.28,0.68
Lahore,2023-09-24,1.97,27.54,80.38,0.68
Lahore,2023-09-25,0.15,26.82,78.8,0.67
Lahore,2023-09-26,0.0,26.95,73.95,0.66
Lahore,2023-09-27,0.0,26.88,65.81,0.65
Lahore,2023-09-28,0.0,26.47,66.97,0.64
Lahore,2023-09-29,0.0,26.22,65.65,0.64
Lahore,2023-09-30,0.0,25.68,62.54,0.63
Lahore,2023-10-01,0.0,26.1,51.95,0.62
Lahore,2023-10-02,0.0,25.84,47.85,0.61
Lahore,2023-10-03,0.0,25.35,53.39,0.6
Lahore,2023-10-04,0.0,25.93,55.59,0.6
Lahore,2023-10-05,0.0,26.21,53.06,0.59
Lahore,2023-10-06,0.0,24.69,59.0,0.59
Lahore,2023-10-07,0.0,25.14,62.3,0.58
Lahore,2023-10-08,0.0,26.35,67.71,0.57
Lahore,2023-10-09,5.36,26.64,73.05,0.57
Lahore,2023-10-10,11.81,24.96,75.77,0.59
Lahore,2023-10-11,0.0,24.95,60.95,0.59
Lahore,2023-10-12,0.0,23.85,61.56,0.58
Lahore,2023-10-13,0.0,23.92,65.8,0.57
Lahore,2023-10-14,28.39,23.97,71.79,0.59
Lahore,2023-10-15,0.36,23.1,72.5,0.61
Lahore,2023-10-16,17.47,22.1,79.78,0.61
Lahore,2023-10-17,8.78,20.53,84.23,0.64
Lahore,2023-10-18,0.0,20.19,74.31,0.63
Lahore,2023-10-19,0.0,21.15,63.39,0.62
Lahore,2023-10-20,0.0,21.29,64.52,0.62
Lahore,2023-10-21,0.0,21.87,66.25,0.61
Lahore,2023-10-22,0.51,21.51,72.17,0.61
Lahore,2023-10-23,0.0,21.74,72.17,0.6
Lahore,2023-10-24,0.0,22.72,65.87,0.6
Lahore,2023-10-25,0.0,23.03,59.23,0.59
Lahore,2023-10-26,0.0,23.14,54.04,0.59
Lahore,2023-10-27,0.0,22.61,56.72,0.58
Lahore,2023-10-28,0.0,22.4,64.62,0.58
Lahore,2023-10-29,0.0,22.35,69.4,0.57
Lahore,2023-10-30,0.0,21.78,73.32,0.57
Lahore,2023-10-31,0.0,21.64,72.61,0.57
Lahore,2023-11-01,0.0,22.49,68.77,0.57
Lahore,2023-11-02,0.0,22.36,70.64,0.56
Lahore,2023-11-03,0.0,21.42,75.91,0.56
Lahore,2023-11-04,0.0,22.11,66.3,0.56
Lahore,2023-11-05,0.0,22.08,55.78,0.55
Lahore,2023-11-06,0.0,20.89,62.37,0.55
Lahore,2023-11-07,0.0,21.24,69.2,0.55
Lahore,2023-11-08,0.0,21.78,68.07,0.55
Lahore,2023-11-09,0.0,22.06,65.47,0.55
Lahore,2023-11-10,18.63,17.7,86.96,0.57
Lahore,2023-11-11,0.02,18.46,76.75,0.58
Lahore,2023-11-12,0.0,19.05,62.67,0.57
Lahore,2023-11-13,0.0,18.81,56.61,0.57
Lahore,2023-11-14,0.0,18.67,57.62,0.56
Lahore,2023-11-15,0.0,18.79,54.21,0.56
Lahore,2023-11-16,0.0,19.52,49.3,0.56
Lahore,2023-11-17,0.0,19.1,54.4,0.55
Lahore,2023-11-18,0.0,18.48,55.4,0.55
Lahore,2023-11-19,0.0,18.62,56.16,0.55
Lahore,2023-11-20,0.0,17.81,62.16,0.55
Lahore,2023-11-21,0.0,17.19,64.12,0.55
Lahore,2023-11-22,0.0,16.81,61.16,0.54
Lahore,2023-11-23,0.0,16.69,60.82,0.54
Lahore,2023-11-24,0.0,16.9,62.63,0.54
Lahore,2023-11-25,0.0,16.91,64.26,0.54
Lahore,2023-11-26,0.0,15.82,73.05,0.54
Lahore,2023-11-27,0.0,15.16,83.08,0.54
Lahore,2023-11-28,0.0,16.86,66.35,0.53
Lahore,2023-11-29,0.01,18.69,59.64,0.53
Lahore,2023-11-30,2.76,17.39,75.14,0.53
Lahore,2023-12-01,0.0,16.67,73.77,0.53
Lahore,2023-12-02,0.0,16.54,64.62,0.53
Lahore,2023-12-03,0.0,17.48,50.64,0.53
Lahore,2023-12-04,0.0,17.47,54.57,0.53
Lahore,2023-12-05,0.0,16.26,58.67,0.53
Lahore,2023-12-06,0.0,15.37,55.75,0.52
Lahore,2023-12-07,0.0,15.4,50.81,0.52
Lahore,2023-12-08,0.0,15.73,47.83,0.52
Lahore,2023-12-09,0.0,15.76,48.9,0.52
Lahore,2023-12-10,0.0,13.78,54.4,0.52
Lahore,2023-12-11,0.0,14.45,45.36,0.51
Lahore,2023-12-12,0.0,12.52,57.25,0.51
Lahore,2023-12-13,0.0,13.47,56.97,0.51
Lahore,2023-12-14,0.0,13.18,58.5,0.51
Lahore,2023-12-15,0.0,14.15,54.08,0.51
Lahore,2023-12-16,0.07,12.37,62.14,0.51
Lahore,2023-12-17,0.1,12.48,65.54,0.51
Lahore,2023-12-18,0.0,11.57,65.35,0.51
Lahore,2023-12-19,0.0,11.26,56.02,0.5
Lahore,2023-12-20,0.0,12.52,46.81,0.5
Lahore,2023-12-21,0.0,13.66,40.96,0.5
Lahore,2023-12-22,0.0,13.34,43.74,0.5
Lahore,2023-12-23,0.0,14.47,53.99,0.5
Lahore,2023-12-24,0.0,13.26,64.25,0.5
Lahore,2023-12-25,0.0,14.43,57.52,0.5
Lahore,2023-12-26,0.0,15.95,48.55,0.49
Lahore,2023-12-27,0.0,14.6,53.29,0.49
Lahore,2023-12-28,0.0,13.03,58.14,0.49
Lahore,2023-12-29,0.0,13.35,56.52,0.49
Lahore,2023-12-30,0.0,12.95,55.49,0.49
Lahore,2023-12-31,0.0,12.85,52.02,0.49
Lahore,2024-01-01,0.0,12.02,55.63,0.49
Lahore,2024-01-02,0.0,11.62,55.89,0.49
Lahore,2024-01-03,0.0,12.09,52.44,0.48
Lahore,2024-01-04,0.0,11.97,52.66,0.48
Lahore,2024-01-05,0.0,12.21,52.71,0.48
Lahore,2024-01-06,0.0,11.87,58.74,0.48
Lahore,2024-01-07,0.0,12.12,59.71,0.48
Lahore,2024-01-08,0.0,11.73,61.92,0.48
Lahore,2024-01-09,0.0,10.79,67.17,0.48
Lahore,2024-01-10,0.0,10.23,61.32,0.48
Lahore,2024-01-11,0.0,11.06,51.62,0.48
Lahore,2024-01-12,0.0,11.7,50.8,0.47
Lahore,2024-01-13,0.0,14.62,39.26,0.47
Lahore,2024-01-14,0.0,11.8,43.78,0.47
Lahore,2024-01-15,0.0,12.08,41.43,0.47
Lahore,2024-01-16,0.0,12.54,42.28,0.47
Lahore,2024-01-17,0.0,11.62,52.68,0.47
Lahore,2024-01-18,0.0,12.37,51.99,0.47
Lahore,2024-01-19,0.0,13.35,46.68,0.47
Lahore,2024-01-20,0.0,12.22,52.61,0.46
Lahore,2024-01-21,0.0,11.27,51.38,0.46
Lahore,2024-01-22,0.0,11.19,46.29,0.46
Lahore,2024-01-23,0.0,11.2,47.14,0.46
Lahore,2024-01-24,0.0,10.91,46.7,0.46
Lahore,2024-01-25,0.0,10.66,44.51,0.46
Lahore,2024-01-26,0.0,12.13,49.56,0.46
Lahore,2024-01-27,0.0,13.76,52.15,0.46
Lahore,2024-01-28,0.0,15.19,51.94,0.45
Lahore,2024-01-29,0.0,14.38,50.49,0.45
Lahore,2024-01-30,0.13,14.74,56.76,0.45
Lahore,2024-01-31,6.43,14.32,69.9,0.46
Lahore,2024-02-01,9.81,12.38,79.38,0.47
Lahore,2024-02-02,4.46,11.2,66.82,0.48
Lahore,2024-02-03,1.4,12.03,58.22,0.48
Lahore,2024-02-04,4.83,12.46,75.51,0.48
Lahore,2024-02-05,0.02,11.48,62.44,0.49
Lahore,2024-02-06,0.02,12.12,44.5,0.48
Lahore,2024-02-07,0.0,11.33,47.95,0.48
Lahore,2024-02-08,0.0,10.99,45.54,0.48
Lahore,2024-02-09,0.0,13.4,40.24,0.48
Lahore,2024-02-10,0.0,14.69,39.91,0.47
Lahore,2024-02-11,0.0,15.69,37.13,0.47
Lahore,2024-02-12,0.0,14.8,41.89,0.47
Lahore,2024-02-13,0.0,15.72,41.65,0.47
Lahore,2024-02-14,0.0,15.96,41.25,0.47
Lahore,2024-02-15,0.0,16.49,38.56,0.46
Lahore,2024-02-16,0.0,17.89,29.85,0.46
Lahore,2024-02-17,0.0,17.91,33.49,0.46
Lahore,2024-02-18,0.0,15.14,51.6,0.46
Lahore,2024-02-19,1.89,16.79,55.86,0.46
Lahore,2024-02-20,1.02,15.44,69.71,0.46
Lahore,2024-02-21,0.03,14.98,56.88,0.46
Lahore,2024-02-22,0.0,14.49,51.33,0.46
Lahore,2024-02-23,0.0,13.98,41.27,0.45
Lahore,2024-02-24,0.0,14.57,37.49,0.45
Lahore,2024-02-25,0.0,14.39,43.25,0.45
Lahore,2024-02-26,0.0,14.08,48.47,0.45
Lahore,2024-02-27,0.0,13.45,52.71,0.45
Lahore,2024-02-28,0.0,15.72,48.21,0.44
Lahore,2024-02-29,0.0,16.76,51.94,0.44
Lahore,2024-03-01,3.17,16.18,63.13,0.44
Lahore,2024-03-02,11.06,15.43,77.84,0.46
Lahore,2024-03-03,0.03,11.33,42.64,0.46
Lahore,2024-03-04,0.01,11.62,38.86,0.46
Lahore,2024-03-05,0.0,13.09,43.79,0.46
Lahore,2024-03-06,0.0,13.96,44.11,0.45
Lahore,2024-03-07,1.12,15.2,46.76,0.45
Lahore,2024-03-08,0.0,16.62,46.07,0.45
Lahore,2024-03-09,0.0,17.83,45.3,0.45
Lahore,2024-03-10,0.0,18.86,41.03,0.45
Lahore,2024-03-11,0.0,19.93,36.34,0.44
Lahore,2024-03-12,0.08,21.22,39.14,0.44
Lahore,2024-03-13,0.95,21.29,40.82,0.44
Lahore,2024-03-14,0.02,18.94,52.88,0.44
Lahore,2024-03-15,0.0,18.92,45.38,0.43
Lahore,2024-03-16,0.0,20.15,35.9,0.43
Lahore,2024-03-17,0.0,20.96,37.37,0.43
Lahore,2024-03-18,0.0,22.01,40.82,0.43
Lahore,2024-03-19,0.0,23.79,34.95,0.42
Lahore,2024-03-20,0.0,25.1,33.26,0.42
Lahore,2024-03-21,0.0,24.75,31.13,0.42
Lahore,2024-03-22,0.02,23.98,42.67,0.41
Lahore,2024-03-23,0.05,25.17,41.29,0.41
Lahore,2024-03-24,0.62,24.62,40.35,0.41
Lahore,2024-03-25,0.0,24.68,40.48,0.41
Lahore,2024-03-26,0.05,26.65,37.49,0.4
Lahore,2024-03-27,37.64,25.73,47.07,0.41
Lahore,2024-03-28,0.17,23.45,65.22,0.46
Lahore,2024-03-29,0.18,26.21,53.28,0.45
Lahore,2024-03-30,8.67,24.28,61.17,0.46
Lahore,2024-03-31,0.41,23.35,57.02,0.46
Lahore,2024-04-01,0.0,22.73,44.46,0.45
Lahore,2024-04-02,0.0,24.15,37.11,0.45
Lahore,2024-04-03,0.0,26.2,34.33,0.45
Lahore,2024-04-04,0.0,25.68,35.82,0.44
Lahore,2024-04-05,0.0,24.83,37.03,0.44
Lahore,2024-04-06,0.0,24.66,35.91,0.43
Lahore,2024-04-07,0.0,26.83,29.42,0.43
Lahore,2024-04-08,0.0,27.67,28.15,0.43
Lahore,2024-04-09,0.0,28.81,22.5,0.42
Lahore,2024-04-10,0.0,27.89,30.16,0.42
Lahore,2024-04-11,0.11,27.8,35.67,0.42
Lahore,2024-04-12,0.0,28.52,33.46,0.41
Lahore,2024-04-13,0.86,27.79,39.96,0.41
Lahore,2024-04-14,0.37,23.49,63.28,0.41
Lahore,2024-04-15,9.25,26.12,59.51,0.41
Lahore,2024-04-16,0.51,26.16,51.24,0.42
Lahore,2024-04-17,0.0,25.99,44.48,0.42
Lahore,2024-04-18,0.79,28.8,35.69,0.41
Lahore,2024-04-19,1.14,27.34,44.01,0.41
Lahore,2024-04-20,1.63,25.98,51.54,0.41
Lahore,2024-04-21,0.0,27.63,43.39,0.41
Lahore,2024-04-22,0.2,27.99,38.25,0.41
Lahore,2024-04-23,0.72,27.51,41.43,0.4
Lahore,2024-04-24,0.68,28.09,36.19,0.4
Lahore,2024-04-25,0.0,30.83,33.23,0.4
Lahore,2024-04-26,0.21,30.38,39.47,0.4
Lahore,2024-04-27,5.23,26.71,53.22,0.4
Lahore,2024-04-28,0.23,28.6,42.98,0.4
Lahore,2024-04-29,12.0,25.45,49.22,0.41
Lahore,2024-04-30,0.0,23.99,47.57,0.41
Lahore,2024-05-01,0.0,23.44,40.53,0.41
Lahore,2024-05-02,0.0,26.64,34.48,0.41
Lahore,2024-05-03,0.0,27.91,33.42,0.4
Lahore,2024-05-04,0.0,29.28,34.83,0.4
Lahore,2024-05-05,0.0,30.01,38.89,0.4
Lahore,2024-05-06,0.0,31.8,35.35,0.39
Lahore,2024-05-07,0.0,33.92,26.75,0.39
Lahore,2024-05-08,0.0,35.53,20.92,0.39
Lahore,2024-05-09,0.0,33.84,26.54,0.38
Lahore,2024-05-10,0.49,34.69,29.53,0.38
Lahore,2024-05-11,1.1,33.47,37.93,0.38
Lahore,2024-05-12,1.89,32.12,35.87,0.38
Lahore,2024-05-13,0.04,31.81,30.18,0.38
Lahore,2024-05-14,0.0,32.27,24.57,0.38
Lahore,2024-05-15,0.0,34.59,22.81,0.38
Lahore,2024-05-16,0.0,35.81,22.51,0.38
Lahore,2024-05-17,0.0,36.88,24.69,0.38
Lahore,2024-05-18,0.0,36.79,24.16,0.37
Lahore,2024-05-19,0.0,36.99,25.39,0.37
Lahore,2024-05-20,0.0,37.89,20.94,0.37
Lahore,2024-05-21,0.0,37.42,18.95,0.37
Lahore,2024-05-22,0.0,37.87,17.22,0.37
Lahore,2024-05-23,0.0,38.25,17.36,0.37
Lahore,2024-05-24,0.02,37.93,20.67,0.37
Lahore,2024-05-25,0.64,37.85,20.93,0.37
Lahore,2024-05-26,0.0,38.22,18.73,0.37
Lahore,2024-05-27,0.0,38.29,13.85,0.37
Lahore,2024-05-28,0.0,39.13,10.38,0.37
Lahore,2024-05-29,0.0,39.13,11.52,0.37
Lahore,2024-05-30,0.0,38.97,10.34,0.37
Lahore,2024-05-31,0.0,38.91,9.29,0.37
Lahore,2024-06-01,0.0,39.13,11.98,0.37
Lahore,2024-06-02,0.0,38.8,15.36,0.37
Lahore,2024-06-03,0.05,39.53,15.63,0.37
Lahore,2024-06-04,0.0,39.25,15.36,0.37
Lahore,2024-06-05,1.41,38.58,22.69,0.37
Lahore,2024-06-06,1.04,35.9,30.53,0.37
Lahore,2024-06-07,0.22,36.22,25.9,0.37
Lahore,2024-06-08,0.0,35.67,23.19,0.37
Lahore,2024-06-09,0.0,36.23,17.8,0.37
Lahore,2024-06-10,0.0,36.86,15.88,0.37
Lahore,2024-06-11,0.0,38.01,14.8,0.37
Lahore,2024-06-12,0.0,39.65,13.91,0.37
Lahore,2024-06-13,0.0,39.83,17.47,0.37
Lahore,2024-06-14,0.01,40.05,20.23,0.37
Lahore,2024-06-15,0.0,40.6,19.58,0.37
Lahore,2024-06-16,0.0,40.39,19.96,0.37
Lahore,2024-06-17,0.0,41.38,20.13,0.37
Lahore,2024-06-18,0.06,41.48,21.61,0.37
Lahore,2024-06-19,0.05,41.14,20.37,0.37
Lahore,2024-06-20,4.0,39.34,20.84,0.37
Lahore,2024-06-21,6.04,34.88,37.09,0.38
Lahore,2024-06-22,0.0,35.84,34.1,0.38
Lahore,2024-06-23,0.0,37.24,28.68,0.38
Lahore,2024-06-24,0.0,38.45,24.44,0.37
Lahore,2024-06-25,0.0,38.76,24.84,0.37
Lahore,2024-06-26,0.01,39.75,27.02,0.37
Lahore,2024-06-27,0.9,38.32,34.22,0.37
Lahore,2024-06-28,0.1,38.6,35.4,0.37
Lahore,2024-06-29,18.81,36.74,48.05,0.39
Lahore,2024-06-30,0.08,36.71,49.72,0.4
Lahore,2024-07-01,7.01,37.45,47.51,0.4
Lahore,2024-07-02,29.21,36.0,58.87,0.44
Lahore,2024-07-03,1.68,37.55,48.25,0.45
Lahore,2024-07-04,9.0,34.19,60.2,0.45
Lahore,2024-07-05,2.24,35.65,52.87,0.45
Lahore,2024-07-06,24.02,33.24,63.43,0.47
Lahore,2024-07-07,9.43,31.46,67.3,0.49
Lahore,2024-07-08,2.13,34.13,54.81,0.49
Lahore,2024-07-09,0.05,34.78,51.24,0.48
Lahore,2024-07-10,6.29,35.28,51.57,0.48
Lahore,2024-07-11,3.41,35.86,51.5,0.48
Lahore,2024-07-12,7.1,35.95,52.06,0.48
Lahore,2024-07-13,35.67,32.8,61.33,0.51
Lahore,2024-07-14,0.0,34.5,50.92,0.52
Lahore,2024-07-15,0.0,35.94,41.83,0.51
Lahore,2024-07-16,0.04,35.71,45.95,0.5
Lahore,2024-07-17,0.05,36.22,50.9,0.49
Lahore,2024-07-18,3.47,35.18,51.9,0.49
Lahore,2024-07-19,2.75,35.17,51.48,0.49
Lahore,2024-07-20,0.28,36.67,49.15,0.48
Lahore,2024-07-21,1.33,36.59,50.49,0.48
Lahore,2024-07-22,8.65,36.18,53.34,0.48
Lahore,2024-07-23,6.9,35.72,55.62,0.49
Lahore,2024-07-24,20.07,34.28,65.9,0.51
Lahore,2024-07-25,8.61,35.39,59.44,0.52
Lahore,2024-07-26,24.46,33.72,68.19,0.55
Lahore,2024-07-27,0.12,35.49,58.26,0.54
Lahore,2024-07-28,8.72,32.75,68.27,0.54
Lahore,2024-07-29,15.41,31.51,74.39,0.56
Lahore,2024-07-30,4.98,33.39,69.26,0.56
Lahore,2024-07-31,18.18,33.92,70.52,0.56
Lahore,2024-08-01,41.61,31.81,79.73,0.63
Lahore,2024-08-02,4.44,32.01,72.29,0.64
Lahore,2024-08-03,0.12,30.79,77.68,0.62
Lahore,2024-08-04,3.46,30.94,74.99,0.61
Lahore,2024-08-05,0.71,31.81,71.37,0.61
Lahore,2024-08-06,1.21,31.89,72.64,0.6
Lahore,2024-08-07,2.93,32.38,72.3,0.59
Lahore,2024-08-08,3.9,31.63,75.3,0.59
Lahore,2024-08-09,80.5,31.04,78.02,0.62
Lahore,2024-08-10,53.07,30.25,83.52,0.7
Lahore,2024-08-11,22.9,28.99,89.54,0.73
Lahore,2024-08-12,10.8,29.5,82.2,0.74
Lahore,2024-08-13,0.69,30.08,82.08,0.73
Lahore,2024-08-14,3.33,30.4,81.66,0.72
Lahore,2024-08-15,5.73,30.54,83.38,0.72
Lahore,2024-08-16,3.72,29.9,84.13,0.72
Lahore,2024-08-17,21.88,27.84,92.37,0.74
Lahore,2024-08-18,2.3,28.74,85.47,0.75
Lahore,2024-08-19,6.71,29.11,84.8,0.75
Lahore,2024-08-20,10.46,30.51,77.73,0.75
Lahore,2024-08-21,8.99,30.38,79.28,0.75
Lahore,2024-08-22,1.14,30.67,77.62,0.75
Lahore,2024-08-23,0.97,30.83,76.6,0.74
Lahore,2024-08-24,1.26,30.69,74.42,0.73
Lahore,2024-08-25,0.15,30.49,77.38,0.72
Lahore,2024-08-26,2.26,30.32,78.5,0.71
Lahore,2024-08-27,10.58,28.96,82.9,0.71
Lahore,2024-08-28,14.75,27.79,88.82,0.73
Lahore,2024-08-29,17.28,28.07,86.38,0.74
Lahore,2024-08-30,7.15,28.78,82.04,0.75
Lahore,2024-08-31,0.03,28.78,80.42,0.74
Lahore,2024-09-01,0.01,30.49,74.66,0.73
Lahore,2024-09-02,6.76,30.2,79.17,0.72
Lahore,2024-09-03,34.17,28.7,84.09,0.75
Lahore,2024-09-04,2.71,28.86,78.71,0.76
Lahore,2024-09-05,4.18,29.06,77.95,0.75
Lahore,2024-09-06,6.37,29.34,79.6,0.75
Lahore,2024-09-07,9.44,29.38,77.15,0.75
Lahore,2024-09-08,0.73,29.61,74.7,0.74
Lahore,2024-09-09,0.03,29.55,75.58,0.73
Lahore,2024-09-10,1.1,30.08,73.65,0.72
Lahore,2024-09-11,0.19,29.57,77.34,0.71
Lahore,2024-09-12,0.0,29.2,75.94,0.71
Lahore,2024-09-13,0.58,29.28,74.55,0.69
Lahore,2024-09-14,0.04,28.18,75.78,0.68
Lahore,2024-09-15,0.01,28.81,69.65,0.68
Lahore,2024-09-16,0.0,28.7,68.46,0.67
Lahore,2024-09-17,0.03,28.67,70.3,0.66
Lahore,2024-09-18,0.0,28.47,75.13,0.65
Lahore,2024-09-19,0.01,27.03,79.3,0.64
Lahore,2024-09-20,0.0,29.17,70.63,0.63
Lahore,2024-09-21,0.0,30.16,70.82,0.62
Lahore,2024-09-22,0.0,30.08,73.19,0.61
Lahore,2024-09-23,0.0,30.74,71.39,0.61
Lahore,2024-09-24,0.0,31.27,67.08,0.6
Lahore,2024-09-25,0.0,31.08,65.83,0.59
Lahore,2024-09-26,0.26,29.68,71.8,0.58
Lahore,2024-09-27,4.83,28.88,76.34,0.58
Lahore,2024-09-28,4.8,28.48,73.59,0.58
Lahore,2024-09-29,0.02,28.59,70.88,0.58
Lahore,2024-09-30,0.0,29.09,70.74,0.57
Lahore,2024-10-01,0.0,30.03,62.18,0.56
Lahore,2024-10-02,0.0,28.97,61.4,0.56
Lahore,2024-10-03,0.0,28.95,56.92,0.55
Lahore,2024-10-04,0.0,28.32,59.49,0.54
Lahore,2024-10-05,0.6,28.19,60.35,0.54
Lahore,2024-10-06,9.91,26.98,66.28,0.55
Lahore,2024-10-07,0.0,26.69,65.64,0.54
Lahore,2024-10-08,0.0,26.56,67.84,0.54
Lahore,2024-10-09,0.0,25.84,66.62,0.53
Lahore,2024-10-10,0.0,25.79,62.02,0.53
Lahore,2024-10-11,0.0,27.06,50.16,0.52
Lahore,2024-10-12,0.0,27.14,48.59,0.52
Lahore,2024-10-13,0.0,25.81,49.83,0.51
Lahore,2024-10-14,0.0,25.78,47.65,0.51
Lahore,2024-10-15,0.0,26.55,47.61,0.5
Lahore,2024-10-16,0.0,26.0,54.64,0.5
Lahore,2024-10-17,0.0,26.46,51.84,0.5
Lahore,2024-10-18,0.0,26.42,49.43,0.49
Lahore,2024-10-19,0.0,25.86,53.58,0.49
Lahore,2024-10-20,0.0,25.54,55.92,0.49
Lahore,2024-10-21,0.0,25.46,60.84,0.48
Lahore,2024-10-22,0.0,25.46,60.67,0.48
Lahore,2024-10-23,0.0,25.41,59.8,0.48
Lahore,2024-10-24,0.0,24.37,61.18,0.47
Lahore,2024-10-25,0.0,25.09,54.53,0.47
Lahore,2024-10-26,0.0,24.89,49.99,0.47
Lahore,2024-10-27,0.0,26.09,48.62,0.46
Lahore,2024-10-28,0.0,26.06,54.86,0.46
Lahore,2024-10-29,0.0,26.62,61.74,0.46
Lahore,2024-10-30,0.0,26.51,53.97,0.46
Lahore,2024-10-31,0.0,25.12,50.28,0.45
Lahore,2024-11-01,0.0,24.15,45.96,0.45
Lahore,2024-11-02,0.0,24.56,40.13,0.45
Lahore,2024-11-03,0.0,23.84,43.31,0.45
Lahore,2024-11-04,0.0,24.74,43.02,0.45
Lahore,2024-11-05,0.0,24.43,46.48,0.44
Lahore,2024-11-06,0.0,24.2,51.96,0.44
Lahore,2024-11-07,0.0,23.99,54.28,0.44
Lahore,2024-11-08,0.0,23.7,58.9,0.44
Lahore,2024-11-09,0.0,23.75,59.9,0.44
Lahore,2024-11-10,0.0,23.8,58.86,0.43
Lahore,2024-11-11,0.09,23.76,57.49,0.43
Lahore,2024-11-12,0.12,22.5,58.47,0.43
Lahore,2024-11-13,0.0,21.91,51.87,0.43
Lahore,2024-11-14,0.0,21.49,50.81,0.43
Lahore,2024-11-15,0.0,20.71,55.12,0.43
Lahore,2024-11-16,0.0,19.53,59.1,0.43
Lahore,2024-11-17,0.0,19.12,53.11,0.43
Lahore,2024-11-18,0.0,18.72,48.01,0.42
Lahore,2024-11-19,0.0,18.91,40.75,0.42
Lahore,2024-11-20,0.0,19.01,38.07,0.42
Lahore,2024-11-21,0.0,20.04,33.8,0.42
Lahore,2024-11-22,0.0,19.9,38.8,0.42
Lahore,2024-11-23,0.0,19.89,44.62,0.42
Lahore,2024-11-24,0.0,19.05,49.34,0.42
Lahore,2024-11-25,0.0,17.74,53.58,0.41
Lahore,2024-11-26,0.0,17.79,49.42,0.41
Lahore,2024-11-27,0.0,17.93,42.45,0.41
Lahore,2024-11-28,0.0,18.56,39.53,0.41
Lahore,2024-11-29,0.0,18.2,42.16,0.41
Lahore,2024-11-30,0.0,17.2,42.83,0.41
Lahore,2024-12-01,0.0,17.68,50.89,0.41
Lahore,2024-12-02,0.0,19.07,47.42,0.41
Lahore,2024-12-03,0.0,18.31,51.69,0.41
Lahore,2024-12-04,0.0,17.01,51.22,0.4
Lahore,2024-12-05,0.0,15.97,41.04,0.4
Lahore,2024-12-06,0.0,15.93,34.51,0.4
Lahore,2024-12-07,0.0,15.13,34.67,0.4
Lahore,2024-12-08,0.0,12.83,40.95,0.4
Lahore,2024-12-09,0.0,12.63,42.06,0.4
Lahore,2024-12-10,0.0,12.52,31.92,0.4
Lahore,2024-12-11,0.0,12.54,28.23,0.4
Lahore,2024-12-12,0.0,12.14,32.66,0.4
Lahore,2024-12-13,0.0,12.0,38.72,0.4
Lahore,2024-12-14,0.0,11.86,34.02,0.4
Lahore,2024-12-15,0.0,13.68,29.8,0.39
Lahore,2024-12-16,0.0,13.58,26.77,0.39
Lahore,2024-12-17,0.0,13.65,29.67,0.39
Lahore,2024-12-18,0.0,12.33,40.45,0.39
Lahore,2024-12-19,0.0,11.86,42.02,0.39
Lahore,2024-12-20,0.0,11.41,42.86,0.39
Lahore,2024-12-21,0.0,11.97,42.46,0.39
Lahore,2024-12-22,0.0,13.25,35.7,0.39
Lahore,2024-12-23,1.54,12.18,63.22,0.39
Lahore,2024-12-24,0.13,12.28,68.35,0.39
Lahore,2024-12-25,0.0,13.34,54.31,0.39
Lahore,2024-12-26,0.0,13.67,44.58,0.39
Lahore,2024-12-27,7.47,12.7,64.63,0.4
Lahore,2024-12-28,4.58,12.58,82.88,0.41
Lahore,2024-12-29,0.01,11.51,66.97,0.41
Lahore,2024-12-30,0.0,11.27,49.48,0.41
Lahore,2024-12-31,0.0,12.36,38.89,0.41
Multan,2020-01-01,0.0,8.95,42.01,0.41
Multan,2020-01-02,0.0,9.31,44.87,0.41
Multan,2020-01-03,0.0,12.21,47.62,0.41
Multan,2020-01-04,0.0,12.84,45.81,0.41
Multan,2020-01-05,0.89,11.84,51.33,0.41
Multan,2020-01-06,9.71,9.1,85.6,0.42
Multan,2020-01-07,0.25,10.45,73.74,0.43
Multan,2020-01-08,0.01,10.1,62.43,0.43
Multan,2020-01-09,0.0,10.64,52.05,0.42
Multan,2020-01-10,0.0,10.7,50.92,0.42
Multan,2020-01-11,0.02,13.46,44.48,0.42
Multan,2020-01-12,0.26,12.23,46.62,0.42
Multan,2020-01-13,16.91,9.75,67.68,0.45
Multan,2020-01-14,0.02,7.71,67.57,0.45
Multan,2020-01-15,0.0,9.39,66.07,0.45
Multan,2020-01-16,0.0,10.84,53.36,0.45
Multan,2020-01-17,0.0,11.4,48.39,0.44
Multan,2020-01-18,0.0,11.54,45.92,0.44
Multan,2020-01-19,0.0,12.03,49.8,0.44
Multan,2020-01-20,0.0,11.77,53.84,0.44
Multan,2020-01-21,0.0,11.23,68.57,0.44
Multan,2020-01-22,0.0,12.12,69.39,0.44
Multan,2020-01-23,0.0,13.11,58.16,0.44
Multan,2020-01-24,0.0,13.68,54.9,0.44
Multan,2020-01-25,0.01,15.68,58.96,0.44
Multan,2020-01-26,0.0,15.06,60.6,0.43
Multan,2020-01-27,1.22,13.78,68.3,0.43
Multan,2020-01-28,0.16,13.37,68.53,0.43
Multan,2020-01-29,0.0,12.35,64.16,0.43
Multan,2020-01-30,0.0,12.4,64.93,0.43
Multan,2020-01-31,0.0,13.63,49.23,0.43
Multan,2020-02-01,0.0,13.09,51.52,0.43
Multan,2020-02-02,0.0,13.54,49.49,0.43
Multan,2020-02-03,0.0,13.72,46.9,0.43
Multan,2020-02-04,0.63,12.39,61.97,0.43
Multan,2020-02-05,0.37,11.7,64.18,0.43
Multan,2020-02-06,0.0,13.94,45.89,0.43
Multan,2020-02-07,0.0,13.89,46.76,0.42
Multan,2020-02-08,0.0,14.7,43.56,0.42
Multan,2020-02-09,0.0,14.79,43.33,0.42
Multan,2020-02-10,0.0,15.88,40.64,0.42
Multan,2020-02-11,0.0,16.12,41.19,0.42
Multan,2020-02-12,0.0,16.69,54.11,0.42
Multan,2020-02-13,0.0,18.61,44.76,0.42
Multan,2020-02-14,0.0,16.68,26.14,0.42
Multan,2020-02-15,0.0,18.91,23.98,0.41
Multan,2020-02-16,0.0,19.95,25.17,0.41
Multan,2020-02-17,0.0,18.37,24.1,0.41
Multan,2020-02-18,0.0,19.64,23.2,0.41
Multan,2020-02-19,0.0,20.19,29.06,0.41
Multan,2020-02-20,0.0,17.93,42.45,0.41
Multan,2020-02-21,0.0,17.84,51.93,0.41
Multan,2020-02-22,0.0,19.82,49.1,0.41
Multan,2020-02-23,0.0,20.46,44.37,0.41
Multan,2020-02-24,0.0,21.18,40.36,0.41
Multan,2020-02-25,0.0,21.85,37.06,0.41
Multan,2020-02-26,0.0,23.59,28.79,0.41
Multan,2020-02-27,0.0,24.35,26.41,0.41
Multan,2020-02-28,5.77,20.83,49.26,0.41
Multan,2020-02-29,16.51,19.02,70.29,0.45
Multan,2020-03-01,0.0,19.06,66.07,0.44
Multan,2020-03-02,0.0,20.84,58.88,0.44
Multan,2020-03-03,0.0,21.8,52.18,0.44
Multan,2020-03-04,18.82,20.82,60.78,0.45
Multan,2020-03-05,12.65,18.19,71.92,0.47
Multan,2020-03-06,52.35,14.98,88.65,0.55
Multan,2020-03-07,0.73,16.54,73.82,0.57
Multan,2020-03-08,0.0,17.91,62.44,0.56
Multan,2020-03-09,0.0,17.92,65.42,0.55
Multan,2020-03-10,0.01,19.56,59.35,0.54
Multan,2020-03-11,217.6,14.87,87.63,0.61
Multan,2020-03-12,0.95,14.85,79.88,0.71
Multan,2020-03-13,0.8,15.16,74.89,0.69
Multan,2020-03-14,0.0,16.34,64.28,0.68
Multan,2020-03-15,0.0,16.72,70.71,0.67
Multan,2020-03-16,0.0,19.0,67.06,0.67
Multan,2020-03-17,0.08,20.61,61.93,0.66
Multan,2020-03-18,0.77,20.81,66.46,0.65
Multan,2020-03-19,0.0,21.45,67.94,0.65
Multan,2020-03-20,3.46,20.52,77.87,0.64
Multan,2020-03-21,4.32,21.63,74.7,0.65
Multan,2020-03-22,1.68,20.66,73.54,0.64
Multan,2020-03-23,2.35,21.29,77.27,0.64
Multan,2020-03-24,0.51,22.13,73.6,0.64
Multan,2020-03-25,14.41,20.65,81.98,0.65
Multan,2020-03-26,8.94,19.08,87.26,0.65
Multan,2020-03-27,51.72,18.33,83.66,0.71
Multan,2020-03-28,0.01,20.5,72.4,0.72
Multan,2020-03-29,0.0,21.64,66.55,0.71
Multan,2020-03-30,1.19,22.28,66.88,0.7
Multan,2020-03-31,5.0,20.88,80.03,0.7
Multan,2020-04-01,0.89,21.01,78.41,0.69
Multan,2020-04-02,0.0,19.99,56.75,0.68
Multan,2020-04-03,0.0,21.68,53.4,0.68
Multan,2020-04-04,0.51,23.3,59.34,0.67
Multan,2020-04-05,4.9,23.49,66.32,0.66
Multan,2020-04-06,0.03,22.65,71.89,0.66
Multan,2020-04-07,1.33,21.52,72.91,0.65
Multan,2020-04-08,0.0,21.91,66.28,0.64
Multan,2020-04-09,0.0,23.73,63.51,0.64
Multan,2020-04-10,0.0,23.39,71.75,0.63
Multan,2020-04-11,0.0,25.57,67.83,0.62
Multan,2020-04-12,0.25,28.6,61.69,0.61
Multan,2020-04-13,0.85,27.18,68.2,0.61
Multan,2020-04-14,0.18,27.85,59.86,0.6
Multan,2020-04-15,0.04,27.27,50.83,0.59
Multan,2020-04-16,0.04,25.69,56.0,0.59
Multan,2020-04-17,2.78,26.27,63.9,0.58
Multan,2020-04-18,0.51,23.66,68.41,0.58
Multan,2020-04-19,0.13,25.47,61.2,0.57
Multan,2020-04-20,7.77,24.94,67.28,0.57
Multan,2020-04-21,0.25,25.81,60.74,0.57
Multan,2020-04-22,0.0,27.43,57.43,0.56
Multan,2020-04-23,0.14,26.91,66.46,0.55
Multan,2020-04-24,3.3,29.58,55.81,0.55
Multan,2020-04-25,0.14,28.83,60.26,0.54
Multan,2020-04-26,0.42,28.65,59.29,0.54
Multan,2020-04-27,0.0,28.88,55.29,0.53
Multan,2020-04-28,0.13,28.6,56.22,0.52
Multan,2020-04-29,0.26,29.15,60.51,0.52
Multan,2020-04-30,0.2,30.67,53.38,0.51
Multan,2020-05-01,0.0,32.99,46.38,0.51
Multan,2020-05-02,0.01,32.39,46.26,0.5
Multan,2020-05-03,2.15,30.18,52.65,0.5
Multan,2020-05-04,1.95,29.92,51.47,0.5
Multan,2020-05-05,0.0,30.41,49.67,0.49
Multan,2020-05-06,0.1,30.54,46.86,0.48
Multan,2020-05-07,0.0,30.88,43.69,0.48
Multan,2020-05-08,0.0,32.41,42.16,0.47
Multan,2020-05-09,0.0,33.53,38.17,0.47
Multan,2020-05-10,0.0,32.22,46.93,0.46
Multan,2020-05-11,5.22,33.34,48.22,0.46
Multan,2020-05-12,1.45,29.92,58.1,0.46
Multan,2020-05-13,6.36,29.88,55.76,0.47
Multan,2020-05-14,2.35,29.41,57.36,0.47
Multan,2020-05-15,0.37,29.19,58.42,0.47
Multan,2020-05-16,0.0,31.52,35.29,0.46
Multan,2020-05-17,0.0,30.86,35.43,0.46
Multan,2020-05-18,0.0,30.56,41.3,0.45
Multan,2020-05-19,0.0,30.47,37.12,0.45
Multan,2020-05-20,0.0,31.42,37.3,0.44
Multan,2020-05-21,0.0,33.19,34.39,0.44
Multan,2020-05-22,0.0,34.79,32.91,0.43
Multan,2020-05-23,0.0,36.07,29.51,0.43
Multan,2020-05-24,0.0,36.44,27.6,0.43
Multan,2020-05-25,0.0,37.08,24.52,0.43
Multan,2020-05-26,0.0,36.72,24.57,0.42
Multan,2020-05-27,0.0,37.92,24.08,0.42
Multan,2020-05-28,0.0,37.62,23.54,0.42
Multan,2020-05-29,0.23,35.49,30.07,0.42
Multan,2020-05-30,17.27,33.01,43.86,0.43
Multan,2020-05-31,14.09,30.53,56.99,0.46
Multan,2020-06-01,5.0,31.41,55.05,0.46
Multan,2020-06-02,23.92,31.48,58.51,0.47
Multan,2020-06-03,2.94,29.21,65.69,0.5
Multan,2020-06-04,0.75,30.13,59.57,0.49
Multan,2020-06-05,0.16,32.72,52.36,0.49
Multan,2020-06-06,2.61,33.37,51.67,0.48
Multan,2020-06-07,3.36,34.08,49.47,0.48
Multan,2020-06-08,1.56,33.92,53.31,0.48
Multan,2020-06-09,0.02,34.7,49.96,0.47
Multan,2020-06-10,0.16,35.42,47.77,0.47
Multan,2020-06-11,0.01,35.92,43.61,0.46
Multan,2020-06-12,0.08,37.16,38.62,0.46
Multan,2020-06-13,0.37,37.36,36.1,0.46
Multan,2020-06-14,0.0,36.64,38.68,0.45
Multan,2020-06-15,0.0,37.36,34.39,0.45
Multan,2020-06-16,0.0,38.93,27.14,0.45
Multan,2020-06-17,0.0,38.6,22.89,0.44
Multan,2020-06-18,0.0,38.85,27.51,0.44
Multan,2020-06-19,0.0,37.27,37.74,0.44
Multan,2020-06-20,0.0,37.93,38.35,0.44
Multan,2020-06-21,0.0,37.65,38.88,0.44
Multan,2020-06-22,0.0,38.14,35.48,0.43
Multan,2020-06-23,0.0,39.17,35.36,0.43
Multan,2020-06-24,0.08,38.68,35.64,0.43
Multan,2020-06-25,0.67,38.53,37.19,0.43
Multan,2020-06-26,0.08,38.61,38.2,0.43
Multan,2020-06-27,0.19,38.66,38.64,0.43
Multan,2020-06-28,0.0,39.07,39.63,0.43
Multan,2020-06-29,0.81,38.65,40.18,0.43
Multan,2020-06-30,13.58,36.47,47.13,0.44
Multan,2020-07-01,11.96,36.03,51.17,0.46
Multan,2020-07-02,0.0,37.54,44.02,0.46
Multan,2020-07-03,0.0,38.22,42.85,0.45
Multan,2020-07-04,0.01,38.57,37.3,0.44
Multan,2020-07-05,1.32,36.14,41.64,0.44
Multan,2020-07-06,0.83,35.07,44.59,0.44
Multan,2020-07-07,0.02,37.58,38.22,0.43
Multan,2020-07-08,0.0,38.11,35.94,0.43
Multan,2020-07-09,0.0,37.66,39.19,0.43
Multan,2020-07-10,0.0,38.88,35.71,0.43
Multan,2020-07-11,0.07,38.27,39.53,0.43
Multan,2020-07-12,0.49,37.62,41.55,0.42
Multan,2020-07-13,0.01,37.31,39.22,0.42
Multan,2020-07-14,0.0,38.78,37.32,0.42
Multan,2020-07-15,0.38,39.76,35.43,0.42
Multan,2020-07-16,3.71,39.48,35.84,0.42
Multan,2020-07-17,0.07,38.69,36.25,0.42
Multan,2020-07-18,0.0,39.64,35.04,0.42
Multan,2020-07-19,0.03,40.07,37.71,0.42
Multan,2020-07-20,2.76,38.43,38.66,0.42
Multan,2020-07-21,31.07,32.67,66.29,0.46
Multan,2020-07-22,10.79,31.92,67.25,0.49
Multan,2020-07-23,0.0,34.4,56.7,0.48
Multan,2020-07-24,1.69,35.52,53.11,0.47
Multan,2020-07-25,1.01,35.2,50.41,0.47
Multan,2020-07-26,0.02,34.94,50.85,0.46
Multan,2020-07-27,0.06,35.41,52.31,0.46
Multan,2020-07-28,0.0,36.28,48.69,0.45
Multan,2020-07-29,0.0,36.16,48.91,0.44
Multan,2020-07-30,0.02,36.71,48.59,0.44
Multan,2020-07-31,0.11,36.78,48.88,0.44
Multan,2020-08-01,0.05,36.26,46.34,0.43
Multan,2020-08-02,0.01,38.0,42.18,0.43
Multan,2020-08-03,0.0,38.21,37.36,0.43
Multan,2020-08-04,0.05,38.26,36.81,0.42
Multan,2020-08-05,0.0,39.63,34.92,0.42
Multan,2020-08-06,0.02,37.71,39.0,0.42
Multan,2020-08-07,1.99,36.47,44.98,0.42
Multan,2020-08-08,4.41,35.11,55.84,0.43
Multan,2020-08-09,0.25,35.74,53.97,0.43
Multan,2020-08-10,6.81,36.9,49.77,0.43
Multan,2020-08-11,2.43,35.48,56.94,0.44
Multan,2020-08-12,0.0,37.05,50.35,0.43
Multan,2020-08-13,0.0,38.3,46.53,0.43
Multan,2020-08-14,0.01,38.83,42.29,0.42
Multan,2020-08-15,0.03,38.41,43.9,0.42
Multan,2020-08-16,0.01,38.35,45.34,0.42
Multan,2020-08-17,0.0,39.31,41.78,0.42
Multan,2020-08-18,0.03,38.1,46.55,0.42
Multan,2020-08-19,0.26,35.95,52.19,0.42
Multan,2020-08-20,0.9,35.14,51.54,0.42
Multan,2020-08-21,0.91,34.46,49.66,0.42
Multan,2020-08-22,0.07,36.38,40.61,0.42
Multan,2020-08-23,0.0,36.97,38.72,0.42
Multan,2020-08-24,0.0,36.51,39.64,0.41
Multan,2020-08-25,0.5,36.54,43.49,0.41
Multan,2020-08-26,2.81,34.74,51.31,0.42
Multan,2020-08-27,4.82,32.97,60.03,0.42
Multan,2020-08-28,0.88,33.6,56.68,0.42
Multan,2020-08-29,0.38,35.24,48.48,0.42
Multan,2020-08-30,0.13,36.0,42.86,0.42
Multan,2020-08-31,8.4,31.28,61.04,0.42
Multan,2020-09-01,49.38,28.1,82.27,0.5
Multan,2020-09-02,0.47,30.08,67.16,0.51
Multan,2020-09-03,1.53,31.18,70.57,0.5
Multan,2020-09-04,2.26,29.91,74.92,0.5
Multan,2020-09-05,0.51,31.0,68.77,0.5
Multan,2020-09-06,0.25,32.19,56.49,0.49
Multan,2020-09-07,0.0,32.1,47.4,0.48
Multan,2020-09-08,0.0,32.48,45.31,0.48
Multan,2020-09-09,0.0,32.49,47.37,0.47
Multan,2020-09-10,0.0,32.69,44.96,0.47
Multan,2020-09-11,0.0,31.92,42.12,0.46
Multan,2020-09-12,0.0,33.89,45.81,0.46
Multan,2020-09-13,0.0,33.75,47.71,0.45
Multan,2020-09-14,0.0,34.11,46.95,0.45
Multan,2020-09-15,0.0,33.47,46.92,0.44
Multan,2020-09-16,0.0,33.82,46.21,0.44
Multan,2020-09-17,0.0,32.59,37.14,0.43
Multan,2020-09-18,0.0,32.64,37.28,0.43
Multan,2020-09-19,0.0,32.9,36.92,0.43
Multan,2020-09-20,0.0,33.39,40.41,0.42
Multan,2020-09-21,0.0,33.35,38.55,0.42
Multan,2020-09-22,0.0,33.32,30.78,0.42
Multan,2020-09-23,0.0,33.26,34.82,0.42
Multan,2020-09-24,0.0,33.81,28.56,0.42
Multan,2020-09-25,0.0,32.45,23.81,0.42
Multan,2020-09-26,0.0,30.83,27.6,0.41
Multan,2020-09-27,0.0,30.7,28.35,0.41
Multan,2020-09-28,0.0,31.55,30.26,0.41
Multan,2020-09-29,0.0,31.94,32.84,0.41
Multan,2020-09-30,0.0,31.19,25.74,0.41
Multan,2020-10-01,0.0,29.72,22.28,0.41
Multan,2020-10-02,0.0,29.88,16.63,0.41
Multan,2020-10-03,0.0,30.94,17.39,0.41
Multan,2020-10-04,0.0,31.03,17.43,0.41
Multan,2020-10-05,0.0,30.5,19.3,0.41
Multan,2020-10-06,0.0,29.98,18.64,0.41
Multan,2020-10-07,0.0,29.46,19.09,0.41
Multan,2020-10-08,0.0,29.65,22.31,0.4
Multan,2020-10-09,0.0,30.15,23.9,0.4
Multan,2020-10-10,0.0,30.19,19.97,0.4
Multan,2020-10-11,0.0,30.21,16.83,0.4
Multan,2020-10-12,0.0,29.82,19.23,0.4
Multan,2020-10-13,0.0,28.78,19.65,0.4
Multan,2020-10-14,0.0,28.57,33.07,0.4
Multan,2020-10-15,0.0,29.51,22.0,0.4
Multan,2020-10-16,0.0,28.48,21.16,0.4
Multan,2020-10-17,0.0,28.55,16.65,0.4
Multan,2020-10-18,4.75,27.68,22.79,0.41
Multan,2020-10-19,0.0,26.14,27.61,0.41
Multan,2020-10-20,0.0,26.07,21.14,0.41
Multan,2020-10-21,0.0,25.25,27.71,0.41
Multan,2020-10-22,0.0,24.91,28.84,0.41
Multan,2020-10-23,0.12,25.73,22.19,0.41
Multan,2020-10-24,0.0,24.47,23.49,0.41
Multan,2020-10-25,0.0,23.29,27.95,0.4
Multan,2020-10-26,0.0,23.61,35.91,0.4
Multan,2020-10-27,0.0,24.29,23.77,0.4
Multan,2020-10-28,0.0,23.85,26.34,0.4
Multan,2020-10-29,0.0,23.28,30.29,0.4
Multan,2020-10-30,0.0,23.1,35.85,0.4
Multan,2020-10-31,0.0,23.75,32.33,0.4
Multan,2020-11-01,0.0,23.91,24.18,0.4
Multan,2020-11-02,0.0,22.93,23.58,0.4
Multan,2020-11-03,0.0,23.38,18.61,0.4
Multan,2020-11-04,0.0,22.3,22.57,0.4
Multan,2020-11-05,0.0,22.46,22.76,0.4
Multan,2020-11-06,0.0,22.36,27.25,0.4
Multan,2020-11-07,0.0,22.73,26.42,0.4
Multan,2020-11-08,0.0,23.88,22.29,0.4
Multan,2020-11-09,0.0,22.97,24.27,0.4
Multan,2020-11-10,0.0,21.79,28.88,0.4
Multan,2020-11-11,0.0,20.72,35.69,0.4
Multan,2020-11-12,0.0,20.85,35.31,0.4
Multan,2020-11-13,0.0,20.72,35.19,0.4
Multan,2020-11-14,0.0,21.85,31.11,0.4
Multan,2020-11-15,0.61,19.89,58.97,0.4
Multan,2020-11-16,0.11,17.36,63.94,0.4
Multan,2020-11-17,0.0,17.5,54.27,0.4
Multan,2020-11-18,0.0,17.73,38.22,0.4
Multan,2020-11-19,0.0,18.07,31.79,0.4
Multan,2020-11-20,0.0,16.18,36.39,0.4
Multan,2020-11-21,0.0,16.12,36.61,0.4
Multan,2020-11-22,0.0,17.79,28.62,0.4
Multan,2020-11-23,0.0,15.43,50.86,0.4
Multan,2020-11-24,0.32,15.83,68.33,0.4
Multan,2020-11-25,61.14,14.24,83.03,0.49
Multan,2020-11-26,0.0,14.06,80.36,0.51
Multan,2020-11-27,0.0,14.46,68.24,0.5
Multan,2020-11-28,0.0,15.77,55.04,0.5
Multan,2020-11-29,0.0,16.35,54.66,0.49
Multan,2020-11-30,0.0,15.71,57.2,0.49
Multan,2020-12-01,0.0,16.42,55.85,0.49
Multan,2020-12-02,0.0,17.61,51.22,0.49
Multan,2020-12-03,0.0,18.14,51.11,0.49
Multan,2020-12-04,0.0,17.04,57.52,0.48
Multan,2020-12-05,0.0,16.16,64.6,0.48
Multan,2020-12-06,0.0,16.72,63.85,0.48
Multan,2020-12-07,0.0,17.05,63.73,0.48
Multan,2020-12-08,0.09,16.21,66.8,0.48
Multan,2020-12-09,1.32,14.36,79.87,0.48
Multan,2020-12-10,0.07,14.83,73.06,0.48
Multan,2020-12-11,7.52,13.44,73.42,0.48
Multan,2020-12-12,0.01,12.92,70.71,0.49
Multan,2020-12-13,0.0,11.88,67.9,0.49
Multan,2020-12-14,0.0,12.38,60.64,0.49
Multan,2020-12-15,0.0,10.53,50.81,0.49
Multan,2020-12-16,0.0,10.56,46.01,0.48
Multan,2020-12-17,0.0,11.21,45.96,0.48
Multan,2020-12-18,0.0,12.08,46.46,0.48
Multan,2020-12-19,0.0,13.78,44.71,0.48
Multan,2020-12-20,0.0,14.38,46.01,0.48
Multan,2020-12-21,0.0,14.38,48.02,0.48
Multan,2020-12-22,0.0,14.97,47.15,0.47
Multan,2020-12-23,0.0,14.99,47.74,0.47
Multan,2020-12-24,0.0,14.08,50.07,0.47
Multan,2020-12-25,0.0,14.12,50.83,0.47
Multan,2020-12-26,0.0,13.96,49.8,0.47
Multan,2020-12-27,0.0,11.33,47.95,0.47
Multan,2020-12-28,0.0,9.67,67.16,0.47
Multan,2020-12-29,0.0,10.42,62.74,0.47
Multan,2020-12-30,0.0,11.72,50.28,0.47
Multan,2020-12-31,0.0,11.89,47.33,0.46
Multan,2021-01-01,0.0,12.05,44.83,0.46
Multan,2021-01-02,0.0,10.04,50.88,0.46
Multan,2021-01-03,0.0,11.42,56.06,0.46
Multan,2021-01-04,0.0,13.4,65.14,0.46
Multan,2021-01-05,0.8,13.38,74.87,0.46
Multan,2021-01-06,0.95,12.77,63.7,0.46
Multan,2021-01-07,0.0,13.38,59.75,0.46
Multan,2021-01-08,0.0,12.36,57.59,0.46
Multan,2021-01-09,0.0,12.37,49.5,0.46
Multan,2021-01-10,0.0,12.88,37.67,0.46
Multan,2021-01-11,0.0,13.55,32.68,0.46
Multan,2021-01-12,0.0,12.72,36.38,0.45
Multan,2021-01-13,0.0,12.41,34.15,0.45
Multan,2021-01-14,0.0,11.9,39.34,0.45
Multan,2021-01-15,0.0,12.17,45.82,0.45
Multan,2021-01-16,0.0,11.88,48.05,0.45
Multan,2021-01-17,0.0,11.32,52.95,0.45
Multan,2021-01-18,0.0,10.17,61.44,0.45
Multan,2021-01-19,0.0,12.4,53.23,0.45
Multan,2021-01-20,0.0,14.87,44.32,0.45
Multan,2021-01-21,0.0,16.09,37.29,0.44
Multan,2021-01-22,0.0,16.37,45.47,0.44
Multan,2021-01-23,0.0,14.3,28.5,0.44
Multan,2021-01-24,0.0,11.69,32.45,0.44
Multan,2021-01-25,0.0,12.51,31.96,0.44
Multan,2021-01-26,0.0,12.19,32.15,0.44
Multan,2021-01-27,0.0,12.52,34.1,0.44
Multan,2021-01-28,0.0,12.44,35.88,0.44
Multan,2021-01-29,0.0,13.06,33.21,0.43
Multan,2021-01-30,0.0,13.77,33.27,0.43
Multan,2021-01-31,0.0,14.8,31.51,0.43
Multan,2021-02-01,0.0,12.99,46.8,0.43
Multan,2021-02-02,0.0,14.35,44.63,0.43
Multan,2021-02-03,0.0,14.99,46.64,0.43
Multan,2021-02-04,0.0,14.5,54.95,0.43
Multan,2021-02-05,0.0,15.31,51.96,0.43
Multan,2021-02-06,0.0,15.66,49.22,0.43
Multan,2021-02-07,0.0,16.07,40.68,0.42
Multan,2021-02-08,0.0,17.04,34.77,0.42
Multan,2021-02-09,0.0,17.7,35.36,0.42
Multan,2021-02-10,0.0,18.14,41.66,0.42
Multan,2021-02-11,0.0,18.18,40.42,0.42
Multan,2021-02-12,0.0,18.17,45.04,0.42
Multan,2021-02-13,0.0,20.02,36.05,0.42
Multan,2021-02-14,0.0,18.86,36.78,0.42
Multan,2021-02-15,0.0,18.71,40.4,0.41
Multan,2021-02-16,0.0,18.72,43.57,0.41
Multan,2021-02-17,0.0,19.38,41.27,0.41
Multan,2021-02-18,0.0,18.77,38.61,0.41
Multan,2021-02-19,0.0,19.73,35.6,0.41
Multan,2021-02-20,0.0,20.54,28.38,0.41
Multan,2021-02-21,0.0,21.38,26.89,0.41
Multan,2021-02-22,0.0,22.94,23.85,0.41
Multan,2021-02-23,0.0,22.91,35.76,0.41
Multan,2021-02-24,0.0,22.1,38.53,0.41
Multan,2021-02-25,0.0,23.26,33.03,0.41
Multan,2021-02-26,0.0,24.5,26.83,0.4
Multan,2021-02-27,0.0,21.98,20.87,0.4
Multan,2021-02-28,0.0,19.89,26.37,0.4
Multan,2021-03-01,0.0,20.96,25.07,0.4
Multan,2021-03-02,0.0,22.13,18.64,0.4
Multan,2021-03-03,0.0,23.54,18.36,0.4
Multan,2021-03-04,0.0,23.64,23.08,0.4
Multan,2021-03-05,0.0,23.8,19.44,0.4
Multan,2021-03-06,0.0,26.22,18.25,0.4
Multan,2021-03-07,0.0,24.35,34.71,0.4
Multan,2021-03-08,0.0,23.69,37.76,0.4
Multan,2021-03-09,0.0,24.09,40.58,0.4
Multan,2021-03-10,0.0,25.53,27.35,0.4
Multan,2021-03-11,0.0,25.91,26.47,0.4
Multan,2021-03-12,0.25,23.13,49.0,0.4
Multan,2021-03-13,0.0,23.72,42.09,0.4
Multan,2021-03-14,0.0,25.58,31.34,0.4
Multan,2021-03-15,0.0,24.59,42.2,0.4
Multan,2021-03-16,0.0,26.37,33.01,0.4
Multan,2021-03-17,0.0,26.47,25.23,0.4
Multan,2021-03-18,0.0,26.35,32.57,0.4
Multan,2021-03-19,0.0,26.54,37.15,0.4
Multan,2021-03-20,0.31,28.0,27.74,0.4
Multan,2021-03-21,3.87,26.01,41.1,0.4
Multan,2021-03-22,10.04,23.24,59.04,0.41
Multan,2021-03-23,5.05,21.67,57.32,0.44
Multan,2021-03-24,0.0,21.41,54.6,0.43
Multan,2021-03-25,0.0,23.23,49.46,0.43
Multan,2021-03-26,0.0,25.52,42.85,0.42
Multan,2021-03-27,0.0,27.07,39.19,0.42
Multan,2021-03-28,0.0,28.31,34.34,0.42
Multan,2021-03-29,0.0,29.02,27.54,0.41
Multan,2021-03-30,0.0,26.32,20.12,0.41
Multan,2021-03-31,0.0,25.84,17.94,0.41
Multan,2021-04-01,0.0,25.66,15.79,0.41
Multan,2021-04-02,0.0,25.4,14.44,0.41
Multan,2021-04-03,0.0,26.16,13.21,0.41
Multan,2021-04-04,0.0,27.76,13.55,0.41
Multan,2021-04-05,0.02,25.6,43.03,0.4
Multan,2021-04-06,1.91,25.08,56.37,0.4
Multan,2021-04-07,0.0,24.38,34.32,0.41
Multan,2021-04-08,0.0,25.62,27.32,0.41
Multan,2021-04-09,0.0,27.97,18.01,0.41
Multan,2021-04-10,0.0,29.16,16.14,0.4
Multan,2021-04-11,0.0,30.63,15.63,0.4
Multan,2021-04-12,0.0,29.66,29.04,0.4
Multan,2021-04-13,0.0,30.68,26.69,0.4
Multan,2021-04-14,0.0,31.69,17.62,0.4
Multan,2021-04-15,0.1,30.28,26.87,0.4
Multan,2021-04-16,1.26,25.45,48.25,0.4
Multan,2021-04-17,0.0,27.05,41.7,0.4
Multan,2021-04-18,0.0,29.1,28.2,0.4
Multan,2021-04-19,0.0,29.57,33.51,0.4
Multan,2021-04-20,2.03,25.21,43.85,0.4
Multan,2021-04-21,0.01,26.27,42.26,0.41
Multan,2021-04-22,0.0,29.94,28.14,0.4
Multan,2021-04-23,0.15,26.93,31.03,0.4
Multan,2021-04-24,0.0,28.13,25.67,0.4
Multan,2021-04-25,0.0,31.06,20.66,0.4
Multan,2021-04-26,0.0,33.2,16.5,0.4
Multan,2021-04-27,0.0,33.93,17.76,0.4
Multan,2021-04-28,0.0,34.95,18.41,0.4
Multan,2021-04-29,0.0,34.99,20.13,0.4
Multan,2021-04-30,0.0,32.66,27.87,0.4
Multan,2021-05-01,0.01,34.7,25.5,0.4
Multan,2021-05-02,0.66,33.98,23.67,0.4
Multan,2021-05-03,0.85,34.2,24.52,0.4
Multan,2021-05-04,0.07,34.59,26.11,0.4
Multan,2021-05-05,1.01,33.61,31.31,0.4
Multan,2021-05-06,4.76,28.47,42.27,0.41
Multan,2021-05-07,0.0,31.18,36.65,0.41
Multan,2021-05-08,0.0,33.31,29.88,0.41
Multan,2021-05-09,0.04,35.65,23.88,0.41
Multan,2021-05-10,0.09,36.25,19.86,0.4
Multan,2021-05-11,0.03,35.09,21.4,0.4
Multan,2021-05-12,0.32,34.87,21.13,0.4
Multan,2021-05-13,0.47,34.45,25.76,0.4
Multan,2021-05-14,0.6,33.62,29.98,0.4
Multan,2021-05-15,1.1,33.54,30.82,0.4
Multan,2021-05-16,0.88,33.32,33.11,0.4
Multan,2021-05-17,0.48,34.38,31.82,0.4
Multan,2021-05-18,0.32,35.5,26.45,0.4
Multan,2021-05-19,0.0,34.82,26.25,0.4
Multan,2021-05-20,0.0,35.33,24.31,0.4
Multan,2021-05-21,0.78,34.56,24.69,0.4
Multan,2021-05-22,1.3,33.83,31.45,0.4
Multan,2021-05-23,2.6,30.64,40.21,0.41
Multan,2021-05-24,0.0,33.73,36.44,0.41
Multan,2021-05-25,0.0,36.55,27.24,0.4
Multan,2021-05-26,0.06,37.37,24.01,0.4
Multan,2021-05-27,0.11,38.56,20.32,0.4
Multan,2021-05-28,0.44,38.9,17.87,0.4
Multan,2021-05-29,1.02,39.25,24.95,0.4
Multan,2021-05-30,0.0,38.99,20.44,0.4
Multan,2021-05-31,0.01,39.19,17.65,0.4
Multan,2021-06-01,0.97,37.46,27.44,0.4
Multan,2021-06-02,0.62,36.47,39.32,0.4
Multan,2021-06-03,1.22,37.3,35.95,0.4
Multan,2021-06-04,0.04,36.53,35.27,0.4
Multan,2021-06-05,0.06,37.55,35.63,0.4
Multan,2021-06-06,0.35,39.04,31.41,0.4
Multan,2021-06-07,0.0,39.6,29.55,0.4
Multan,2021-06-08,0.0,40.09,28.23,0.4
Multan,2021-06-09,0.0,40.04,31.95,0.4
Multan,2021-06-10,0.0,40.09,32.73,0.4
Multan,2021-06-11,0.0,39.38,35.3,0.4
Multan,2021-06-12,1.92,39.79,33.21,0.4
Multan,2021-06-13,0.12,40.18,32.95,0.4
Multan,2021-06-14,0.64,37.48,39.57,0.4
Multan,2021-06-15,21.11,34.07,51.75,0.42
Multan,2021-06-16,0.37,32.94,44.53,0.44
Multan,2021-06-17,1.2,33.2,50.98,0.43
Multan,2021-06-18,0.01,34.73,46.48,0.42
Multan,2021-06-19,0.24,36.3,38.66,0.42
Multan,2021-06-20,1.01,37.04,38.17,0.42
Multan,2021-06-21,0.26,35.86,37.54,0.41
Multan,2021-06-22,0.01,37.59,31.15,0.41
Multan,2021-06-23,0.02,38.5,30.57,0.41
Multan,2021-06-24,0.02,38.22,29.5,0.41
Multan,2021-06-25,0.0,38.39,28.8,0.41
Multan,2021-06-26,0.41,38.28,29.97,0.41
Multan,2021-06-27,0.09,38.6,28.46,0.41
Multan,2021-06-28,0.0,39.21,27.57,0.4
Multan,2021-06-29,0.0,40.18,22.03,0.4
Multan,2021-06-30,0.0,40.43,21.98,0.4
Multan,2021-07-01,0.0,38.64,23.54,0.4
Multan,2021-07-02,0.0,38.94,24.25,0.4
Multan,2021-07-03,0.56,38.56,32.33,0.4
Multan,2021-07-04,0.48,38.37,35.14,0.4
Multan,2021-07-05,0.47,38.26,34.22,0.4
Multan,2021-07-06,0.0,39.38,29.07,0.4
Multan,2021-07-07,0.0,39.83,28.87,0.4
Multan,2021-07-08,0.0,40.38,28.74,0.4
Multan,2021-07-09,0.0,39.56,29.79,0.4
Multan,2021-07-10,0.0,40.23,28.48,0.4
Multan,2021-07-11,0.01,41.21,27.94,0.4
Multan,2021-07-12,1.58,39.89,36.48,0.4
Multan,2021-07-13,5.84,34.56,55.61,0.41
Multan,2021-07-14,1.87,35.01,52.1,0.41
Multan,2021-07-15,0.64,35.29,51.84,0.41
Multan,2021-07-16,0.22,38.0,39.71,0.41
Multan,2021-07-17,0.02,39.12,36.9,0.41
Multan,2021-07-18,0.0,40.44,33.8,0.41
Multan,2021-07-19,0.45,40.17,37.86,0.4
Multan,2021-07-20,0.77,38.07,42.53,0.41
Multan,2021-07-21,0.64,37.06,38.52,0.41
Multan,2021-07-22,0.0,38.38,34.05,0.41
Multan,2021-07-23,0.02,39.14,32.6,0.4
Multan,2021-07-24,0.0,39.44,30.95,0.4
Multan,2021-07-25,0.0,40.42,31.56,0.4
Multan,2021-07-26,0.0,40.0,35.07,0.4
Multan,2021-07-27,0.0,35.97,45.48,0.4
Multan,2021-07-28,0.12,38.39,36.23,0.4
Multan,2021-07-29,0.21,38.18,38.65,0.4
Multan,2021-07-30,1.44,37.68,39.83,0.4
Multan,2021-07-31,8.26,36.45,46.31,0.41
Multan,2021-08-01,2.32,35.69,52.53,0.42
Multan,2021-08-02,0.42,36.58,44.46,0.41
Multan,2021-08-03,0.99,37.48,41.99,0.41
Multan,2021-08-04,2.47,38.21,40.42,0.41
Multan,2021-08-05,1.79,37.63,40.26,0.41
Multan,2021-08-06,0.09,37.95,36.37,0.41
Multan,2021-08-07,0.0,38.51,36.35,0.41
Multan,2021-08-08,0.0,38.73,31.91,0.4
Multan,2021-08-09,0.0,38.56,29.31,0.4
Multan,2021-08-10,0.0,37.53,31.37,0.4
Multan,2021-08-11,0.0,37.44,33.62,0.4
Multan,2021-08-12,0.0,37.46,34.24,0.4
Multan,2021-08-13,0.0,37.55,34.66,0.4
Multan,2021-08-14,0.0,37.39,35.61,0.4
Multan,2021-08-15,0.93,36.7,36.33,0.4
Multan,2021-08-16,0.49,36.87,34.49,0.4
Multan,2021-08-17,0.0,37.66,33.04,0.4
Multan,2021-08-18,0.0,37.44,30.11,0.4
Multan,2021-08-19,0.0,37.92,28.6,0.4
Multan,2021-08-20,0.0,38.09,26.65,0.4
Multan,2021-08-21,0.38,38.16,29.64,0.4
Multan,2021-08-22,0.0,36.89,34.75,0.4
Multan,2021-08-23,0.0,36.8,36.07,0.4
Multan,2021-08-24,0.0,37.77,26.86,0.4
Multan,2021-08-25,0.0,37.01,28.33,0.4
Multan,2021-08-26,0.0,36.35,28.22,0.4
Multan,2021-08-27,0.0,35.91,29.44,0.4
Multan,2021-08-28,0.0,35.65,32.98,0.4
Multan,2021-08-29,0.08,36.08,32.67,0.4
Multan,2021-08-30,7.8,36.46,38.24,0.4
Multan,2021-08-31,8.55,32.87,58.62,0.43
Multan,2021-09-01,0.05,32.99,53.26,0.42
Multan,2021-09-02,0.04,33.25,49.31,0.42
Multan,2021-09-03,0.7,33.32,45.96,0.41
Multan,2021-09-04,0.07,33.95,47.32,0.41
Multan,2021-09-05,0.0,35.3,39.68,0.41
Multan,2021-09-06,0.0,36.52,35.8,0.41
Multan,2021-09-07,0.07,37.23,37.05,0.41
Multan,2021-09-08,3.31,35.81,47.25,0.41
Multan,2021-09-09,0.42,35.28,45.22,0.41
Multan,2021-09-10,0.77,34.7,45.67,0.41
Multan,2021-09-11,0.61,33.57,50.55,0.41
Multan,2021-09-12,0.05,32.95,51.76,0.41
Multan,2021-09-13,0.0,33.55,47.87,0.41
Multan,2021-09-14,0.0,34.32,43.08,0.41
Multan,2021-09-15,0.0,34.63,43.12,0.41
Multan,2021-09-16,0.0,36.42,37.09,0.4
Multan,2021-09-17,0.0,36.95,33.49,0.4
Multan,2021-09-18,0.0,36.28,37.6,0.4
Multan,2021-09-19,0.0,36.33,37.88,0.4
Multan,2021-09-20,0.0,36.57,36.53,0.4
Multan,2021-09-21,3.06,35.7,39.25,0.4
Multan,2021-09-22,31.73,31.15,62.72,0.45
Multan,2021-09-23,0.07,30.77,62.86,0.46
Multan,2021-09-24,0.05,30.88,63.17,0.45
Multan,2021-09-25,0.0,31.86,55.38,0.45
Multan,2021-09-26,0.0,32.21,50.99,0.44
Multan,2021-09-27,0.0,32.3,53.75,0.44
Multan,2021-09-28,0.01,32.92,51.53,0.43
Multan,2021-09-29,0.01,32.31,52.35,0.43
Multan,2021-09-30,0.36,32.66,53.46,0.43
Multan,2021-10-01,1.72,32.06,60.84,0.43
Multan,2021-10-02,1.12,32.27,57.59,0.43
Multan,2021-10-03,0.02,32.76,49.92,0.42
Multan,2021-10-04,0.96,32.01,46.07,0.42
Multan,2021-10-05,3.84,30.85,59.0,0.42
Multan,2021-10-06,0.0,31.16,54.44,0.42
Multan,2021-10-07,0.0,31.53,44.93,0.42
Multan,2021-10-08,0.0,31.56,35.01,0.42
Multan,2021-10-09,0.0,31.75,31.75,0.41
Multan,2021-10-10,0.0,30.52,25.93,0.41
Multan,2021-10-11,0.0,28.04,34.71,0.41
Multan,2021-10-12,0.0,28.72,42.26,0.41
Multan,2021-10-13,0.0,28.89,29.91,0.41
Multan,2021-10-14,0.0,29.18,22.9,0.41
Multan,2021-10-15,0.0,28.44,21.23,0.41
Multan,2021-10-16,0.0,28.76,18.94,0.41
Multan,2021-10-17,0.0,28.01,19.74,0.41
Multan,2021-10-18,0.0,26.47,33.3,0.41
Multan,2021-10-19,0.0,27.59,26.79,0.4
Multan,2021-10-20,0.0,26.93,15.24,0.4
Multan,2021-10-21,0.0,27.6,21.96,0.4
Multan,2021-10-22,0.0,28.63,31.13,0.4
Multan,2021-10-23,0.0,25.29,36.63,0.4
Multan,2021-10-24,0.17,23.79,53.13,0.4
Multan,2021-10-25,0.0,22.68,50.12,0.4
Multan,2021-10-26,0.0,24.42,34.52,0.4
Multan,2021-10-27,0.0,25.18,34.25,0.4
Multan,2021-10-28,0.0,25.43,29.59,0.4
Multan,2021-10-29,0.0,26.22,24.22,0.4
Multan,2021-10-30,0.0,26.06,23.05,0.4
Multan,2021-10-31,0.0,25.63,19.89,0.4
Multan,2021-11-01,0.0,23.77,24.05,0.4
Multan,2021-11-02,0.0,22.46,38.52,0.4
Multan,2021-11-03,0.0,23.24,31.74,0.4
Multan,2021-11-04,0.0,22.7,26.36,0.4
Multan,2021-11-05,0.0,23.1,24.38,0.4
Multan,2021-11-06,0.0,21.65,41.28,0.4
Multan,2021-11-07,0.0,24.01,30.23,0.4
Multan,2021-11-08,0.0,24.72,26.71,0.4
Multan,2021-11-09,0.0,24.74,24.24,0.4
Multan,2021-11-10,0.0,23.58,22.2,0.4
Multan,2021-11-11,0.0,22.37,26.52,0.4
Multan,2021-11-12,0.0,22.85,24.69,0.4
Multan,2021-11-13,0.0,22.86,17.25,0.4
Multan,2021-11-14,0.0,20.76,13.89,0.4
Multan,2021-11-15,0.0,19.59,27.65,0.4
Multan,2021-11-16,0.0,20.63,20.59,0.4
Multan,2021-11-17,0.0,20.28,18.34,0.4
Multan,2021-11-18,0.0,19.45,20.14,0.4
Multan,2021-11-19,0.0,19.57,22.95,0.4
Multan,2021-11-20,0.0,21.31,20.66,0.4
Multan,2021-11-21,0.0,21.09,20.49,0.4
Multan,2021-11-22,0.0,20.19,18.31,0.4
Multan,2021-11-23,0.0,20.67,14.54,0.4
Multan,2021-11-24,0.0,20.27,19.79,0.4
Multan,2021-11-25,0.0,18.82,27.43,0.4
Multan,2021-11-26,0.0,19.68,27.4,0.4
Multan,2021-11-27,0.0,19.13,28.29,0.4
Multan,2021-11-28,0.0,17.96,37.05,0.4
Multan,2021-11-29,0.0,18.2,36.97,0.4
Multan,2021-11-30,0.0,19.08,33.6,0.4
Multan,2021-12-01,0.0,19.48,28.07,0.4
Multan,2021-12-02,0.0,18.48,31.57,0.4
Multan,2021-12-03,0.0,17.77,31.54,0.4
Multan,2021-12-04,0.0,17.9,29.09,0.4
Multan,2021-12-05,0.0,17.48,29.7,0.4
Multan,2021-12-06,0.0,16.41,40.65,0.4
Multan,2021-12-07,0.0,17.55,37.38,0.4
Multan,2021-12-08,0.0,18.18,28.68,0.4
Multan,2021-12-09,0.0,18.34,27.3,0.4
Multan,2021-12-10,0.0,17.45,26.63,0.4
Multan,2021-12-11,0.0,17.24,21.73,0.4
Multan,2021-12-12,0.0,16.74,25.16,0.4
Multan,2021-12-13,0.0,16.53,22.53,0.4
Multan,2021-12-14,0.0,14.17,27.69,0.4
Multan,2021-12-15,0.0,13.63,31.02,0.4
Multan,2021-12-16,0.0,12.55,34.99,0.4
Multan,2021-12-17,0.0,12.79,24.57,0.4
Multan,2021-12-18,0.0,12.67,18.81,0.4
Multan,2021-12-19,0.0,13.26,15.4,0.4
Multan,2021-12-20,0.0,14.54,16.35,0.4
Multan,2021-12-21,0.0,14.38,20.47,0.4
Multan,2021-12-22,0.0,15.29,22.62,0.4
Multan,2021-12-23,0.0,15.73,24.36,0.4
Multan,2021-12-24,0.0,13.96,32.12,0.4
Multan,2021-12-25,0.0,14.69,32.04,0.4
Multan,2021-12-26,1.43,16.55,39.8,0.4
Multan,2021-12-27,0.16,14.93,52.02,0.4
Multan,2021-12-28,0.0,13.05,58.72,0.4
Multan,2021-12-29,0.0,13.66,47.25,0.4
Multan,2021-12-30,0.0,14.08,36.3,0.4
Multan,2021-12-31,0.0,13.89,33.68,0.4
Multan,2022-01-01,0.01,15.64,27.7,0.4
Multan,2022-01-02,0.01,14.91,29.79,0.4
Multan,2022-01-03,0.0,16.63,33.56,0.4
Multan,2022-01-04,0.28,15.49,50.25,0.4
Multan,2022-01-05,6.35,13.82,76.96,0.41
Multan,2022-01-06,3.39,12.48,77.69,0.42
Multan,2022-01-07,13.02,12.18,83.33,0.43
Multan,2022-01-08,0.58,12.2,79.5,0.45
Multan,2022-01-09,0.01,11.3,72.5,0.44
Multan,2022-01-10,0.0,12.12,63.58,0.44
Multan,2022-01-11,0.0,11.96,64.25,0.44
Multan,2022-01-12,0.0,12.74,54.31,0.44
Multan,2022-01-13,0.0,12.81,51.16,0.44
Multan,2022-01-14,0.0,13.03,49.63,0.43
Multan,2022-01-15,0.0,13.98,45.85,0.43
Multan,2022-01-16,0.0,14.43,46.95,0.43
Multan,2022-01-17,0.0,14.81,51.11,0.43
Multan,2022-01-18,0.0,14.95,54.12,0.43
Multan,2022-01-19,0.07,15.93,61.53,0.43
Multan,2022-01-20,0.23,14.21,74.54,0.43
Multan,2022-01-21,0.23,14.77,66.69,0.43
Multan,2022-01-22,3.59,11.3,78.41,0.43
Multan,2022-01-23,0.11,12.44,66.18,0.43
Multan,2022-01-24,0.0,12.0,60.61,0.43
Multan,2022-01-25,0.0,12.41,55.4,0.43
Multan,2022-01-26,0.0,12.44,44.01,0.43
Multan,2022-01-27,0.0,12.97,41.49,0.43
Multan,2022-01-28,0.0,13.81,39.86,0.43
Multan,2022-01-29,0.0,15.35,38.63,0.42
Multan,2022-01-30,0.0,15.91,42.02,0.42
Multan,2022-01-31,0.0,16.95,44.94,0.42
Multan,2022-02-01,0.0,15.07,39.58,0.42
Multan,2022-02-02,0.0,16.27,40.31,0.42
Multan,2022-02-03,0.01,14.81,47.73,0.42
Multan,2022-02-04,0.0,12.42,31.74,0.42
Multan,2022-02-05,0.0,13.46,35.52,0.42
Multan,2022-02-06,0.0,14.35,42.09,0.41
Multan,2022-02-07,0.0,14.59,46.34,0.41
Multan,2022-02-08,0.47,15.43,49.58,0.41
Multan,2022-02-09,0.03,15.77,45.32,0.41
Multan,2022-02-10,0.0,16.34,35.16,0.41
Multan,2022-02-11,0.0,16.06,36.1,0.41
Multan,2022-02-12,0.0,17.36,30.99,0.41
Multan,2022-02-13,0.0,18.45,30.2,0.41
Multan,2022-02-14,0.0,17.14,36.92,0.41
Multan,2022-02-15,0.0,18.16,39.11,0.41
Multan,2022-02-16,0.0,19.0,35.84,0.41
Multan,2022-02-17,0.0,18.57,34.71,0.41
Multan,2022-02-18,0.0,17.17,43.7,0.41
Multan,2022-02-19,0.0,18.46,43.59,0.41
Multan,2022-02-20,0.0,19.85,27.21,0.41
Multan,2022-02-21,0.0,19.62,23.16,0.41
Multan,2022-02-22,0.04,17.69,37.25,0.41
Multan,2022-02-23,0.07,18.13,45.96,0.41
Multan,2022-02-24,0.0,19.68,32.86,0.4
Multan,2022-02-25,0.0,20.19,32.18,0.4
Multan,2022-02-26,0.0,17.46,59.72,0.4
Multan,2022-02-27,0.0,17.75,52.06,0.4
Multan,2022-02-28,0.02,19.53,38.06,0.4
Multan,2022-03-01,0.01,21.09,36.44,0.4
Multan,2022-03-02,6.9,16.15,64.95,0.41
Multan,2022-03-03,0.12,18.61,60.49,0.42
Multan,2022-03-04,0.0,19.69,52.63,0.41
Multan,2022-03-05,0.0,21.33,44.55,0.41
Multan,2022-03-06,0.71,23.79,37.26,0.41
Multan,2022-03-07,1.22,22.22,51.04,0.41
Multan,2022-03-08,0.0,21.82,50.52,0.41
Multan,2022-03-09,0.0,23.97,40.05,0.41
Multan,2022-03-10,0.0,23.04,42.34,0.41
Multan,2022-03-11,0.0,25.95,36.77,0.41
Multan,2022-03-12,0.0,27.88,30.9,0.41
Multan,2022-03-13,0.0,29.07,30.32,0.41
Multan,2022-03-14,0.0,30.31,28.21,0.41
Multan,2022-03-15,0.0,30.04,28.06,0.41
Multan,2022-03-16,0.0,30.35,24.68,0.4
Multan,2022-03-17,0.0,31.38,21.02,0.4
Multan,2022-03-18,0.0,31.49,19.04,0.4
Multan,2022-03-19,0.0,28.35,34.45,0.4
Multan,2022-03-20,0.0,29.33,38.86,0.4
Multan,2022-03-21,0.0,30.05,21.31,0.4
Multan,2022-03-22,0.0,29.23,22.13,0.4
Multan,2022-03-23,0.0,28.41,18.93,0.4
Multan,2022-03-24,0.0,27.83,21.24,0.4
Multan,2022-03-25,0.0,28.93,21.11,0.4
Multan,2022-03-26,0.0,29.57,17.48,0.4
Multan,2022-03-27,0.0,30.38,13.5,0.4
Multan,2022-03-28,0.0,30.72,14.5,0.4
Multan,2022-03-29,0.0,30.6,13.18,0.4
Multan,2022-03-30,0.0,29.61,14.9,0.4
Multan,2022-03-31,0.0,29.8,15.15,0.4
Multan,2022-04-01,0.0,30.98,11.05,0.4
Multan,2022-04-02,0.0,30.48,10.98,0.4
Multan,2022-04-03,0.0,29.77,13.46,0.4
Multan,2022-04-04,0.0,29.89,16.09,0.4
Multan,2022-04-05,0.0,31.3,10.39,0.4
Multan,2022-04-06,0.0,33.23,8.05,0.4
Multan,2022-04-07,0.0,32.95,10.91,0.4
Multan,2022-04-08,0.0,33.63,12.28,0.4
Multan,2022-04-09,0.0,33.86,12.82,0.4
Multan,2022-04-10,0.0,34.33,11.88,0.4
Multan,2022-04-11,0.0,35.23,11.84,0.4
Multan,2022-04-12,0.0,34.52,15.53,0.4
Multan,2022-04-13,0.0,33.49,19.1,0.4
Multan,2022-04-14,0.0,32.17,13.59,0.4
Multan,2022-04-15,0.0,31.93,20.72,0.4
Multan,2022-04-16,0.0,33.41,14.97,0.4
Multan,2022-04-17,0.0,33.61,11.53,0.4
Multan,2022-04-18,0.0,34.02,15.89,0.4
Multan,2022-04-19,0.02,34.32,23.28,0.4
Multan,2022-04-20,0.0,33.85,22.77,0.4
Multan,2022-04-21,0.0,33.63,21.07,0.4
Multan,2022-04-22,0.0,31.8,19.38,0.4
Multan,2022-04-23,0.0,32.55,19.01,0.4
Multan,2022-04-24,0.0,33.23,16.18,0.4
Multan,2022-04-25,0.0,34.04,18.34,0.4
Multan,2022-04-26,0.0,34.46,15.83,0.4
Multan,2022-04-27,0.0,35.83,12.66,0.4
Multan,2022-04-28,0.0,37.34,14.17,0.4
Multan,2022-04-29,0.0,36.97,13.37,0.4
Multan,2022-04-30,0.0,37.65,16.3,0.4
Multan,2022-05-01,0.0,38.71,12.04,0.4
Multan,2022-05-02,0.0,38.6,12.88,0.4
Multan,2022-05-03,0.04,35.34,22.02,0.4
Multan,2022-05-04,1.1,34.88,26.15,0.4
Multan,2022-05-05,0.38,33.85,30.21,0.4
Multan,2022-05-06,0.62,34.92,21.62,0.4
Multan,2022-05-07,0.28,35.89,24.05,0.4
Multan,2022-05-08,0.0,37.77,18.54,0.4
Multan,2022-05-09,0.0,38.22,17.94,0.4
Multan,2022-05-10,0.0,37.47,18.81,0.4
Multan,2022-05-11,0.0,38.34,18.89,0.4
Multan,2022-05-12,0.0,38.24,11.34,0.4
Multan,2022-05-13,0.0,37.32,13.68,0.4
Multan,2022-05-14,0.0,39.78,9.79,0.4
Multan,2022-05-15,0.0,39.25,9.91,0.4
Multan,2022-05-16,0.0,37.35,17.92,0.4
Multan,2022-05-17,0.32,37.7,14.93,0.4
Multan,2022-05-18,0.0,37.57,16.06,0.4
Multan,2022-05-19,0.0,39.65,13.21,0.4
Multan,2022-05-20,0.0,37.74,14.16,0.4
Multan,2022-05-21,0.0,37.07,17.89,0.4
Multan,2022-05-22,0.0,37.35,12.66,0.4
Multan,2022-05-23,0.0,35.02,18.75,0.4
Multan,2022-05-24,0.0,32.99,27.31,0.4
Multan,2022-05-25,0.0,34.24,27.5,0.4
Multan,2022-05-26,0.0,37.11,20.01,0.4
Multan,2022-05-27,0.0,39.27,22.16,0.4
Multan,2022-05-28,0.0,37.4,18.77,0.4
Multan,2022-05-29,0.0,36.64,19.58,0.4
Multan,2022-05-30,0.0,37.04,17.59,0.4
Multan,2022-05-31,0.0,36.77,9.39,0.4
Multan,2022-06-01,0.0,35.98,15.78,0.4
Multan,2022-06-02,0.0,37.14,12.47,0.4
Multan,2022-06-03,0.0,37.57,7.25,0.4
Multan,2022-06-04,0.0,37.45,9.28,0.4
Multan,2022-06-05,0.0,38.47,12.52,0.4
Multan,2022-06-06,0.0,39.38,15.62,0.4
Multan,2022-06-07,0.0,39.31,12.69,0.4
Multan,2022-06-08,0.0,38.69,13.95,0.4
Multan,2022-06-09,0.0,39.3,15.78,0.4
Multan,2022-06-10,0.0,39.09,23.63,0.4
Multan,2022-06-11,0.0,39.22,28.3,0.4
Multan,2022-06-12,0.0,39.01,28.5,0.4
Multan,2022-06-13,0.36,39.49,27.95,0.4
Multan,2022-06-14,0.08,39.5,30.28,0.4
Multan,2022-06-15,0.0,39.9,28.04,0.4
Multan,2022-06-16,0.0,39.39,27.59,0.4
Multan,2022-06-17,13.84,37.34,39.07,0.4
Multan,2022-06-18,11.34,32.38,62.42,0.44
Multan,2022-06-19,8.94,32.42,60.98,0.45
Multan,2022-06-20,5.19,32.69,55.98,0.45
Multan,2022-06-21,22.56,27.29,66.92,0.47
Multan,2022-06-22,0.0,28.36,56.12,0.48
Multan,2022-06-23,0.0,31.82,45.07,0.47
Multan,2022-06-24,0.0,34.41,43.64,0.46
Multan,2022-06-25,0.0,35.77,39.28,0.46
Multan,2022-06-26,1.71,34.73,33.56,0.45
Multan,2022-06-27,0.0,35.93,36.89,0.45
Multan,2022-06-28,0.0,37.36,37.35,0.44
Multan,2022-06-29,0.0,37.54,38.7,0.43
Multan,2022-06-30,0.0,37.53,43.06,0.43
Multan,2022-07-01,1.7,36.72,45.16,0.43
Multan,2022-07-02,3.29,34.87,57.19,0.43
Multan,2022-07-03,0.29,36.31,50.51,0.43
Multan,2022-07-04,0.47,35.77,52.35,0.42
Multan,2022-07-05,0.63,36.54,49.98,0.42
Multan,2022-07-06,24.92,35.76,54.02,0.43
Multan,2022-07-07,11.95,34.48,60.98,0.47
Multan,2022-07-08,7.2,35.82,59.44,0.48
Multan,2022-07-09,4.32,34.17,62.66,0.48
Multan,2022-07-10,10.87,32.2,69.18,0.48
Multan,2022-07-11,0.2,33.14,64.72,0.49
Multan,2022-07-12,0.02,34.95,59.67,0.48
Multan,2022-07-13,2.4,35.24,58.49,0.48
Multan,2022-07-14,6.46,33.36,64.58,0.48
Multan,2022-07-15,7.31,30.93,72.62,0.49
Multan,2022-07-16,4.08,31.15,71.58,0.49
Multan,2022-07-17,13.53,30.5,76.01,0.5
Multan,2022-07-18,3.05,31.16,73.11,0.51
Multan,2022-07-19,0.01,34.07,60.29,0.51
Multan,2022-07-20,0.36,35.06,57.25,0.5
Multan,2022-07-21,10.36,32.77,69.89,0.5
Multan,2022-07-22,15.3,31.09,76.66,0.53
Multan,2022-07-23,20.02,29.67,82.06,0.54
Multan,2022-07-24,25.86,29.81,82.71,0.57
Multan,2022-07-25,36.85,30.07,82.58,0.62
Multan,2022-07-26,14.67,30.2,80.89,0.66
Multan,2022-07-27,1.73,31.41,75.63,0.64
Multan,2022-07-28,12.3,30.67,82.75,0.64
Multan,2022-07-29,0.39,30.09,81.5,0.65
Multan,2022-07-30,1.56,30.66,80.74,0.64
Multan,2022-07-31,1.0,29.95,84.99,0.63
Multan,2022-08-01,0.17,29.27,86.53,0.63
Multan,2022-08-02,0.21,31.24,77.21,0.62
Multan,2022-08-03,0.57,31.78,76.82,0.61
Multan,2022-08-04,0.87,32.4,72.82,0.61
Multan,2022-08-05,0.29,32.09,72.43,0.6
Multan,2022-08-06,0.3,30.79,75.37,0.59
Multan,2022-08-07,0.24,31.58,74.16,0.58
Multan,2022-08-08,0.19,31.74,74.17,0.58
Multan,2022-08-09,0.0,32.44,71.54,0.57
Multan,2022-08-10,0.26,32.82,69.65,0.56
Multan,2022-08-11,0.1,32.65,67.09,0.55
Multan,2022-08-12,0.99,31.18,70.41,0.55
Multan,2022-08-13,0.62,32.02,67.67,0.54
Multan,2022-08-14,7.29,30.17,77.21,0.55
Multan,2022-08-15,11.0,30.51,74.05,0.55
Multan,2022-08-16,7.08,30.44,76.21,0.56
Multan,2022-08-17,27.86,29.45,78.65,0.57
Multan,2022-08-18,10.04,29.11,82.2,0.61
Multan,2022-08-19,1.03,29.26,78.92,0.6
Multan,2022-08-20,3.2,29.15,78.52,0.59
Multan,2022-08-21,4.7,29.96,75.56,0.59
Multan,2022-08-22,3.69,31.21,69.57,0.59
Multan,2022-08-23,8.49,31.31,72.45,0.59
Multan,2022-08-24,8.94,29.12,80.26,0.59
Multan,2022-08-25,22.12,28.33,82.95,0.61
Multan,2022-08-26,9.43,28.73,80.14,0.63
Multan,2022-08-27,0.19,28.68,79.51,0.62
Multan,2022-08-28,0.13,29.35,79.46,0.61
Multan,2022-08-29,1.33,30.2,78.23,0.6
Multan,2022-08-30,0.49,30.52,75.77,0.6
Multan,2022-08-31,0.01,30.45,75.87,0.59
Multan,2022-09-01,0.0,30.74,75.75,0.58
Multan,2022-09-02,0.0,30.79,75.52,0.57
Multan,2022-09-03,0.0,30.79,75.4,0.56
Multan,2022-09-04,0.0,30.16,70.56,0.55
Multan,2022-09-05,0.23,30.88,69.41,0.54
Multan,2022-09-06,0.46,31.34,67.35,0.54
Multan,2022-09-07,0.08,31.55,66.08,0.53
Multan,2022-09-08,0.0,32.16,64.31,0.53
Multan,2022-09-09,0.0,32.67,61.81,0.52
Multan,2022-09-10,0.0,32.87,56.52,0.51
Multan,2022-09-11,0.57,32.48,60.5,0.51
Multan,2022-09-12,5.46,30.97,67.93,0.51
Multan,2022-09-13,0.15,31.38,65.25,0.51
Multan,2022-09-14,0.0,32.24,59.34,0.5
Multan,2022-09-15,0.0,32.41,56.31,0.49
Multan,2022-09-16,0.0,30.69,54.91,0.49
Multan,2022-09-17,0.0,30.29,59.14,0.48
Multan,2022-09-18,0.0,31.04,61.98,0.48
Multan,2022-09-19,0.0,31.08,62.79,0.47
Multan,2022-09-20,0.0,31.42,63.25,0.47
Multan,2022-09-21,0.0,32.2,58.73,0.47
Multan,2022-09-22,0.0,32.55,54.21,0.46
Multan,2022-09-23,0.0,31.94,53.22,0.46
Multan,2022-09-24,0.02,31.25,58.33,0.45
Multan,2022-09-25,0.0,31.01,59.09,0.45
Multan,2022-09-26,0.7,30.64,62.48,0.45
Multan,2022-09-27,0.0,30.48,58.86,0.44
Multan,2022-09-28,0.0,30.63,59.07,0.44
Multan,2022-09-29,0.0,30.79,55.34,0.44
Multan,2022-09-30,0.0,30.57,51.31,0.44
Multan,2022-10-01,0.0,30.45,51.34,0.43
Multan,2022-10-02,0.0,30.5,48.23,0.43
Multan,2022-10-03,0.0,30.83,48.42,0.43
Multan,2022-10-04,0.0,31.22,41.76,0.43
Multan,2022-10-05,0.0,30.73,41.81,0.43
Multan,2022-10-06,0.0,30.11,40.41,0.42
Multan,2022-10-07,0.0,30.21,41.93,0.42
Multan,2022-10-08,0.0,29.52,45.24,0.42
Multan,2022-10-09,0.0,29.45,47.42,0.42
Multan,2022-10-10,0.0,29.66,47.01,0.42
Multan,2022-10-11,0.0,29.05,36.46,0.42
Multan,2022-10-12,0.0,28.34,29.05,0.42
Multan,2022-10-13,0.0,28.06,33.81,0.42
Multan,2022-10-14,0.0,28.04,33.47,0.42
Multan,2022-10-15,0.0,28.35,30.44,0.42
Multan,2022-10-16,0.0,27.84,30.01,0.41
Multan,2022-10-17,0.0,27.49,33.49,0.41
Multan,2022-10-18,0.0,27.0,31.22,0.41
Multan,2022-10-19,0.0,27.23,31.05,0.41
Multan,2022-10-20,0.0,25.84,41.8,0.41
Multan,2022-10-21,0.0,26.02,36.85,0.41
Multan,2022-10-22,0.0,26.56,36.23,0.41
Multan,2022-10-23,0.0,26.51,39.1,0.41
Multan,2022-10-24,0.0,26.0,36.35,0.41
Multan,2022-10-25,0.0,26.75,32.19,0.41
Multan,2022-10-26,0.0,27.4,26.7,0.41
Multan,2022-10-27,0.0,26.04,31.2,0.41
Multan,2022-10-28,0.0,26.29,33.02,0.41
Multan,2022-10-29,0.0,25.88,32.69,0.41
Multan,2022-10-30,0.0,26.92,32.17,0.41
Multan,2022-10-31,0.0,27.09,33.11,0.41
Multan,2022-11-01,0.0,25.26,40.63,0.41
Multan,2022-11-02,0.0,25.92,40.3,0.41
Multan,2022-11-03,0.0,27.12,37.01,0.41
Multan,2022-11-04,0.0,27.61,34.36,0.41
Multan,2022-11-05,0.0,26.27,39.94,0.41
Multan,2022-11-06,0.41,22.22,66.56,0.41
Multan,2022-11-07,0.0,21.78,50.69,0.41
Multan,2022-11-08,0.0,22.62,45.05,0.41
Multan,2022-11-09,0.0,24.16,38.6,0.4
Multan,2022-11-10,0.0,22.14,47.53,0.4
Multan,2022-11-11,0.0,22.7,45.85,0.4
Multan,2022-11-12,0.0,23.07,36.69,0.4
Multan,2022-11-13,0.06,21.85,35.17,0.4
Multan,2022-11-14,2.46,21.07,49.76,0.41
Multan,2022-11-15,0.02,19.04,57.4,0.41
Multan,2022-11-16,0.0,19.95,40.76,0.41
Multan,2022-11-17,0.0,19.48,33.85,0.41
Multan,2022-11-18,0.0,20.57,28.75,0.41
Multan,2022-11-19,0.0,20.98,30.32,0.41
Multan,2022-11-20,0.0,18.72,48.97,0.41
Multan,2022-11-21,0.0,19.92,38.58,0.41
Multan,2022-11-22,0.0,19.57,33.23,0.41
Multan,2022-11-23,0.0,21.14,24.37,0.4
Multan,2022-11-24,0.0,21.3,22.61,0.4
Multan,2022-11-25,0.0,21.15,28.94,0.4
Multan,2022-11-26,0.0,20.35,30.55,0.4
Multan,2022-11-27,0.0,20.95,26.44,0.4
Multan,2022-11-28,0.0,20.58,25.66,0.4
Multan,2022-11-29,0.0,20.09,27.62,0.4
Multan,2022-11-30,0.0,19.19,30.89,0.4
Multan,2022-12-01,0.0,19.54,30.59,0.4
Multan,2022-12-02,0.0,19.92,30.13,0.4
Multan,2022-12-03,0.0,17.26,36.91,0.4
Multan,2022-12-04,0.0,17.49,38.62,0.4
Multan,2022-12-05,0.0,17.78,30.24,0.4
Multan,2022-12-06,0.0,17.94,31.39,0.4
Multan,2022-12-07,0.0,18.0,33.18,0.4
Multan,2022-12-08,0.0,18.84,36.41,0.4
Multan,2022-12-09,0.0,18.01,46.85,0.4
Multan,2022-12-10,0.0,17.73,42.84,0.4
Multan,2022-12-11,0.0,18.11,45.87,0.4
Multan,2022-12-12,0.0,19.48,38.11,0.4
Multan,2022-12-13,0.0,17.46,43.36,0.4
Multan,2022-12-14,0.0,17.57,31.2,0.4
Multan,2022-12-15,0.0,17.57,27.8,0.4
Multan,2022-12-16,0.0,17.46,24.12,0.4
Multan,2022-12-17,0.0,18.56,25.31,0.4
Multan,2022-12-18,0.0,18.36,27.28,0.4
Multan,2022-12-19,0.0,17.55,29.06,0.4
Multan,2022-12-20,0.0,16.79,30.02,0.4
Multan,2022-12-21,0.0,16.38,29.29,0.4
Multan,2022-12-22,0.0,15.79,27.7,0.4
Multan,2022-12-23,0.0,14.54,28.4,0.4
Multan,2022-12-24,0.0,13.45,30.17,0.4
Multan,2022-12-25,0.0,14.18,25.54,0.4
Multan,2022-12-26,0.0,14.24,26.78,0.4
Multan,2022-12-27,0.0,14.9,27.32,0.4
Multan,2022-12-28,0.97,16.94,40.37,0.4
Multan,2022-12-29,2.05,18.53,55.4,0.41
Multan,2022-12-30,0.44,15.16,63.96,0.41
Multan,2022-12-31,0.0,14.85,43.56,0.41
Multan,2023-01-01,0.0,13.13,35.14,0.41
Multan,2023-01-02,0.0,12.45,35.97,0.41
Multan,2023-01-03,0.0,12.13,32.6,0.41
Multan,2023-01-04,0.0,12.99,29.5,0.41
Multan,2023-01-05,0.0,13.15,26.0,0.41
Multan,2023-01-06,0.0,12.57,29.09,0.4
Multan,2023-01-07,0.0,13.53,24.35,0.4
Multan,2023-01-08,0.0,13.99,25.48,0.4
Multan,2023-01-09,0.0,13.7,34.84,0.4
Multan,2023-01-10,0.0,15.38,30.27,0.4
Multan,2023-01-11,0.07,16.0,39.72,0.4
Multan,2023-01-12,0.03,13.32,49.59,0.4
Multan,2023-01-13,0.0,10.39,22.5,0.4
Multan,2023-01-14,0.0,9.14,15.76,0.4
Multan,2023-01-15,0.0,10.27,15.53,0.4
Multan,2023-01-16,0.0,8.95,22.21,0.4
Multan,2023-01-17,0.0,10.9,20.02,0.4
Multan,2023-01-18,0.01,11.3,19.9,0.4
Multan,2023-01-19,1.55,11.82,39.34,0.4
Multan,2023-01-20,2.37,12.24,63.92,0.41
Multan,2023-01-21,0.37,12.05,59.94,0.41
Multan,2023-01-22,0.0,11.83,53.58,0.41
Multan,2023-01-23,0.0,10.53,45.55,0.41
Multan,2023-01-24,0.0,11.36,31.8,0.41
Multan,2023-01-25,0.0,11.47,27.63,0.41
Multan,2023-01-26,0.0,10.68,30.19,0.41
Multan,2023-01-27,0.0,13.15,24.78,0.41
Multan,2023-01-28,0.0,13.79,24.82,0.41
Multan,2023-01-29,0.0,13.69,32.01,0.41
Multan,2023-01-30,0.0,13.6,57.01,0.41
Multan,2023-01-31,0.0,14.17,54.57,0.41
Multan,2023-02-01,0.0,16.4,35.7,0.41
Multan,2023-02-02,0.0,16.9,31.29,0.4
Multan,2023-02-03,0.0,17.44,33.06,0.4
Multan,2023-02-04,0.0,18.17,48.27,0.4
Multan,2023-02-05,0.0,19.0,36.18,0.4
Multan,2023-02-06,0.0,17.72,41.87,0.4
Multan,2023-02-07,0.0,17.42,37.77,0.4
Multan,2023-02-08,0.0,18.84,25.65,0.4
Multan,2023-02-09,0.0,18.32,32.4,0.4
Multan,2023-02-10,0.0,17.82,30.11,0.4
Multan,2023-02-11,0.0,16.72,20.5,0.4
Multan,2023-02-12,0.0,14.27,19.47,0.4
Multan,2023-02-13,0.0,16.73,15.72,0.4
Multan,2023-02-14,0.0,19.73,25.81,0.4
Multan,2023-02-15,0.0,21.2,27.16,0.4
Multan,2023-02-16,0.0,23.15,23.04,0.4
Multan,2023-02-17,0.0,23.38,21.35,0.4
Multan,2023-02-18,0.0,22.91,19.74,0.4
Multan,2023-02-19,0.0,24.03,22.59,0.4
Multan,2023-02-20,0.0,22.78,40.06,0.4
Multan,2023-02-21,0.0,22.3,30.43,0.4
Multan,2023-02-22,0.0,22.11,26.12,0.4
Multan,2023-02-23,0.0,21.78,31.71,0.4
Multan,2023-02-24,0.0,24.07,25.38,0.4
Multan,2023-02-25,0.0,24.69,24.93,0.4
Multan,2023-02-26,0.0,23.97,29.37,0.4
Multan,2023-02-27,0.0,23.49,33.7,0.4
Multan,2023-02-28,1.69,22.28,36.44,0.4
Multan,2023-03-01,3.06,20.38,62.88,0.41
Multan,2023-03-02,1.05,20.99,57.01,0.41
Multan,2023-03-03,0.02,21.28,53.58,0.41
Multan,2023-03-04,0.0,22.8,44.98,0.41
Multan,2023-03-05,0.0,23.74,39.61,0.41
Multan,2023-03-06,0.0,24.29,34.18,0.41
Multan,2023-03-07,0.0,24.8,31.21,0.41
Multan,2023-03-08,0.0,25.02,29.01,0.4
Multan,2023-03-09,0.0,25.09,25.6,0.4
Multan,2023-03-10,0.0,25.32,26.28,0.4
Multan,2023-03-11,0.0,26.74,25.84,0.4
Multan,2023-03-12,0.0,26.47,27.05,0.4
Multan,2023-03-13,0.0,27.12,30.74,0.4
Multan,2023-03-14,0.0,27.55,22.72,0.4
Multan,2023-03-15,0.0,26.77,21.46,0.4
Multan,2023-03-16,0.38,26.58,32.07,0.4
Multan,2023-03-17,4.69,21.42,65.77,0.41
Multan,2023-03-18,0.15,21.54,59.72,0.41
Multan,2023-03-19,1.22,22.41,54.39,0.41
Multan,2023-03-20,0.03,23.99,45.03,0.41
Multan,2023-03-21,0.89,24.76,39.69,0.41
Multan,2023-03-22,2.26,23.89,49.41,0.41
Multan,2023-03-23,0.87,24.03,54.5,0.41
Multan,2023-03-24,25.17,21.64,67.77,0.45
Multan,2023-03-25,3.98,20.17,63.85,0.46
Multan,2023-03-26,0.0,20.95,60.18,0.46
Multan,2023-03-27,0.0,23.32,46.51,0.45
Multan,2023-03-28,0.02,25.62,42.3,0.45
Multan,2023-03-29,8.54,22.84,54.87,0.44
Multan,2023-03-30,5.71,20.99,71.16,0.46
Multan,2023-03-31,1.53,21.55,63.57,0.46
Multan,2023-04-01,0.98,22.89,62.82,0.46
Multan,2023-04-02,1.92,23.89,59.47,0.46
Multan,2023-04-03,11.0,22.8,67.29,0.47
Multan,2023-04-04,0.11,23.58,60.59,0.47
Multan,2023-04-05,4.31,24.63,52.82,0.47
Multan,2023-04-06,0.77,23.9,58.07,0.47
Multan,2023-04-07,0.14,25.19,44.63,0.47
Multan,2023-04-08,0.0,27.06,39.02,0.46
Multan,2023-04-09,0.0,28.67,33.34,0.46
Multan,2023-04-10,0.0,29.12,33.67,0.45
Multan,2023-04-11,0.0,29.31,37.69,0.45
Multan,2023-04-12,0.07,30.1,36.59,0.44
Multan,2023-04-13,0.0,31.75,26.39,0.44
Multan,2023-04-14,0.0,31.23,30.45,0.44
Multan,2023-04-15,0.0,32.35,29.59,0.43
Multan,2023-04-16,0.0,31.09,34.26,0.43
Multan,2023-04-17,1.37,30.39,40.54,0.43
Multan,2023-04-18,3.76,29.76,46.72,0.43
Multan,2023-04-19,1.06,27.76,47.21,0.43
Multan,2023-04-20,0.03,27.35,39.36,0.43
Multan,2023-04-21,0.0,27.36,39.72,0.42
Multan,2023-04-22,0.0,27.27,38.72,0.42
Multan,2023-04-23,0.0,27.6,28.26,0.42
Multan,2023-04-24,0.0,29.31,21.7,0.42
Multan,2023-04-25,0.0,31.11,22.53,0.42
Multan,2023-04-26,0.0,29.94,32.32,0.41
Multan,2023-04-27,0.0,31.38,33.27,0.41
Multan,2023-04-28,0.21,30.31,38.3,0.41
Multan,2023-04-29,0.94,25.12,61.49,0.41
Multan,2023-04-30,0.11,26.72,53.42,0.41
Multan,2023-05-01,3.63,28.3,52.89,0.41
Multan,2023-05-02,9.71,25.71,64.76,0.43
Multan,2023-05-03,0.66,27.39,55.91,0.43
Multan,2023-05-04,2.11,28.67,52.3,0.43
Multan,2023-05-05,0.78,29.9,49.3,0.43
Multan,2023-05-06,1.31,31.3,40.41,0.43
Multan,2023-05-07,0.0,28.3,29.59,0.42
Multan,2023-05-08,0.0,28.55,35.97,0.42
Multan,2023-05-09,0.0,30.01,28.52,0.42
Multan,2023-05-10,0.0,31.41,22.88,0.41
Multan,2023-05-11,0.0,35.17,16.99,0.41
Multan,2023-05-12,0.0,35.15,22.16,0.41
Multan,2023-05-13,0.0,36.16,17.1,0.41
Multan,2023-05-14,0.0,33.98,26.15,0.41
Multan,2023-05-15,0.0,35.0,22.91,0.41
Multan,2023-05-16,1.68,34.4,28.05,0.41
Multan,2023-05-17,0.79,34.92,37.05,0.41
Multan,2023-05-18,5.03,32.23,44.68,0.42
Multan,2023-05-19,0.0,34.3,31.8,0.41
Multan,2023-05-20,0.0,34.65,25.42,0.41
Multan,2023-05-21,0.0,36.69,22.38,0.41
Multan,2023-05-22,0.0,38.21,27.15,0.41
Multan,2023-05-23,0.1,36.82,31.7,0.41
Multan,2023-05-24,0.0,35.24,27.23,0.41
Multan,2023-05-25,0.63,35.41,28.88,0.41
Multan,2023-05-26,1.03,35.15,37.59,0.41
Multan,2023-05-27,2.58,33.72,49.18,0.41
Multan,2023-05-28,32.56,31.2,56.71,0.42
Multan,2023-05-29,1.34,29.09,59.71,0.47
Multan,2023-05-30,3.14,26.93,62.27,0.47
Multan,2023-05-31,11.72,27.81,63.29,0.47
Multan,2023-06-01,6.67,26.08,72.85,0.49
Multan,2023-06-02,0.0,29.0,56.67,0.48
Multan,2023-06-03,13.46,30.85,55.48,0.48
Multan,2023-06-04,6.06,30.92,62.01,0.5
Multan,2023-06-05,0.0,33.34,51.6,0.5
Multan,2023-06-06,8.34,34.0,48.12,0.49
Multan,2023-06-07,1.37,34.15,48.39,0.5
Multan,2023-06-08,0.0,34.74,46.01,0.49
Multan,2023-06-09,0.0,36.06,46.51,0.48
Multan,2023-06-10,0.55,35.68,45.94,0.48
Multan,2023-06-11,0.34,35.05,46.39,0.47
Multan,2023-06-12,0.0,36.42,42.42,0.46
Multan,2023-06-13,0.0,36.47,39.24,0.46
Multan,2023-06-14,0.22,35.76,43.24,0.45
Multan,2023-06-15,1.1,34.51,47.81,0.45
Multan,2023-06-16,1.57,34.02,52.35,0.45
Multan,2023-06-17,0.03,35.48,49.7,0.44
Multan,2023-06-18,0.0,36.1,47.1,0.44
Multan,2023-06-19,0.0,37.1,43.92,0.43
Multan,2023-06-20,0.0,39.03,38.56,0.43
Multan,2023-06-21,0.0,39.24,36.13,0.42
Multan,2023-06-22,0.0,39.75,35.58,0.42
Multan,2023-06-23,0.0,40.51,32.3,0.42
Multan,2023-06-24,0.07,40.29,31.76,0.42
Multan,2023-06-25,1.23,40.21,34.23,0.42
Multan,2023-06-26,5.49,37.36,45.17,0.42
Multan,2023-06-27,1.31,35.82,51.85,0.42
Multan,2023-06-28,0.34,36.78,47.47,0.42
Multan,2023-06-29,1.32,37.45,44.94,0.42
Multan,2023-06-30,0.36,38.01,43.65,0.42
Multan,2023-07-01,3.94,36.59,50.61,0.42
Multan,2023-07-02,0.34,37.91,44.06,0.42
Multan,2023-07-03,0.01,39.67,37.18,0.42
Multan,2023-07-04,0.2,40.2,33.81,0.41
Multan,2023-07-05,0.51,37.86,42.35,0.41
Multan,2023-07-06,1.57,36.66,44.99,0.41
Multan,2023-07-07,2.13,34.18,50.71,0.42
Multan,2023-07-08,5.07,33.48,56.96,0.42
Multan,2023-07-09,0.48,34.15,53.25,0.42
Multan,2023-07-10,0.02,35.74,45.2,0.42
Multan,2023-07-11,0.0,38.15,38.14,0.42
Multan,2023-07-12,0.01,39.49,34.2,0.41
Multan,2023-07-13,0.77,40.09,33.58,0.41
Multan,2023-07-14,0.14,38.4,38.28,0.41
Multan,2023-07-15,0.25,39.57,34.25,0.41
Multan,2023-07-16,0.35,39.41,36.0,0.41
Multan,2023-07-17,0.96,39.6,37.37,0.41
Multan,2023-07-18,0.28,40.38,36.58,0.41
Multan,2023-07-19,1.0,39.76,39.14,0.41
Multan,2023-07-20,5.22,36.54,49.61,0.41
Multan,2023-07-21,3.86,31.83,73.13,0.42
Multan,2023-07-22,3.1,32.08,74.33,0.43
Multan,2023-07-23,2.57,31.46,68.28,0.43
Multan,2023-07-24,27.49,32.81,65.13,0.44
Multan,2023-07-25,18.22,31.12,77.02,0.49
Multan,2023-07-26,4.85,30.64,80.05,0.5
Multan,2023-07-27,0.44,32.74,67.94,0.5
Multan,2023-07-28,0.37,33.77,62.93,0.49
Multan,2023-07-29,4.6,33.69,63.83,0.49
Multan,2023-07-30,5.77,33.37,65.28,0.49
Multan,2023-07-31,0.07,34.58,56.69,0.48
Multan,2023-08-01,0.05,35.07,55.22,0.48
Multan,2023-08-02,0.0,35.37,55.08,0.47
Multan,2023-08-03,0.0,35.1,55.94,0.46
Multan,2023-08-04,0.0,35.02,53.11,0.46
Multan,2023-08-05,0.0,35.38,53.61,0.46
Multan,2023-08-06,0.0,35.11,53.64,0.45
Multan,2023-08-07,0.0,34.71,55.35,0.45
Multan,2023-08-08,0.0,34.94,53.45,0.44
Multan,2023-08-09,0.0,35.39,52.23,0.44
Multan,2023-08-10,0.01,34.82,52.06,0.43
Multan,2023-08-11,0.03,34.76,49.84,0.43
Multan,2023-08-12,0.0,35.45,47.09,0.43
Multan,2023-08-13,0.0,35.76,44.75,0.42
Multan,2023-08-14,0.0,35.83,43.76,0.42
Multan,2023-08-15,0.0,36.29,46.37,0.42
Multan,2023-08-16,0.0,35.9,46.05,0.42
Multan,2023-08-17,0.0,35.8,44.63,0.42
Multan,2023-08-18,0.0,36.66,39.65,0.42
Multan,2023-08-19,0.0,36.58,36.81,0.42
Multan,2023-08-20,0.41,37.27,37.46,0.41
Multan,2023-08-21,0.07,38.25,36.17,0.41
Multan,2023-08-22,0.0,38.11,34.29,0.41
Multan,2023-08-23,0.0,37.73,33.49,0.41
Multan,2023-08-24,0.0,35.78,34.62,0.41
Multan,2023-08-25,0.09,36.02,34.78,0.41
Multan,2023-08-26,20.46,34.12,49.34,0.42
Multan,2023-08-27,4.54,32.48,56.61,0.45
Multan,2023-08-28,0.0,33.61,49.16,0.44
Multan,2023-08-29,0.58,33.15,52.37,0.44
Multan,2023-08-30,0.0,34.67,47.98,0.43
Multan,2023-08-31,0.0,34.75,42.27,0.43
Multan,2023-09-01,0.0,34.71,38.37,0.42
Multan,2023-09-02,0.0,34.37,36.91,0.42
Multan,2023-09-03,0.0,34.57,37.63,0.42
Multan,2023-09-04,0.0,35.0,37.6,0.42
Multan,2023-09-05,0.0,35.4,36.1,0.41
Multan,2023-09-06,0.0,36.36,34.55,0.41
Multan,2023-09-07,0.0,36.36,31.4,0.41
Multan,2023-09-08,0.0,36.82,29.81,0.41
Multan,2023-09-09,0.0,37.05,28.15,0.41
Multan,2023-09-10,0.0,36.5,29.89,0.41
Multan,2023-09-11,0.0,36.44,33.21,0.41
Multan,2023-09-12,0.0,37.17,28.93,0.41
Multan,2023-09-13,0.0,37.05,29.27,0.41
Multan,2023-09-14,0.0,37.72,31.72,0.41
Multan,2023-09-15,0.09,37.7,32.37,0.4
Multan,2023-09-16,2.16,36.42,39.63,0.41
Multan,2023-09-17,0.11,35.32,45.51,0.41
Multan,2023-09-18,0.17,33.41,51.51,0.41
Multan,2023-09-19,1.01,32.81,54.47,0.41
Multan,2023-09-20,0.15,33.85,50.55,0.41
Multan,2023-09-21,0.01,35.52,44.6,0.41
Multan,2023-09-22,0.2,36.36,38.02,0.41
Multan,2023-09-23,0.01,35.26,35.97,0.4
Multan,2023-09-24,0.0,34.64,33.11,0.4
Multan,2023-09-25,0.0,33.16,32.03,0.4
Multan,2023-09-26,0.0,32.54,41.58,0.4
Multan,2023-09-27,0.0,33.72,31.07,0.4
Multan,2023-09-28,0.0,33.1,18.55,0.4
Multan,2023-09-29,0.0,30.92,19.17,0.4
Multan,2023-09-30,0.0,29.9,36.09,0.4
Multan,2023-10-01,0.0,31.43,23.52,0.4
Multan,2023-10-02,0.0,30.92,13.05,0.4
Multan,2023-10-03,0.0,31.09,14.13,0.4
Multan,2023-10-04,0.0,31.69,12.17,0.4
Multan,2023-10-05,0.0,31.65,14.18,0.4
Multan,2023-10-06,0.0,32.05,18.77,0.4
Multan,2023-10-07,0.0,31.79,25.24,0.4
Multan,2023-10-08,0.0,32.07,27.39,0.4
Multan,2023-10-09,0.0,31.45,18.47,0.4
Multan,2023-10-10,0.0,29.49,23.01,0.4
Multan,2023-10-11,0.0,29.43,33.2,0.4
Multan,2023-10-12,0.0,29.82,20.85,0.4
Multan,2023-10-13,0.0,30.57,24.07,0.4
Multan,2023-10-14,0.0,30.17,28.86,0.4
Multan,2023-10-15,0.01,28.91,41.77,0.4
Multan,2023-10-16,6.12,27.36,43.05,0.41
Multan,2023-10-17,4.02,23.99,63.59,0.42
Multan,2023-10-18,1.85,23.84,60.6,0.42
Multan,2023-10-19,0.0,25.05,51.95,0.42
Multan,2023-10-20,0.0,26.09,48.25,0.41
Multan,2023-10-21,2.32,27.27,47.95,0.41
Multan,2023-10-22,0.7,26.48,52.57,0.42
Multan,2023-10-23,0.01,25.73,49.51,0.41
Multan,2023-10-24,0.0,26.45,41.09,0.41
Multan,2023-10-25,0.0,26.74,41.04,0.41
Multan,2023-10-26,0.0,27.21,33.22,0.41
Multan,2023-10-27,0.0,27.07,28.96,0.41
Multan,2023-10-28,0.0,27.99,30.47,0.41
Multan,2023-10-29,0.0,27.98,33.97,0.41
Multan,2023-10-30,0.0,28.47,33.07,0.41
Multan,2023-10-31,0.0,27.94,35.32,0.4
Multan,2023-11-01,0.0,27.43,33.9,0.4
Multan,2023-11-02,0.0,25.82,42.67,0.4
Multan,2023-11-03,0.0,25.44,51.31,0.4
Multan,2023-11-04,0.0,25.22,46.04,0.4
Multan,2023-11-05,0.0,25.61,37.55,0.4
Multan,2023-11-06,1.2,26.28,34.05,0.4
Multan,2023-11-07,1.77,24.18,46.34,0.41
Multan,2023-11-08,0.25,24.37,50.57,0.41
Multan,2023-11-09,0.0,25.02,43.42,0.41
Multan,2023-11-10,0.77,20.97,51.33,0.41
Multan,2023-11-11,0.0,20.94,55.38,0.41
Multan,2023-11-12,0.0,21.53,34.76,0.41
Multan,2023-11-13,0.0,21.87,32.13,0.41
Multan,2023-11-14,0.0,21.04,35.88,0.41
Multan,2023-11-15,0.0,20.82,36.1,0.41
Multan,2023-11-16,0.0,21.06,31.71,0.41
Multan,2023-11-17,0.0,20.9,31.05,0.4
Multan,2023-11-18,0.0,20.0,34.57,0.4
Multan,2023-11-19,0.0,19.8,41.76,0.4
Multan,2023-11-20,0.0,19.92,44.74,0.4
Multan,2023-11-21,0.0,20.13,43.1,0.4
Multan,2023-11-22,0.0,20.45,39.85,0.4
Multan,2023-11-23,0.0,20.89,41.28,0.4
Multan,2023-11-24,0.0,19.63,46.48,0.4
Multan,2023-11-25,0.0,19.92,45.15,0.4
Multan,2023-11-26,0.0,19.18,46.12,0.4
Multan,2023-11-27,0.0,18.49,52.96,0.4
Multan,2023-11-28,0.0,18.5,50.48,0.4
Multan,2023-11-29,0.0,20.04,42.7,0.4
Multan,2023-11-30,0.0,20.59,42.2,0.4
Multan,2023-12-01,0.0,19.01,56.55,0.4
Multan,2023-12-02,0.0,19.29,48.34,0.4
Multan,2023-12-03,0.0,19.28,42.95,0.4
Multan,2023-12-04,0.0,19.48,38.1,0.4
Multan,2023-12-05,0.0,19.69,33.88,0.4
Multan,2023-12-06,0.0,19.4,33.08,0.4
Multan,2023-12-07,0.0,18.22,32.5,0.4
Multan,2023-12-08,0.0,17.51,28.8,0.4
Multan,2023-12-09,0.0,16.96,30.95,0.4
Multan,2023-12-10,0.0,17.09,26.01,0.4
Multan,2023-12-11,0.0,16.01,22.75,0.4
Multan,2023-12-12,0.0,14.03,32.9,0.4
Multan,2023-12-13,0.0,15.36,34.68,0.4
Multan,2023-12-14,0.0,16.13,33.61,0.4
Multan,2023-12-15,0.0,16.73,31.21,0.4
Multan,2023-12-16,0.0,15.54,38.45,0.4
Multan,2023-12-17,0.0,14.59,45.15,0.4
Multan,2023-12-18,0.0,16.03,38.22,0.4
Multan,2023-12-19,0.0,15.78,25.17,0.4
Multan,2023-12-20,0.0,16.79,22.13,0.4
Multan,2023-12-21,0.0,18.14,16.52,0.4
Multan,2023-12-22,0.0,17.33,18.62,0.4
Multan,2023-12-23,0.0,16.47,25.09,0.4
Multan,2023-12-24,0.0,15.85,39.02,0.4
Multan,2023-12-25,0.0,17.48,37.6,0.4
Multan,2023-12-26,0.0,17.2,34.0,0.4
Multan,2023-12-27,0.0,16.94,37.62,0.4
Multan,2023-12-28,0.0,16.86,34.94,0.4
Multan,2023-12-29,0.0,15.65,38.7,0.4
Multan,2023-12-30,0.0,15.1,37.98,0.4
Multan,2023-12-31,0.0,15.93,33.66,0.4
Multan,2024-01-01,0.0,15.07,36.53,0.4
Multan,2024-01-02,0.0,14.11,39.86,0.4
Multan,2024-01-03,0.0,13.98,39.46,0.4
Multan,2024-01-04,0.0,14.67,35.94,0.4
Multan,2024-01-05,0.0,13.88,39.19,0.4
Multan,2024-01-06,0.0,14.03,37.87,0.4
Multan,2024-01-07,0.0,13.72,40.05,0.4
Multan,2024-01-08,0.32,13.07,54.78,0.4
Multan,2024-01-09,0.02,12.73,65.09,0.4
Multan,2024-01-10,0.0,14.16,45.51,0.4
Multan,2024-01-11,0.0,13.94,37.33,0.4
Multan,2024-01-12,0.0,14.44,34.85,0.4
Multan,2024-01-13,0.0,16.21,27.91,0.4
Multan,2024-01-14,0.0,14.85,28.5,0.4
Multan,2024-01-15,0.0,14.71,31.23,0.4
Multan,2024-01-16,0.0,15.46,31.04,0.4
Multan,2024-01-17,0.0,14.96,31.71,0.4
Multan,2024-01-18,0.0,14.22,36.35,0.4
Multan,2024-01-19,0.0,14.85,35.25,0.4
Multan,2024-01-20,0.0,14.43,36.77,0.4
Multan,2024-01-21,0.0,14.53,35.2,0.4
Multan,2024-01-22,0.0,14.92,33.55,0.4
Multan,2024-01-23,0.0,13.48,33.99,0.4
Multan,2024-01-24,0.0,12.64,32.48,0.4
Multan,2024-01-25,0.0,12.4,34.39,0.4
Multan,2024-01-26,0.0,13.52,32.75,0.4
Multan,2024-01-27,0.0,16.36,29.19,0.4
Multan,2024-01-28,0.0,17.17,34.74,0.4
Multan,2024-01-29,0.0,17.53,44.99,0.4
Multan,2024-01-30,0.13,17.38,51.57,0.4
Multan,2024-01-31,0.0,17.95,42.62,0.4
Multan,2024-02-01,0.13,15.1,27.94,0.4
Multan,2024-02-02,0.01,13.73,40.26,0.4
Multan,2024-02-03,2.24,13.83,50.15,0.4
Multan,2024-02-04,0.33,14.37,60.47,0.4
Multan,2024-02-05,0.0,14.21,50.36,0.4
Multan,2024-02-06,0.93,14.68,40.77,0.4
Multan,2024-02-07,4.07,14.49,46.36,0.41
Multan,2024-02-08,0.07,14.91,44.75,0.41
Multan,2024-02-09,0.0,16.01,36.5,0.41
Multan,2024-02-10,0.0,17.19,30.55,0.41
Multan,2024-02-11,0.0,17.36,28.05,0.41
Multan,2024-02-12,0.0,17.15,27.25,0.41
Multan,2024-02-13,0.0,17.8,25.04,0.41
Multan,2024-02-14,0.0,17.92,25.97,0.41
Multan,2024-02-15,0.0,18.42,26.34,0.41
Multan,2024-02-16,0.0,18.88,26.8,0.41
Multan,2024-02-17,0.0,19.31,26.15,0.4
Multan,2024-02-18,0.0,20.59,26.2,0.4
Multan,2024-02-19,0.0,19.85,36.55,0.4
Multan,2024-02-20,0.0,17.13,28.49,0.4
Multan,2024-02-21,0.0,17.17,35.91,0.4
Multan,2024-02-22,0.0,16.68,30.62,0.4
Multan,2024-02-23,0.0,17.01,31.03,0.4
Multan,2024-02-24,0.0,16.61,26.6,0.4
Multan,2024-02-25,0.0,16.28,28.8,0.4
Multan,2024-02-26,0.16,14.49,42.28,0.4
Multan,2024-02-27,0.21,15.72,52.21,0.4
Multan,2024-02-28,0.09,19.59,39.09,0.4
Multan,2024-02-29,0.27,21.48,37.08,0.4
Multan,2024-03-01,4.55,17.26,67.01,0.41
Multan,2024-03-02,1.07,16.14,51.41,0.41
Multan,2024-03-03,0.47,12.95,30.08,0.41
Multan,2024-03-04,0.0,13.7,30.09,0.41
Multan,2024-03-05,0.0,14.48,31.43,0.41
Multan,2024-03-06,0.0,17.17,31.89,0.41
Multan,2024-03-07,0.06,17.27,44.01,0.41
Multan,2024-03-08,0.0,18.7,32.52,0.41
Multan,2024-03-09,0.0,21.45,25.67,0.41
Multan,2024-03-10,0.0,21.1,28.68,0.41
Multan,2024-03-11,0.0,21.76,36.72,0.41
Multan,2024-03-12,0.06,23.1,32.72,0.4
Multan,2024-03-13,0.47,22.63,38.24,0.41
Multan,2024-03-14,0.0,21.65,36.72,0.4
Multan,2024-03-15,0.0,22.16,32.58,0.4
Multan,2024-03-16,0.0,23.32,25.81,0.4
Multan,2024-03-17,0.0,24.24,24.14,0.4
Multan,2024-03-18,0.0,24.96,23.82,0.4
Multan,2024-03-19,0.0,25.58,22.56,0.4
Multan,2024-03-20,0.0,27.51,21.74,0.4
Multan,2024-03-21,0.01,29.29,29.45,0.4
Multan,2024-03-22,0.01,26.64,33.13,0.4
Multan,2024-03-23,0.01,28.19,30.72,0.4
Multan,2024-03-24,5.48,26.66,42.29,0.4
Multan,2024-03-25,0.0,27.64,44.48,0.41
Multan,2024-03-26,0.04,28.08,44.44,0.41
Multan,2024-03-27,0.85,26.78,54.39,0.41
Multan,2024-03-28,0.21,24.01,60.24,0.41
Multan,2024-03-29,0.9,27.0,46.29,0.41
Multan,2024-03-30,1.95,27.15,46.53,0.41
Multan,2024-03-31,0.01,24.02,44.22,0.41
Multan,2024-04-01,0.0,25.42,28.82,0.41
Multan,2024-04-02,0.0,27.3,22.16,0.41
Multan,2024-04-03,0.0,27.68,24.75,0.41
Multan,2024-04-04,0.0,28.61,24.88,0.4
Multan,2024-04-05,0.0,27.74,25.97,0.4
Multan,2024-04-06,0.0,28.67,21.05,0.4
Multan,2024-04-07,0.0,29.65,17.16,0.4
Multan,2024-04-08,0.0,30.68,16.68,0.4
Multan,2024-04-09,0.0,29.48,15.49,0.4
Multan,2024-04-10,0.0,30.41,15.32,0.4
Multan,2024-04-11,0.0,29.93,22.52,0.4
Multan,2024-04-12,1.16,30.34,26.11,0.4
Multan,2024-04-13,10.57,24.97,54.78,0.41
Multan,2024-04-14,0.91,22.6,67.6,0.42
Multan,2024-04-15,1.7,25.43,59.46,0.42
Multan,2024-04-16,0.0,26.42,49.59,0.42
Multan,2024-04-17,0.0,28.1,40.0,0.41
Multan,2024-04-18,0.0,29.67,34.8,0.41
Multan,2024-04-19,15.01,23.25,59.66,0.43
Multan,2024-04-20,0.66,25.69,53.08,0.43
Multan,2024-04-21,0.0,28.16,41.64,0.43
Multan,2024-04-22,1.04,28.62,39.21,0.42
Multan,2024-04-23,3.52,28.02,46.11,0.43
Multan,2024-04-24,0.0,29.83,36.31,0.42
Multan,2024-04-25,0.02,31.47,32.01,0.42
Multan,2024-04-26,2.96,30.07,40.31,0.42
Multan,2024-04-27,2.19,27.7,47.66,0.42
Multan,2024-04-28,0.0,28.5,38.11,0.42
Multan,2024-04-29,0.04,27.48,29.79,0.42
Multan,2024-04-30,0.02,24.93,41.67,0.41
Multan,2024-05-01,0.0,25.9,30.33,0.41
Multan,2024-05-02,0.0,29.6,21.32,0.41
Multan,2024-05-03,0.05,28.99,31.29,0.41
Multan,2024-05-04,0.01,31.07,33.2,0.41
Multan,2024-05-05,0.0,32.36,31.1,0.41
Multan,2024-05-06,0.0,34.42,25.03,0.41
Multan,2024-05-07,0.0,35.87,19.45,0.41
Multan,2024-05-08,0.0,37.4,15.91,0.4
Multan,2024-05-09,0.0,38.09,16.39,0.4
Multan,2024-05-10,0.15,35.77,26.01,0.4
Multan,2024-05-11,0.02,35.29,34.22,0.4
Multan,2024-05-12,0.17,34.08,18.85,0.4
Multan,2024-05-13,0.0,33.51,20.51,0.4
Multan,2024-05-14,0.0,35.35,20.02,0.4
Multan,2024-05-15,0.0,37.95,16.98,0.4
Multan,2024-05-16,0.0,38.84,18.68,0.4
Multan,2024-05-17,0.0,39.46,19.97,0.4
Multan,2024-05-18,0.0,37.14,24.62,0.4
Multan,2024-05-19,0.0,38.11,23.0,0.4
Multan,2024-05-20,0.0,39.04,16.7,0.4
Multan,2024-05-21,0.0,38.63,16.04,0.4
Multan,2024-05-22,0.0,39.46,14.09,0.4
Multan,2024-05-23,0.0,39.57,12.18,0.4
Multan,2024-05-24,0.0,40.02,14.3,0.4
Multan,2024-05-25,0.0,40.57,15.83,0.4
Multan,2024-05-26,0.0,39.7,16.71,0.4
Multan,2024-05-27,0.0,40.29,12.25,0.4
Multan,2024-05-28,0.0,39.85,10.63,0.4
Multan,2024-05-29,0.0,38.35,9.12,0.4
Multan,2024-05-30,0.0,38.37,10.38,0.4
Multan,2024-05-31,0.0,38.07,12.56,0.4
Multan,2024-06-01,0.0,38.18,17.26,0.4
Multan,2024-06-02,0.44,39.56,17.72,0.4
Multan,2024-06-03,0.0,40.4,18.36,0.4
Multan,2024-06-04,0.0,39.81,19.73,0.4
Multan,2024-06-05,0.54,39.73,28.54,0.4
Multan,2024-06-06,0.05,38.24,25.31,0.4
Multan,2024-06-07,0.37,37.59,27.11,0.4
Multan,2024-06-08,0.0,36.67,23.03,0.4
Multan,2024-06-09,0.0,37.93,23.57,0.4
Multan,2024-06-10,0.0,38.25,23.27,0.4
Multan,2024-06-11,0.0,39.3,15.37,0.4
Multan,2024-06-12,0.0,40.38,17.67,0.4
Multan,2024-06-13,0.0,40.12,22.59,0.4
Multan,2024-06-14,0.0,39.64,25.89,0.4
Multan,2024-06-15,0.0,39.97,25.67,0.4
Multan,2024-06-16,0.0,41.04,23.96,0.4
Multan,2024-06-17,0.0,41.41,24.4,0.4
Multan,2024-06-18,0.0,41.73,22.78,0.4
Multan,2024-06-19,0.12,41.04,21.29,0.4
Multan,2024-06-20,3.33,39.99,25.07,0.4
Multan,2024-06-21,6.24,35.16,41.79,0.41
Multan,2024-06-22,0.32,36.43,36.69,0.41
Multan,2024-06-23,0.33,38.51,28.45,0.41
Multan,2024-06-24,0.14,39.65,24.04,0.4
Multan,2024-06-25,0.0,40.41,22.2,0.4
Multan,2024-06-26,0.0,41.03,24.69,0.4
Multan,2024-06-27,0.02,39.92,33.54,0.4
Multan,2024-06-28,0.18,39.08,38.81,0.4
Multan,2024-06-29,0.11,39.25,39.55,0.4
Multan,2024-06-30,0.01,40.86,34.82,0.4
Multan,2024-07-01,0.18,41.9,32.79,0.4
Multan,2024-07-02,0.01,42.88,28.97,0.4
Multan,2024-07-03,0.39,43.08,27.52,0.4
Multan,2024-07-04,0.18,42.21,30.63,0.4
Multan,2024-07-05,1.59,41.09,33.08,0.4
Multan,2024-07-06,16.86,39.11,39.77,0.41
Multan,2024-07-07,41.06,33.86,62.91,0.5
Multan,2024-07-08,1.49,34.82,56.61,0.49
Multan,2024-07-09,0.06,35.85,51.71,0.48
Multan,2024-07-10,0.17,37.16,48.18,0.47
Multan,2024-07-11,0.06,37.93,44.9,0.47
Multan,2024-07-12,0.21,37.68,46.58,0.46
Multan,2024-07-13,16.9,34.68,58.28,0.47
Multan,2024-07-14,4.49,34.73,58.21,0.48
Multan,2024-07-15,0.0,36.26,51.12,0.47
Multan,2024-07-16,0.1,36.62,45.04,0.47
Multan,2024-07-17,0.32,37.49,49.97,0.46
Multan,2024-07-18,0.01,37.73,48.52,0.45
Multan,2024-07-19,2.55,35.98,55.96,0.45
Multan,2024-07-20,1.59,37.33,52.48,0.45
Multan,2024-07-21,0.05,38.36,47.28,0.45
Multan,2024-07-22,0.0,38.76,44.59,0.44
Multan,2024-07-23,0.04,38.73,43.99,0.44
Multan,2024-07-24,2.9,36.72,49.5,0.43
Multan,2024-07-25,0.0,38.04,45.96,0.43
Multan,2024-07-26,0.0,39.93,37.47,0.42
Multan,2024-07-27,1.22,40.45,36.55,0.42
Multan,2024-07-28,0.11,40.1,36.57,0.42
Multan,2024-07-29,0.3,40.16,37.63,0.42
Multan,2024-07-30,8.04,36.88,49.81,0.43
Multan,2024-07-31,0.02,36.86,54.08,0.43
Multan,2024-08-01,0.5,36.35,50.74,0.42
Multan,2024-08-02,15.08,34.25,63.74,0.44
Multan,2024-08-03,1.25,34.99,57.87,0.44
Multan,2024-08-04,2.61,34.55,58.6,0.44
Multan,2024-08-05,0.65,36.31,50.26,0.44
Multan,2024-08-06,0.85,35.62,55.47,0.43
Multan,2024-08-07,0.93,35.83,55.11,0.43
Multan,2024-08-08,1.77,35.7,54.96,0.43
Multan,2024-08-09,5.79,35.09,61.0,0.43
Multan,2024-08-10,0.28,34.35,63.1,0.43
Multan,2024-08-11,0.16,35.7,55.64,0.43
Multan,2024-08-12,22.51,34.79,59.15,0.44
Multan,2024-08-13,8.44,33.36,69.09,0.47
Multan,2024-08-14,0.09,34.79,62.43,0.47
Multan,2024-08-15,1.77,35.21,61.56,0.46
Multan,2024-08-16,34.56,31.61,78.0,0.5
Multan,2024-08-17,31.03,30.06,82.88,0.56
Multan,2024-08-18,16.61,30.7,78.49,0.58
Multan,2024-08-19,0.04,30.17,79.36,0.58
Multan,2024-08-20,0.12,31.61,72.87,0.57
Multan,2024-08-21,2.64,32.0,71.1,0.56
Multan,2024-08-22,2.23,32.35,69.19,0.56
Multan,2024-08-23,0.59,32.92,67.41,0.55
Multan,2024-08-24,0.24,34.01,60.72,0.54
Multan,2024-08-25,0.25,34.13,59.1,0.53
Multan,2024-08-26,2.17,32.96,62.5,0.53
Multan,2024-08-27,23.52,29.83,76.17,0.54
Multan,2024-08-28,49.96,29.0,85.8,0.62
Multan,2024-08-29,4.62,29.55,79.32,0.63
Multan,2024-08-30,12.28,29.83,81.12,0.63
Multan,2024-08-31,4.04,30.08,78.03,0.63
Multan,2024-09-01,0.0,30.82,73.28,0.62
Multan,2024-09-02,0.05,31.32,70.14,0.61
Multan,2024-09-03,2.95,30.5,75.78,0.6
Multan,2024-09-04,1.08,30.25,76.64,0.6
Multan,2024-09-05,0.36,31.27,71.06,0.59
Multan,2024-09-06,0.11,32.13,67.1,0.58
Multan,2024-09-07,0.68,31.52,70.74,0.57
Multan,2024-09-08,0.25,31.81,70.02,0.57
Multan,2024-09-09,0.0,32.32,65.56,0.56
Multan,2024-09-10,0.41,32.8,60.34,0.55
Multan,2024-09-11,0.16,32.14,62.02,0.54
Multan,2024-09-12,0.0,32.76,55.05,0.54
Multan,2024-09-13,0.0,30.24,51.4,0.53
Multan,2024-09-14,0.0,29.96,61.71,0.52
Multan,2024-09-15,0.0,30.55,60.34,0.52
Multan,2024-09-16,0.01,31.09,60.94,0.51
Multan,2024-09-17,0.32,30.49,64.94,0.51
Multan,2024-09-18,0.0,31.68,58.24,0.5
Multan,2024-09-19,0.0,31.14,61.81,0.49
Multan,2024-09-20,0.0,32.48,57.47,0.49
Multan,2024-09-21,0.0,33.43,55.89,0.48
Multan,2024-09-22,0.0,33.49,56.24,0.48
Multan,2024-09-23,0.0,34.26,50.07,0.47
Multan,2024-09-24,0.0,34.63,48.84,0.47
Multan,2024-09-25,0.0,34.69,49.01,0.46
Multan,2024-09-26,0.0,33.79,50.52,0.46
Multan,2024-09-27,0.01,33.1,54.07,0.46
Multan,2024-09-28,0.01,33.13,54.48,0.45
Multan,2024-09-29,0.0,33.11,53.78,0.45
Multan,2024-09-30,0.0,32.94,51.02,0.45
Multan,2024-10-01,0.22,32.16,47.05,0.44
Multan,2024-10-02,0.0,31.81,38.45,0.44
Multan,2024-10-03,0.0,32.75,32.25,0.44
Multan,2024-10-04,0.0,32.32,34.2,0.43
Multan,2024-10-05,0.0,31.61,38.54,0.43
Multan,2024-10-06,0.0,30.77,40.31,0.43
Multan,2024-10-07,0.01,30.84,44.11,0.43
Multan,2024-10-08,0.05,30.6,44.31,0.42
Multan,2024-10-09,0.0,30.24,40.19,0.42
Multan,2024-10-10,0.0,29.54,37.18,0.42
Multan,2024-10-11,2.62,29.79,36.26,0.42
Multan,2024-10-12,0.0,29.66,27.98,0.42
Multan,2024-10-13,0.0,29.71,26.5,0.42
Multan,2024-10-14,0.0,29.83,25.46,0.42
Multan,2024-10-15,0.0,29.54,26.01,0.42
Multan,2024-10-16,0.0,29.41,26.52,0.42
Multan,2024-10-17,0.0,29.96,24.29,0.42
Multan,2024-10-18,0.0,29.27,24.69,0.42
Multan,2024-10-19,0.0,28.76,30.17,0.41
Multan,2024-10-20,0.0,29.7,24.75,0.41
Multan,2024-10-21,0.0,28.84,29.1,0.41
Multan,2024-10-22,0.0,29.46,30.36,0.41
Multan,2024-10-23,0.0,29.56,30.5,0.41
Multan,2024-10-24,0.0,28.68,34.1,0.41
Multan,2024-10-25,0.0,28.98,34.9,0.41
Multan,2024-10-26,0.0,30.35,28.77,0.41
Multan,2024-10-27,0.0,29.45,27.05,0.41
Multan,2024-10-28,0.0,29.19,26.45,0.41
Multan,2024-10-29,0.0,28.3,32.37,0.41
Multan,2024-10-30,0.0,27.1,43.47,0.41
Multan,2024-10-31,0.0,28.16,42.64,0.41
Multan,2024-11-01,0.0,28.56,25.93,0.41
Multan,2024-11-02,0.0,26.57,24.79,0.41
Multan,2024-11-03,0.0,26.15,26.42,0.41
Multan,2024-11-04,0.0,26.31,28.82,0.41
Multan,2024-11-05,0.0,26.93,29.67,0.41
Multan,2024-11-06,0.0,26.91,34.8,0.41
Multan,2024-11-07,0.0,26.21,32.95,0.41
Multan,2024-11-08,0.0,25.28,40.05,0.4
Multan,2024-11-09,0.0,25.61,41.52,0.4
Multan,2024-11-10,0.0,25.69,42.0,0.4
Multan,2024-11-11,0.0,24.29,34.96,0.4
Multan,2024-11-12,0.0,22.92,46.85,0.4
Multan,2024-11-13,0.0,23.03,35.29,0.4
Multan,2024-11-14,0.0,23.72,29.61,0.4
Multan,2024-11-15,0.26,23.64,34.64,0.4
Multan,2024-11-16,0.0,21.07,43.55,0.4
Multan,2024-11-17,0.0,21.24,39.26,0.4
Multan,2024-11-18,0.0,22.35,30.47,0.4
Multan,2024-11-19,0.0,21.24,30.51,0.4
Multan,2024-11-20,0.0,20.99,28.68,0.4
Multan,2024-11-21,0.0,21.88,25.0,0.4
Multan,2024-11-22,0.0,21.99,25.65,0.4
Multan,2024-11-23,0.0,20.28,33.75,0.4
Multan,2024-11-24,0.0,19.42,44.29,0.4
Multan,2024-11-25,0.0,19.86,38.02,0.4
Multan,2024-11-26,0.0,19.39,36.8,0.4
Multan,2024-11-27,0.0,20.43,28.77,0.4
Multan,2024-11-28,0.0,20.72,30.69,0.4
Multan,2024-11-29,0.0,21.29,29.08,0.4
Multan,2024-11-30,1.72,19.88,41.83,0.4
Multan,2024-12-01,2.57,20.43,45.9,0.41
Multan,2024-12-02,1.19,19.78,50.35,0.41
Multan,2024-12-03,0.09,19.03,54.72,0.41
Multan,2024-12-04,0.0,19.24,45.65,0.41
Multan,2024-12-05,0.0,18.09,33.16,0.41
Multan,2024-12-06,0.0,16.75,28.51,0.41
Multan,2024-12-07,0.0,16.23,26.16,0.41
Multan,2024-12-08,0.03,13.48,32.16,0.41
Multan,2024-12-09,0.03,12.36,21.11,0.41
Multan,2024-12-10,0.0,12.66,20.29,0.41
Multan,2024-12-11,0.0,14.19,25.17,0.41
Multan,2024-12-12,0.0,13.33,29.65,0.41
Multan,2024-12-13,0.0,14.14,24.12,0.41
Multan,2024-12-14,0.0,14.84,22.61,0.41
Multan,2024-12-15,0.0,15.96,19.67,0.41
Multan,2024-12-16,0.0,15.26,21.85,0.4
Multan,2024-12-17,0.0,14.78,29.7,0.4
Multan,2024-12-18,0.0,15.3,30.62,0.4
Multan,2024-12-19,0.0,13.71,30.57,0.4
Multan,2024-12-20,0.0,12.13,30.35,0.4
Multan,2024-12-21,0.0,12.81,28.82,0.4
Multan,2024-12-22,0.0,13.27,31.6,0.4
Multan,2024-12-23,0.02,12.8,41.98,0.4
Multan,2024-12-24,0.0,13.16,57.84,0.4
Multan,2024-12-25,0.0,13.75,38.45,0.4
Multan,2024-12-26,0.0,14.11,38.97,0.4
Multan,2024-12-27,0.0,13.3,39.3,0.4
Multan,2024-12-28,0.0,14.25,31.11,0.4
Multan,2024-12-29,0.0,14.28,33.36,0.4
Multan,2024-12-30,0.0,13.92,28.44,0.4
Multan,2024-12-31,0.0,14.38,27.57,0.4
Sukkur,2020-01-01,0.0,9.64,42.62,0.37
Sukkur,2020-01-02,0.0,9.92,50.89,0.37
Sukkur,2020-01-03,0.0,13.72,48.81,0.37
Sukkur,2020-01-04,0.0,16.96,46.28,0.37
Sukkur,2020-01-05,0.16,17.12,45.42,0.37
Sukkur,2020-01-06,0.03,14.85,55.67,0.37
Sukkur,2020-01-07,1.6,14.03,65.53,0.37
Sukkur,2020-01-08,0.0,13.34,33.76,0.37
Sukkur,2020-01-09,0.0,12.63,30.28,0.37
Sukkur,2020-01-10,0.0,11.58,45.65,0.37
Sukkur,2020-01-11,0.2,13.2,46.01,0.37
Sukkur,2020-01-12,6.37,12.31,60.36,0.37
Sukkur,2020-01-13,2.86,11.16,62.68,0.38
Sukkur,2020-01-14,0.0,9.9,47.1,0.38
Sukkur,2020-01-15,0.0,10.44,64.18,0.38
Sukkur,2020-01-16,0.0,11.63,42.52,0.38
Sukkur,2020-01-17,0.0,12.15,36.01,0.38
Sukkur,2020-01-18,0.0,11.82,34.27,0.38
Sukkur,2020-01-19,0.0,13.09,41.61,0.37
Sukkur,2020-01-20,0.0,14.08,39.34,0.37
Sukkur,2020-01-21,0.0,13.97,47.32,0.37
Sukkur,2020-01-22,0.0,14.07,56.03,0.37
Sukkur,2020-01-23,0.0,15.26,55.68,0.37
Sukkur,2020-01-24,0.0,16.53,50.74,0.37
Sukkur,2020-01-25,0.0,18.29,44.56,0.37
Sukkur,2020-01-26,0.41,18.62,43.92,0.37
Sukkur,2020-01-27,1.33,18.0,54.25,0.37
Sukkur,2020-01-28,0.01,14.64,45.51,0.37
Sukkur,2020-01-29,0.0,14.97,30.46,0.37
Sukkur,2020-01-30,0.0,14.02,42.11,0.37
Sukkur,2020-01-31,0.0,15.41,33.88,0.36
Sukkur,2020-02-01,0.0,14.35,34.27,0.36
Sukkur,2020-02-02,0.0,14.38,41.08,0.36
Sukkur,2020-02-03,0.0,16.03,34.11,0.36
Sukkur,2020-02-04,0.2,16.5,44.42,0.36
Sukkur,2020-02-05,0.0,15.13,48.9,0.36
Sukkur,2020-02-06,0.0,16.65,38.34,0.36
Sukkur,2020-02-07,0.0,14.63,33.59,0.36
Sukkur,2020-02-08,0.0,16.85,26.73,0.36
Sukkur,2020-02-09,0.0,17.66,27.16,0.36
Sukkur,2020-02-10,0.0,18.34,25.63,0.36
Sukkur,2020-02-11,0.0,18.45,26.81,0.35
Sukkur,2020-02-12,0.0,18.53,34.14,0.35
Sukkur,2020-02-13,0.0,21.46,31.01,0.35
Sukkur,2020-02-14,0.0,17.98,19.8,0.35
Sukkur,2020-02-15,0.0,20.96,14.62,0.35
Sukkur,2020-02-16,0.0,21.82,21.17,0.35
Sukkur,2020-02-17,0.0,22.24,18.99,0.35
Sukkur,2020-02-18,0.0,23.72,16.13,0.35
Sukkur,2020-02-19,0.0,22.65,20.43,0.35
Sukkur,2020-02-20,0.0,19.8,26.15,0.34
Sukkur,2020-02-21,0.0,19.05,37.49,0.34
Sukkur,2020-02-22,0.0,20.43,36.02,0.34
Sukkur,2020-02-23,0.0,21.59,41.16,0.34
Sukkur,2020-02-24,0.0,24.07,32.7,0.34
Sukkur,2020-02-25,0.0,24.29,27.24,0.34
Sukkur,2020-02-26,0.0,25.44,20.73,0.34
Sukkur,2020-02-27,0.0,25.87,24.15,0.34
Sukkur,2020-02-28,0.0,24.99,40.46,0.34
Sukkur,2020-02-29,0.01,22.88,47.68,0.34
Sukkur,2020-03-01,0.0,22.92,45.11,0.34
Sukkur,2020-03-02,0.0,23.39,44.6,0.34
Sukkur,2020-03-03,0.0,24.29,36.2,0.34
Sukkur,2020-03-04,0.0,23.93,34.98,0.34
Sukkur,2020-03-05,3.8,20.08,52.8,0.34
Sukkur,2020-03-06,0.0,18.67,48.43,0.35
Sukkur,2020-03-07,0.01,20.93,34.31,0.35
Sukkur,2020-03-08,0.0,21.94,25.9,0.35
Sukkur,2020-03-09,0.0,21.25,33.53,0.34
Sukkur,2020-03-10,2.16,22.02,40.21,0.34
Sukkur,2020-03-11,0.69,19.25,48.69,0.35
Sukkur,2020-03-12,20.13,17.27,39.26,0.39
Sukkur,2020-03-13,0.0,18.65,41.81,0.38
Sukkur,2020-03-14,0.0,20.95,35.0,0.38
Sukkur,2020-03-15,0.0,20.11,48.09,0.38
Sukkur,2020-03-16,0.0,22.8,45.17,0.37
Sukkur,2020-03-17,0.0,25.0,34.77,0.37
Sukkur,2020-03-18,0.0,26.03,36.4,0.37
Sukkur,2020-03-19,0.0,27.92,31.2,0.37
Sukkur,2020-03-20,0.0,27.84,29.51,0.36
Sukkur,2020-03-21,0.0,26.28,44.5,0.36
Sukkur,2020-03-22,1.92,26.54,45.58,0.36
Sukkur,2020-03-23,2.58,24.91,56.64,0.36
Sukkur,2020-03-24,0.05,26.21,53.17,0.36
Sukkur,2020-03-25,0.0,26.63,35.09,0.36
Sukkur,2020-03-26,38.8,23.65,53.93,0.38
Sukkur,2020-03-27,6.55,22.58,62.04,0.44
Sukkur,2020-03-28,0.0,24.1,48.32,0.43
Sukkur,2020-03-29,0.0,25.3,45.04,0.42
Sukkur,2020-03-30,0.39,26.63,43.09,0.42
Sukkur,2020-03-31,0.05,25.83,48.76,0.42
Sukkur,2020-04-01,0.0,25.99,49.82,0.41
Sukkur,2020-04-02,0.0,25.6,42.81,0.41
Sukkur,2020-04-03,0.23,27.2,35.34,0.41
Sukkur,2020-04-04,0.0,28.94,34.95,0.4
Sukkur,2020-04-05,0.0,29.07,34.8,0.4
Sukkur,2020-04-06,0.0,29.31,31.2,0.4
Sukkur,2020-04-07,0.0,27.1,41.97,0.39
Sukkur,2020-04-08,0.0,25.96,46.23,0.39
Sukkur,2020-04-09,0.0,28.96,38.0,0.39
Sukkur,2020-04-10,0.0,29.4,39.32,0.38
Sukkur,2020-04-11,0.0,29.95,47.13,0.38
Sukkur,2020-04-12,0.0,33.14,31.43,0.38
Sukkur,2020-04-13,0.0,29.66,26.69,0.38
Sukkur,2020-04-14,0.0,29.7,31.52,0.37
Sukkur,2020-04-15,0.0,31.04,34.99,0.37
Sukkur,2020-04-16,32.08,25.75,53.86,0.39
Sukkur,2020-04-17,0.45,28.78,50.83,0.43
Sukkur,2020-04-18,0.0,29.01,39.82,0.42
Sukkur,2020-04-19,1.89,29.2,41.76,0.41
Sukkur,2020-04-20,0.03,29.23,45.51,0.41
Sukkur,2020-04-21,0.04,30.02,42.67,0.4
Sukkur,2020-04-22,95.72,29.24,55.37,0.45
Sukkur,2020-04-23,5.63,29.99,59.33,0.49
Sukkur,2020-04-24,0.01,32.69,40.45,0.48
Sukkur,2020-04-25,0.0,33.07,36.92,0.47
Sukkur,2020-04-26,0.0,33.68,33.97,0.46
Sukkur,2020-04-27,0.01,32.49,38.31,0.46
Sukkur,2020-04-28,0.0,31.39,47.56,0.45
Sukkur,2020-04-29,0.15,32.18,45.05,0.45
Sukkur,2020-04-30,0.0,33.3,38.38,0.44
Sukkur,2020-05-01,0.0,33.6,34.32,0.44
Sukkur,2020-05-02,0.32,34.38,37.53,0.43
Sukkur,2020-05-03,0.02,33.94,38.42,0.43
Sukkur,2020-05-04,0.01,33.43,38.66,0.42
Sukkur,2020-05-05,348.2,32.6,51.18,0.5
Sukkur,2020-05-06,0.0,31.15,39.36,0.49
Sukkur,2020-05-07,0.0,32.26,36.45,0.48
Sukkur,2020-05-08,0.0,33.3,37.38,0.47
Sukkur,2020-05-09,0.0,32.76,44.56,0.46
Sukkur,2020-05-10,0.0,33.38,44.71,0.46
Sukkur,2020-05-11,0.0,34.27,47.49,0.45
Sukkur,2020-05-12,0.0,33.01,54.9,0.45
Sukkur,2020-05-13,0.0,32.6,49.05,0.44
Sukkur,2020-05-14,1.37,32.89,50.75,0.44
Sukkur,2020-05-15,0.05,33.24,47.14,0.44
Sukkur,2020-05-16,0.0,33.87,36.31,0.43
Sukkur,2020-05-17,0.0,33.1,29.36,0.43
Sukkur,2020-05-18,0.05,31.36,28.18,0.42
Sukkur,2020-05-19,0.0,33.14,28.04,0.42
Sukkur,2020-05-20,0.0,33.83,26.42,0.42
Sukkur,2020-05-21,0.0,34.16,32.0,0.41
Sukkur,2020-05-22,0.0,34.98,33.06,0.41
Sukkur,2020-05-23,0.0,35.3,29.27,0.4
Sukkur,2020-05-24,0.0,35.9,37.77,0.4
Sukkur,2020-05-25,0.0,36.28,35.14,0.39
Sukkur,2020-05-26,0.0,36.54,31.87,0.39
Sukkur,2020-05-27,0.0,36.09,21.45,0.39
Sukkur,2020-05-28,0.0,36.05,22.64,0.38
Sukkur,2020-05-29,109.46,35.36,38.83,0.39
Sukkur,2020-05-30,96.02,31.13,65.43,0.53
Sukkur,2020-05-31,0.2,32.12,58.66,0.52
Sukkur,2020-06-01,0.0,33.55,50.74,0.51
Sukkur,2020-06-02,0.0,33.21,54.4,0.5
Sukkur,2020-06-03,0.08,34.08,53.04,0.49
Sukkur,2020-06-04,0.0,32.46,51.7,0.48
Sukkur,2020-06-05,0.01,34.63,47.85,0.47
Sukkur,2020-06-06,0.58,34.07,49.92,0.47
Sukkur,2020-06-07,0.09,34.19,47.73,0.46
Sukkur,2020-06-08,0.0,35.34,46.25,0.46
Sukkur,2020-06-09,0.0,35.56,48.04,0.45
Sukkur,2020-06-10,0.0,35.62,48.32,0.45
Sukkur,2020-06-11,0.0,36.28,50.23,0.44
Sukkur,2020-06-12,0.0,36.35,45.99,0.44
Sukkur,2020-06-13,0.0,36.76,45.77,0.43
Sukkur,2020-06-14,0.0,37.83,41.95,0.43
Sukkur,2020-06-15,0.0,38.48,37.33,0.42
Sukkur,2020-06-16,0.0,38.05,35.95,0.42
Sukkur,2020-06-17,0.0,38.08,39.52,0.41
Sukkur,2020-06-18,0.0,37.15,41.88,0.41
Sukkur,2020-06-19,0.0,36.77,43.71,0.4
Sukkur,2020-06-20,0.0,35.91,50.35,0.4
Sukkur,2020-06-21,0.0,36.21,45.61,0.4
Sukkur,2020-06-22,0.0,36.68,43.32,0.39
Sukkur,2020-06-23,0.0,37.2,42.67,0.39
Sukkur,2020-06-24,0.01,38.2,39.07,0.38
Sukkur,2020-06-25,0.01,37.32,44.06,0.38
Sukkur,2020-06-26,0.0,37.48,43.3,0.38
Sukkur,2020-06-27,0.0,37.34,46.97,0.38
Sukkur,2020-06-28,0.0,38.03,45.14,0.37
Sukkur,2020-06-29,0.0,36.85,48.62,0.37
Sukkur,2020-06-30,0.13,35.78,49.23,0.37
Sukkur,2020-07-01,0.06,38.26,39.84,0.37
Sukkur,2020-07-02,0.0,38.48,40.87,0.36
Sukkur,2020-07-03,0.0,38.86,40.65,0.36
Sukkur,2020-07-04,0.0,38.65,42.64,0.36
Sukkur,2020-07-05,0.01,38.32,42.93,0.36
Sukkur,2020-07-06,0.6,36.42,44.21,0.36
Sukkur,2020-07-07,0.16,37.66,41.43,0.35
Sukkur,2020-07-08,0.02,38.62,35.97,0.35
Sukkur,2020-07-09,0.65,36.8,43.37,0.35
Sukkur,2020-07-10,0.13,37.19,46.33,0.35
Sukkur,2020-07-11,0.12,38.05,43.07,0.35
Sukkur,2020-07-12,0.14,37.45,44.76,0.35
Sukkur,2020-07-13,19.29,33.31,62.05,0.37
Sukkur,2020-07-14,0.0,36.51,48.12,0.37
Sukkur,2020-07-15,0.0,37.48,44.26,0.37
Sukkur,2020-07-16,0.8,37.43,43.85,0.36
Sukkur,2020-07-17,1.74,38.04,41.9,0.36
Sukkur,2020-07-18,2.23,37.94,43.81,0.36
Sukkur,2020-07-19,3.21,37.08,46.79,0.36
Sukkur,2020-07-20,0.34,37.19,46.52,0.36
Sukkur,2020-07-21,0.15,34.82,53.09,0.36
Sukkur,2020-07-22,0.43,34.73,53.07,0.36
Sukkur,2020-07-23,0.0,37.21,44.43,0.35
Sukkur,2020-07-24,0.0,37.26,44.9,0.35
Sukkur,2020-07-25,5.14,37.48,46.24,0.35
Sukkur,2020-07-26,5.64,33.99,57.47,0.36
Sukkur,2020-07-27,0.38,35.15,54.62,0.36
Sukkur,2020-07-28,0.0,36.87,47.87,0.36
Sukkur,2020-07-29,0.0,36.76,47.74,0.35
Sukkur,2020-07-30,0.0,37.8,44.18,0.35
Sukkur,2020-07-31,0.0,35.68,49.92,0.35
Sukkur,2020-08-01,0.04,37.38,42.88,0.35
Sukkur,2020-08-02,0.16,36.89,45.02,0.35
Sukkur,2020-08-03,0.0,37.61,44.12,0.35
Sukkur,2020-08-04,0.0,37.37,45.49,0.35
Sukkur,2020-08-05,0.0,38.92,40.57,0.35
Sukkur,2020-08-06,0.47,38.73,37.0,0.34
Sukkur,2020-08-07,44.09,33.04,64.81,0.37
Sukkur,2020-08-08,20.43,31.82,75.78,0.46
Sukkur,2020-08-09,0.04,34.41,57.06,0.45
Sukkur,2020-08-10,0.55,35.9,54.14,0.44
Sukkur,2020-08-11,0.92,35.56,56.48,0.43
Sukkur,2020-08-12,0.38,34.54,61.49,0.43
Sukkur,2020-08-13,0.0,36.45,52.85,0.42
Sukkur,2020-08-14,0.0,36.19,55.45,0.42
Sukkur,2020-08-15,0.07,34.87,58.55,0.41
Sukkur,2020-08-16,0.04,35.38,58.98,0.41
Sukkur,2020-08-17,0.01,36.32,54.28,0.41
Sukkur,2020-08-18,0.03,35.47,57.43,0.4
Sukkur,2020-08-19,0.0,34.03,59.68,0.4
Sukkur,2020-08-20,0.0,35.82,53.4,0.4
Sukkur,2020-08-21,0.67,34.24,56.12,0.39
Sukkur,2020-08-22,0.43,35.88,50.15,0.39
Sukkur,2020-08-23,0.24,36.33,46.4,0.39
Sukkur,2020-08-24,0.22,36.63,44.77,0.39
Sukkur,2020-08-25,21.08,33.83,62.61,0.39
Sukkur,2020-08-26,60.54,29.76,84.98,0.5
Sukkur,2020-08-27,5.85,30.65,77.77,0.52
Sukkur,2020-08-28,0.22,31.11,73.66,0.51
Sukkur,2020-08-29,0.09,32.53,66.46,0.49
Sukkur,2020-08-30,2.41,33.37,55.98,0.49
Sukkur,2020-08-31,6.34,30.47,72.85,0.49
Sukkur,2020-09-01,0.16,30.7,65.03,0.49
Sukkur,2020-09-02,0.0,30.71,65.01,0.48
Sukkur,2020-09-03,0.0,32.38,61.36,0.48
Sukkur,2020-09-04,0.17,31.14,64.1,0.47
Sukkur,2020-09-05,0.0,31.89,58.12,0.47
Sukkur,2020-09-06,0.0,32.69,53.81,0.46
Sukkur,2020-09-07,0.0,31.83,56.7,0.46
Sukkur,2020-09-08,0.0,32.73,54.12,0.45
Sukkur,2020-09-09,0.0,32.62,55.86,0.44
Sukkur,2020-09-10,0.0,32.7,52.77,0.44
Sukkur,2020-09-11,0.0,33.08,54.64,0.43
Sukkur,2020-09-12,0.4,33.58,54.26,0.43
Sukkur,2020-09-13,0.38,33.81,52.19,0.43
Sukkur,2020-09-14,0.0,34.36,50.84,0.42
Sukkur,2020-09-15,0.0,33.55,53.52,0.42
Sukkur,2020-09-16,0.0,33.33,55.0,0.42
Sukkur,2020-09-17,0.0,33.33,55.72,0.41
Sukkur,2020-09-18,0.0,32.83,45.86,0.41
Sukkur,2020-09-19,0.0,32.45,51.51,0.41
Sukkur,2020-09-20,0.0,33.55,49.25,0.4
Sukkur,2020-09-21,0.0,34.54,36.23,0.4
Sukkur,2020-09-22,0.0,33.31,28.26,0.4
Sukkur,2020-09-23,0.0,32.11,22.35,0.39
Sukkur,2020-09-24,0.0,31.09,27.7,0.39
Sukkur,2020-09-25,0.0,30.07,44.51,0.39
Sukkur,2020-09-26,0.0,29.75,51.64,0.38
Sukkur,2020-09-27,0.0,28.61,47.85,0.38
Sukkur,2020-09-28,0.0,29.72,46.32,0.38
Sukkur,2020-09-29,0.0,30.42,53.96,0.38
Sukkur,2020-09-30,0.0,31.65,48.07,0.37
Sukkur,2020-10-01,0.0,30.41,24.69,0.37
Sukkur,2020-10-02,0.0,29.27,21.9,0.37
Sukkur,2020-10-03,0.0,29.54,27.95,0.37
Sukkur,2020-10-04,0.0,30.94,47.29,0.36
Sukkur,2020-10-05,0.0,30.79,44.28,0.36
Sukkur,2020-10-06,0.0,30.3,43.41,0.36
Sukkur,2020-10-07,0.0,29.46,39.02,0.36
Sukkur,2020-10-08,0.0,29.18,35.18,0.36
Sukkur,2020-10-09,0.0,30.53,29.48,0.36
Sukkur,2020-10-10,0.0,31.31,23.72,0.35
Sukkur,2020-10-11,0.0,29.48,23.44,0.35
Sukkur,2020-10-12,0.0,28.0,18.15,0.35
Sukkur,2020-10-13,0.0,25.93,13.37,0.35
Sukkur,2020-10-14,0.0,27.92,15.53,0.35
Sukkur,2020-10-15,0.0,28.77,20.51,0.35
Sukkur,2020-10-16,0.0,28.19,17.17,0.35
Sukkur,2020-10-17,0.0,27.85,16.04,0.35
Sukkur,2020-10-18,0.0,28.97,16.08,0.34
Sukkur,2020-10-19,0.0,28.19,13.85,0.34
Sukkur,2020-10-20,0.0,27.49,12.98,0.34
Sukkur,2020-10-21,0.0,26.59,10.71,0.34
Sukkur,2020-10-22,0.0,26.18,12.14,0.34
Sukkur,2020-10-23,0.01,27.31,12.18,0.34
Sukkur,2020-10-24,0.0,25.9,15.32,0.34
Sukkur,2020-10-25,0.0,26.15,14.35,0.34
Sukkur,2020-10-26,0.0,25.77,17.48,0.34
Sukkur,2020-10-27,0.0,26.07,20.85,0.34
Sukkur,2020-10-28,0.0,26.07,26.0,0.34
Sukkur,2020-10-29,0.0,26.65,16.04,0.34
Sukkur,2020-10-30,0.0,26.19,21.91,0.34
Sukkur,2020-10-31,0.0,26.88,25.12,0.34
Sukkur,2020-11-01,0.0,26.55,19.62,0.34
Sukkur,2020-11-02,0.0,25.25,18.1,0.34
Sukkur,2020-11-03,0.0,25.08,13.79,0.34
Sukkur,2020-11-04,0.0,23.56,19.49,0.34
Sukkur,2020-11-05,0.0,24.68,15.7,0.34
Sukkur,2020-11-06,0.0,24.65,22.65,0.34
Sukkur,2020-11-07,0.0,25.57,23.9,0.34
Sukkur,2020-11-08,0.0,25.84,21.09,0.34
Sukkur,2020-11-09,0.0,25.37,22.53,0.34
Sukkur,2020-11-10,0.0,24.76,23.2,0.34
Sukkur,2020-11-11,0.0,22.88,25.22,0.34
Sukkur,2020-11-12,0.0,21.94,27.98,0.34
Sukkur,2020-11-13,0.0,22.68,30.76,0.34
Sukkur,2020-11-14,0.0,23.37,30.57,0.34
Sukkur,2020-11-15,0.34,22.08,32.75,0.34
Sukkur,2020-11-16,0.0,19.18,38.26,0.34
Sukkur,2020-11-17,0.0,19.69,49.15,0.34
Sukkur,2020-11-18,0.0,19.57,32.53,0.34
Sukkur,2020-11-19,0.0,19.46,23.83,0.34
Sukkur,2020-11-20,0.0,18.49,22.64,0.34
Sukkur,2020-11-21,0.0,19.18,19.5,0.34
Sukkur,2020-11-22,0.0,20.69,18.48,0.34
Sukkur,2020-11-23,0.0,20.14,28.89,0.34
Sukkur,2020-11-24,1.46,17.71,49.26,0.34
Sukkur,2020-11-25,1.38,17.61,59.68,0.34
Sukkur,2020-11-26,0.0,17.34,62.81,0.34
Sukkur,2020-11-27,0.0,17.72,57.25,0.34
Sukkur,2020-11-28,0.0,19.27,40.03,0.34
Sukkur,2020-11-29,0.0,20.24,31.95,0.34
Sukkur,2020-11-30,0.0,21.44,25.63,0.34
Sukkur,2020-12-01,0.0,22.71,19.62,0.34
Sukkur,2020-12-02,0.0,22.74,19.62,0.34
Sukkur,2020-12-03,0.0,22.64,20.46,0.34
Sukkur,2020-12-04,0.0,23.69,22.72,0.34
Sukkur,2020-12-05,0.0,23.0,25.36,0.34
Sukkur,2020-12-06,0.0,20.87,38.16,0.34
Sukkur,2020-12-07,0.0,20.57,40.88,0.34
Sukkur,2020-12-08,0.02,22.8,31.05,0.34
Sukkur,2020-12-09,0.18,18.85,55.44,0.34
Sukkur,2020-12-10,0.39,18.81,54.79,0.34
Sukkur,2020-12-11,6.59,16.64,65.15,0.35
Sukkur,2020-12-12,0.07,15.3,44.78,0.35
Sukkur,2020-12-13,0.0,13.88,39.77,0.35
Sukkur,2020-12-14,0.0,13.75,38.14,0.35
Sukkur,2020-12-15,0.0,11.0,30.98,0.35
Sukkur,2020-12-16,0.0,12.11,44.65,0.35
Sukkur,2020-12-17,0.0,13.23,32.74,0.35
Sukkur,2020-12-18,0.0,15.12,26.98,0.35
Sukkur,2020-12-19,0.0,16.75,24.48,0.35
Sukkur,2020-12-20,0.0,17.97,23.95,0.35
Sukkur,2020-12-21,0.0,18.73,26.33,0.35
Sukkur,2020-12-22,0.0,17.14,35.95,0.35
Sukkur,2020-12-23,0.0,16.62,35.6,0.35
Sukkur,2020-12-24,0.0,16.22,31.99,0.34
Sukkur,2020-12-25,0.0,16.22,35.0,0.34
Sukkur,2020-12-26,0.0,17.26,31.49,0.34
Sukkur,2020-12-27,0.0,14.0,19.88,0.34
Sukkur,2020-12-28,0.0,12.41,25.06,0.34
Sukkur,2020-12-29,0.0,12.6,35.63,0.34
Sukkur,2020-12-30,0.0,13.72,37.11,0.34
Sukkur,2020-12-31,0.0,14.78,29.55,0.34
Sukkur,2021-01-01,0.0,14.87,25.96,0.34
Sukkur,2021-01-02,0.0,13.78,30.75,0.34
Sukkur,2021-01-03,0.0,14.44,27.29,0.34
Sukkur,2021-01-04,0.0,14.86,34.34,0.34
Sukkur,2021-01-05,0.0,15.71,46.91,0.34
Sukkur,2021-01-06,0.0,15.3,27.25,0.34
Sukkur,2021-01-07,0.0,14.05,33.84,0.34
Sukkur,2021-01-08,0.0,12.38,17.22,0.34
Sukkur,2021-01-09,0.0,14.12,39.87,0.34
Sukkur,2021-01-10,0.0,15.76,23.84,0.34
Sukkur,2021-01-11,0.0,16.96,13.37,0.34
Sukkur,2021-01-12,0.0,16.56,10.67,0.34
Sukkur,2021-01-13,0.0,17.66,9.93,0.34
Sukkur,2021-01-14,0.0,18.51,11.35,0.34
Sukkur,2021-01-15,0.0,16.09,22.86,0.34
Sukkur,2021-01-16,0.0,15.27,24.03,0.34
Sukkur,2021-01-17,0.0,15.71,24.03,0.34
Sukkur,2021-01-18,0.0,13.33,38.43,0.34
Sukkur,2021-01-19,0.0,14.08,36.0,0.34
Sukkur,2021-01-20,0.0,18.08,26.6,0.34
Sukkur,2021-01-21,0.0,18.8,30.3,0.34
Sukkur,2021-01-22,0.0,19.82,47.29,0.34
Sukkur,2021-01-23,0.0,17.05,9.27,0.34
Sukkur,2021-01-24,0.0,14.16,12.55,0.34
Sukkur,2021-01-25,0.0,15.08,14.38,0.34
Sukkur,2021-01-26,0.0,16.23,11.38,0.34
Sukkur,2021-01-27,0.0,16.22,13.4,0.34
Sukkur,2021-01-28,0.0,16.72,12.51,0.34
Sukkur,2021-01-29,0.0,16.98,12.44,0.34
Sukkur,2021-01-30,0.0,17.21,14.37,0.34
Sukkur,2021-01-31,0.0,18.56,20.82,0.34
Sukkur,2021-02-01,0.0,18.77,37.8,0.34
Sukkur,2021-02-02,0.0,18.89,27.51,0.34
Sukkur,2021-02-03,0.0,19.11,20.22,0.34
Sukkur,2021-02-04,0.0,17.24,31.86,0.34
Sukkur,2021-02-05,0.0,19.25,26.15,0.34
Sukkur,2021-02-06,0.0,19.66,21.89,0.34
Sukkur,2021-02-07,0.0,19.66,19.75,0.34
Sukkur,2021-02-08,0.0,19.98,19.25,0.34
Sukkur,2021-02-09,0.0,21.45,18.99,0.34
Sukkur,2021-02-10,0.0,21.99,20.04,0.34
Sukkur,2021-02-11,0.0,22.2,15.65,0.34
Sukkur,2021-02-12,0.0,23.9,14.12,0.34
Sukkur,2021-02-13,0.0,23.44,15.33,0.34
Sukkur,2021-02-14,0.0,22.55,16.73,0.34
Sukkur,2021-02-15,0.0,22.97,17.36,0.34
Sukkur,2021-02-16,0.0,22.69,13.77,0.34
Sukkur,2021-02-17,0.0,23.43,13.39,0.34
Sukkur,2021-02-18,0.0,23.18,13.69,0.34
Sukkur,2021-02-19,0.0,22.77,18.14,0.34
Sukkur,2021-02-20,0.0,24.26,14.26,0.34
Sukkur,2021-02-21,0.0,24.17,13.96,0.34
Sukkur,2021-02-22,0.0,24.87,16.09,0.34
Sukkur,2021-02-23,0.0,25.04,17.98,0.34
Sukkur,2021-02-24,0.0,25.63,35.98,0.34
Sukkur,2021-02-25,0.0,27.12,24.4,0.34
Sukkur,2021-02-26,0.0,26.65,31.83,0.34
Sukkur,2021-02-27,0.0,24.18,20.05,0.34
Sukkur,2021-02-28,0.0,22.62,13.78,0.34
Sukkur,2021-03-01,0.0,22.87,10.94,0.34
Sukkur,2021-03-02,0.0,25.52,10.43,0.34
Sukkur,2021-03-03,0.0,26.22,16.18,0.34
Sukkur,2021-03-04,0.0,28.23,16.96,0.34
Sukkur,2021-03-05,0.0,28.32,15.52,0.34
Sukkur,2021-03-06,0.0,30.36,21.49,0.34
Sukkur,2021-03-07,0.0,28.82,24.0,0.34
Sukkur,2021-03-08,0.0,26.78,18.05,0.34
Sukkur,2021-03-09,0.0,27.22,25.59,0.34
Sukkur,2021-03-10,0.0,27.55,17.85,0.34
Sukkur,2021-03-11,0.0,26.39,21.31,0.34
Sukkur,2021-03-12,0.0,26.28,27.31,0.34
Sukkur,2021-03-13,0.0,25.74,34.4,0.34
Sukkur,2021-03-14,0.0,27.2,27.03,0.34
Sukkur,2021-03-15,0.0,27.72,25.55,0.34
Sukkur,2021-03-16,0.0,28.69,27.79,0.34
Sukkur,2021-03-17,0.0,30.39,21.85,0.34
Sukkur,2021-03-18,0.0,29.25,17.93,0.34
Sukkur,2021-03-19,0.0,29.03,26.46,0.34
Sukkur,2021-03-20,0.16,30.09,23.48,0.34
Sukkur,2021-03-21,2.38,29.39,30.03,0.34
Sukkur,2021-03-22,7.48,27.39,47.03,0.35
Sukkur,2021-03-23,0.03,25.38,46.94,0.35
Sukkur,2021-03-24,0.0,26.34,31.37,0.35
Sukkur,2021-03-25,0.0,27.04,31.37,0.35
Sukkur,2021-03-26,0.0,29.98,22.13,0.35
Sukkur,2021-03-27,0.0,30.8,19.32,0.34
Sukkur,2021-03-28,0.0,31.74,19.63,0.34
Sukkur,2021-03-29,0.0,32.64,24.26,0.34
Sukkur,2021-03-30,0.0,30.76,11.32,0.34
Sukkur,2021-03-31,0.0,28.73,8.07,0.34
Sukkur,2021-04-01,0.0,29.7,9.27,0.34
Sukkur,2021-04-02,0.0,30.76,10.87,0.34
Sukkur,2021-04-03,0.0,31.0,13.52,0.34
Sukkur,2021-04-04,0.0,32.82,11.86,0.34
Sukkur,2021-04-05,0.16,31.07,25.02,0.34
Sukkur,2021-04-06,0.06,31.14,31.26,0.34
Sukkur,2021-04-07,0.0,29.29,17.93,0.34
Sukkur,2021-04-08,0.0,28.96,11.77,0.34
Sukkur,2021-04-09,0.0,30.59,10.88,0.34
Sukkur,2021-04-10,0.0,31.89,11.52,0.34
Sukkur,2021-04-11,0.0,32.84,11.6,0.34
Sukkur,2021-04-12,0.0,32.8,11.42,0.34
Sukkur,2021-04-13,0.0,32.55,17.24,0.34
Sukkur,2021-04-14,0.0,32.57,17.54,0.34
Sukkur,2021-04-15,0.75,30.99,39.03,0.34
Sukkur,2021-04-16,1.9,29.53,38.61,0.34
Sukkur,2021-04-17,0.0,31.29,27.26,0.34
Sukkur,2021-04-18,0.0,33.42,22.81,0.34
Sukkur,2021-04-19,0.06,31.68,20.25,0.34
Sukkur,2021-04-20,1.3,29.43,33.34,0.34
Sukkur,2021-04-21,1.51,29.49,35.4,0.34
Sukkur,2021-04-22,0.0,31.72,25.05,0.34
Sukkur,2021-04-23,0.0,30.44,30.74,0.34
Sukkur,2021-04-24,0.0,30.48,17.66,0.34
Sukkur,2021-04-25,0.0,32.52,11.96,0.34
Sukkur,2021-04-26,0.0,34.05,17.94,0.34
Sukkur,2021-04-27,0.0,34.84,22.83,0.34
Sukkur,2021-04-28,0.26,34.47,23.66,0.34
Sukkur,2021-04-29,0.0,34.19,20.02,0.34
Sukkur,2021-04-30,0.0,33.98,23.85,0.34
Sukkur,2021-05-01,0.0,35.13,25.79,0.34
Sukkur,2021-05-02,1.35,33.93,24.32,0.34
Sukkur,2021-05-03,0.01,34.08,27.24,0.34
Sukkur,2021-05-04,0.0,35.12,27.91,0.34
Sukkur,2021-05-05,0.42,35.51,23.0,0.34
Sukkur,2021-05-06,1.29,33.7,27.53,0.34
Sukkur,2021-05-07,0.0,34.25,29.08,0.34
Sukkur,2021-05-08,0.0,35.84,26.24,0.34
Sukkur,2021-05-09,0.0,36.59,23.71,0.34
Sukkur,2021-05-10,0.0,36.85,22.91,0.34
Sukkur,2021-05-11,0.08,37.3,21.23,0.34
Sukkur,2021-05-12,0.0,36.48,15.11,0.34
Sukkur,2021-05-13,0.0,35.19,33.16,0.34
Sukkur,2021-05-14,0.0,35.95,26.54,0.34
Sukkur,2021-05-15,0.0,36.44,24.6,0.34
Sukkur,2021-05-16,0.01,36.32,24.11,0.34
Sukkur,2021-05-17,0.0,36.55,26.49,0.34
Sukkur,2021-05-18,0.0,36.81,25.63,0.34
Sukkur,2021-05-19,0.0,36.38,25.98,0.34
Sukkur,2021-05-20,0.0,37.8,22.13,0.34
Sukkur,2021-05-21,0.0,35.99,24.3,0.34
Sukkur,2021-05-22,0.0,36.22,36.47,0.34
Sukkur,2021-05-23,0.2,33.64,43.55,0.34
Sukkur,2021-05-24,0.0,36.91,28.58,0.34
Sukkur,2021-05-25,0.0,37.66,29.53,0.34
Sukkur,2021-05-26,0.0,39.15,24.51,0.34
Sukkur,2021-05-27,0.01,38.76,28.12,0.34
Sukkur,2021-05-28,0.0,39.11,33.13,0.34
Sukkur,2021-05-29,0.0,38.72,33.17,0.34
Sukkur,2021-05-30,0.0,40.52,16.81,0.34
Sukkur,2021-05-31,0.0,38.76,29.7,0.33
Sukkur,2021-06-01,0.0,39.41,27.87,0.33
Sukkur,2021-06-02,0.03,37.89,39.21,0.33
Sukkur,2021-06-03,0.1,37.33,38.71,0.33
Sukkur,2021-06-04,0.14,36.29,38.34,0.34
Sukkur,2021-06-05,0.04,37.9,37.27,0.34
Sukkur,2021-06-06,11.6,35.49,44.99,0.35
Sukkur,2021-06-07,0.0,36.96,41.9,0.35
Sukkur,2021-06-08,0.0,37.43,42.62,0.35
Sukkur,2021-06-09,0.0,38.04,41.85,0.34
Sukkur,2021-06-10,0.0,38.38,42.1,0.34
Sukkur,2021-06-11,0.0,38.33,41.98,0.34
Sukkur,2021-06-12,0.0,38.61,43.27,0.34
Sukkur,2021-06-13,0.0,39.4,39.59,0.34
Sukkur,2021-06-14,0.0,37.98,42.4,0.34
Sukkur,2021-06-15,0.04,38.58,39.46,0.34
Sukkur,2021-06-16,0.7,37.77,41.75,0.34
Sukkur,2021-06-17,12.26,35.26,47.5,0.35
Sukkur,2021-06-18,4.38,34.59,48.24,0.36
Sukkur,2021-06-19,0.0,36.99,35.43,0.35
Sukkur,2021-06-20,0.01,37.35,36.16,0.35
Sukkur,2021-06-21,0.0,36.47,40.41,0.35
Sukkur,2021-06-22,0.0,37.65,35.36,0.35
Sukkur,2021-06-23,0.0,37.44,37.52,0.34
Sukkur,2021-06-24,0.0,37.11,38.92,0.34
Sukkur,2021-06-25,0.0,37.1,38.89,0.34
Sukkur,2021-06-26,0.04,36.92,40.11,0.34
Sukkur,2021-06-27,4.71,35.88,44.31,0.35
Sukkur,2021-06-28,0.01,37.57,35.79,0.35
Sukkur,2021-06-29,0.0,38.14,34.74,0.34
Sukkur,2021-06-30,0.0,38.38,35.07,0.34
Sukkur,2021-07-01,0.0,38.4,26.77,0.34
Sukkur,2021-07-02,0.0,37.61,40.54,0.34
Sukkur,2021-07-03,0.0,37.36,42.24,0.34
Sukkur,2021-07-04,0.42,36.87,41.36,0.34
Sukkur,2021-07-05,0.48,36.9,40.09,0.34
Sukkur,2021-07-06,0.05,37.67,38.02,0.34
Sukkur,2021-07-07,0.0,37.73,37.99,0.34
Sukkur,2021-07-08,0.0,38.12,40.15,0.34
Sukkur,2021-07-09,0.0,36.65,44.41,0.34
Sukkur,2021-07-10,0.02,38.26,39.54,0.34
Sukkur,2021-07-11,0.08,39.52,36.2,0.34
Sukkur,2021-07-12,1.02,37.31,44.6,0.34
Sukkur,2021-07-13,0.39,35.64,52.67,0.34
Sukkur,2021-07-14,0.76,35.65,53.15,0.34
Sukkur,2021-07-15,2.3,34.89,57.06,0.34
Sukkur,2021-07-16,8.52,34.59,60.23,0.35
Sukkur,2021-07-17,5.17,35.42,57.7,0.37
Sukkur,2021-07-18,0.0,36.96,47.9,0.36
Sukkur,2021-07-19,0.0,35.7,50.41,0.36
Sukkur,2021-07-20,0.0,37.02,45.8,0.35
Sukkur,2021-07-21,0.04,35.43,49.21,0.35
Sukkur,2021-07-22,11.42,33.85,58.8,0.36
Sukkur,2021-07-23,0.06,36.1,47.18,0.36
Sukkur,2021-07-24,0.26,36.97,43.48,0.36
Sukkur,2021-07-25,0.38,37.52,44.34,0.36
Sukkur,2021-07-26,0.0,37.16,46.05,0.35
Sukkur,2021-07-27,0.0,34.92,48.91,0.35
Sukkur,2021-07-28,0.0,36.88,43.7,0.35
Sukkur,2021-07-29,0.0,36.49,47.49,0.35
Sukkur,2021-07-30,0.0,37.14,44.27,0.35
Sukkur,2021-07-31,0.0,36.9,42.89,0.35
Sukkur,2021-08-01,0.0,36.89,43.89,0.34
Sukkur,2021-08-02,0.0,36.21,45.43,0.34
Sukkur,2021-08-03,0.0,36.14,46.27,0.34
Sukkur,2021-08-04,0.0,36.63,43.33,0.34
Sukkur,2021-08-05,0.0,36.22,42.94,0.34
Sukkur,2021-08-06,0.0,36.42,39.93,0.34
Sukkur,2021-08-07,0.0,36.69,39.22,0.34
Sukkur,2021-08-08,0.0,36.08,40.08,0.34
Sukkur,2021-08-09,0.0,36.35,40.19,0.34
Sukkur,2021-08-10,0.0,35.71,42.43,0.34
Sukkur,2021-08-11,0.0,35.51,43.36,0.34
Sukkur,2021-08-12,0.0,35.17,45.05,0.34
Sukkur,2021-08-13,0.0,35.62,44.28,0.34
Sukkur,2021-08-14,0.0,35.66,42.91,0.34
Sukkur,2021-08-15,0.0,35.12,44.45,0.34
Sukkur,2021-08-16,0.0,34.11,44.72,0.34
Sukkur,2021-08-17,0.0,35.69,37.95,0.34
Sukkur,2021-08-18,0.0,35.39,38.87,0.34
Sukkur,2021-08-19,0.0,35.84,40.1,0.34
Sukkur,2021-08-20,0.0,35.49,39.87,0.34
Sukkur,2021-08-21,0.0,36.38,38.49,0.34
Sukkur,2021-08-22,0.24,37.13,35.91,0.34
Sukkur,2021-08-23,0.0,36.67,36.58,0.34
Sukkur,2021-08-24,0.0,36.65,38.17,0.34
Sukkur,2021-08-25,0.0,35.46,40.31,0.34
Sukkur,2021-08-26,0.0,34.86,40.11,0.34
Sukkur,2021-08-27,0.0,33.98,45.69,0.34
Sukkur,2021-08-28,0.0,34.05,42.33,0.34
Sukkur,2021-08-29,0.0,34.62,41.01,0.34
Sukkur,2021-08-30,0.0,35.97,37.02,0.34
Sukkur,2021-08-31,1.61,36.26,37.74,0.34
Sukkur,2021-09-01,0.26,36.21,36.85,0.34
Sukkur,2021-09-02,0.0,35.84,36.36,0.34
Sukkur,2021-09-03,0.14,36.28,34.37,0.34
Sukkur,2021-09-04,0.06,36.96,35.29,0.34
Sukkur,2021-09-05,0.0,37.18,35.18,0.34
Sukkur,2021-09-06,0.0,37.79,36.82,0.34
Sukkur,2021-09-07,0.0,38.25,38.26,0.34
Sukkur,2021-09-08,0.05,38.21,38.66,0.34
Sukkur,2021-09-09,6.72,35.58,49.24,0.35
Sukkur,2021-09-10,1.42,35.0,50.79,0.35
Sukkur,2021-09-11,0.0,35.38,45.72,0.35
Sukkur,2021-09-12,0.0,34.71,46.64,0.35
Sukkur,2021-09-13,0.0,34.93,44.18,0.34
Sukkur,2021-09-14,0.03,35.64,40.88,0.34
Sukkur,2021-09-15,0.35,35.58,43.1,0.34
Sukkur,2021-09-16,0.04,37.09,36.24,0.34
Sukkur,2021-09-17,0.0,37.74,34.84,0.34
Sukkur,2021-09-18,0.1,37.43,33.47,0.34
Sukkur,2021-09-19,0.0,36.62,38.75,0.34
Sukkur,2021-09-20,0.03,37.43,39.24,0.34
Sukkur,2021-09-21,0.07,36.11,43.35,0.34
Sukkur,2021-09-22,0.13,35.56,43.89,0.34
Sukkur,2021-09-23,0.06,34.83,45.75,0.34
Sukkur,2021-09-24,0.0,34.67,44.88,0.34
Sukkur,2021-09-25,0.0,34.84,45.26,0.34
Sukkur,2021-09-26,0.0,35.25,40.16,0.34
Sukkur,2021-09-27,0.48,34.82,38.81,0.34
Sukkur,2021-09-28,4.04,33.73,50.12,0.34
Sukkur,2021-09-29,4.13,34.09,48.96,0.35
Sukkur,2021-09-30,1.07,32.51,56.53,0.35
Sukkur,2021-10-01,2.49,30.8,65.64,0.35
Sukkur,2021-10-02,0.0,32.6,50.57,0.35
Sukkur,2021-10-03,0.0,33.19,47.48,0.35
Sukkur,2021-10-04,0.0,33.89,46.62,0.35
Sukkur,2021-10-05,0.0,33.0,39.65,0.34
Sukkur,2021-10-06,0.0,33.37,38.09,0.34
Sukkur,2021-10-07,0.59,33.96,35.64,0.34
Sukkur,2021-10-08,0.0,33.32,36.05,0.34
Sukkur,2021-10-09,0.0,32.61,37.4,0.34
Sukkur,2021-10-10,0.0,31.69,33.48,0.34
Sukkur,2021-10-11,0.0,30.76,13.73,0.34
Sukkur,2021-10-12,0.0,29.0,14.29,0.34
Sukkur,2021-10-13,0.0,27.89,10.18,0.34
Sukkur,2021-10-14,0.0,27.98,9.92,0.34
Sukkur,2021-10-15,0.0,28.17,10.47,0.34
Sukkur,2021-10-16,0.0,28.45,10.31,0.34
Sukkur,2021-10-17,0.0,29.64,12.55,0.34
Sukkur,2021-10-18,0.0,28.37,16.4,0.34
Sukkur,2021-10-19,0.0,27.32,13.45,0.34
Sukkur,2021-10-20,0.0,27.83,24.62,0.34
Sukkur,2021-10-21,0.0,28.72,50.36,0.34
Sukkur,2021-10-22,0.0,29.66,43.99,0.34
Sukkur,2021-10-23,0.0,27.73,15.75,0.34
Sukkur,2021-10-24,0.0,26.45,28.37,0.34
Sukkur,2021-10-25,0.0,25.78,37.92,0.34
Sukkur,2021-10-26,0.0,26.15,34.31,0.34
Sukkur,2021-10-27,0.0,27.13,29.36,0.34
Sukkur,2021-10-28,0.0,27.32,28.47,0.34
Sukkur,2021-10-29,0.0,27.95,23.9,0.34
Sukkur,2021-10-30,0.0,27.79,16.45,0.34
Sukkur,2021-10-31,0.0,26.53,12.8,0.34
Sukkur,2021-11-01,0.0,27.2,14.97,0.34
Sukkur,2021-11-02,0.0,24.58,26.19,0.34
Sukkur,2021-11-03,0.0,24.81,26.61,0.34
Sukkur,2021-11-04,0.0,25.24,22.19,0.34
Sukkur,2021-11-05,0.0,26.8,19.69,0.34
Sukkur,2021-11-06,0.0,25.68,24.1,0.34
Sukkur,2021-11-07,0.0,26.61,25.14,0.34
Sukkur,2021-11-08,0.0,28.14,20.69,0.34
Sukkur,2021-11-09,0.0,27.07,19.01,0.34
Sukkur,2021-11-10,0.0,25.28,18.1,0.34
Sukkur,2021-11-11,0.0,24.87,18.99,0.34
Sukkur,2021-11-12,0.0,24.88,13.18,0.34
Sukkur,2021-11-13,0.0,23.94,14.2,0.34
Sukkur,2021-11-14,0.0,23.99,13.32,0.34
Sukkur,2021-11-15,0.0,22.52,15.11,0.34
Sukkur,2021-11-16,0.0,22.47,17.02,0.34
Sukkur,2021-11-17,0.0,21.93,18.36,0.34
Sukkur,2021-11-18,0.0,21.13,23.49,0.34
Sukkur,2021-11-19,0.0,20.73,20.93,0.34
Sukkur,2021-11-20,0.0,20.81,21.21,0.34
Sukkur,2021-11-21,0.0,21.72,21.05,0.34
Sukkur,2021-11-22,0.0,21.33,14.05,0.34
Sukkur,2021-11-23,0.0,22.46,11.79,0.34
Sukkur,2021-11-24,0.0,24.02,18.72,0.34
Sukkur,2021-11-25,0.0,22.8,22.64,0.34
Sukkur,2021-11-26,0.0,22.31,23.86,0.34
Sukkur,2021-11-27,0.0,21.9,18.47,0.34
Sukkur,2021-11-28,0.0,20.25,28.42,0.34
Sukkur,2021-11-29,0.0,19.97,30.58,0.34
Sukkur,2021-11-30,0.0,20.47,25.29,0.34
Sukkur,2021-12-01,0.0,20.67,25.67,0.34
Sukkur,2021-12-02,0.0,19.39,34.53,0.34
Sukkur,2021-12-03,0.0,19.22,29.41,0.34
Sukkur,2021-12-04,0.0,19.25,27.7,0.34
Sukkur,2021-12-05,0.0,21.56,24.73,0.34
Sukkur,2021-12-06,0.0,18.59,28.76,0.34
Sukkur,2021-12-07,0.0,18.39,33.93,0.34
Sukkur,2021-12-08,0.0,19.92,28.71,0.34
Sukkur,2021-12-09,0.0,19.6,24.75,0.34
Sukkur,2021-12-10,0.0,19.22,24.2,0.34
Sukkur,2021-12-11,0.0,18.91,21.93,0.34
Sukkur,2021-12-12,0.0,18.57,19.64,0.34
Sukkur,2021-12-13,0.0,17.71,22.05,0.34
Sukkur,2021-12-14,0.0,15.81,15.56,0.34
Sukkur,2021-12-15,0.0,13.77,12.31,0.34
Sukkur,2021-12-16,0.0,13.3,17.35,0.34
Sukkur,2021-12-17,0.0,13.64,26.82,0.34
Sukkur,2021-12-18,0.0,15.85,16.6,0.34
Sukkur,2021-12-19,0.0,16.29,12.94,0.34
Sukkur,2021-12-20,0.0,17.36,14.56,0.34
Sukkur,2021-12-21,0.0,18.24,20.57,0.34
Sukkur,2021-12-22,0.0,16.85,24.08,0.34
Sukkur,2021-12-23,0.0,18.69,27.42,0.34
Sukkur,2021-12-24,0.0,18.2,26.99,0.34
Sukkur,2021-12-25,0.0,18.47,26.43,0.34
Sukkur,2021-12-26,0.1,17.04,59.58,0.34
Sukkur,2021-12-27,0.02,17.06,68.83,0.34
Sukkur,2021-12-28,0.0,17.14,49.88,0.34
Sukkur,2021-12-29,0.0,16.05,44.98,0.34
Sukkur,2021-12-30,0.0,16.48,35.98,0.34
Sukkur,2021-12-31,0.0,15.72,28.62,0.34
Sukkur,2022-01-01,0.0,17.06,33.76,0.34
Sukkur,2022-01-02,0.0,17.25,25.52,0.34
Sukkur,2022-01-03,0.0,18.03,28.61,0.34
Sukkur,2022-01-04,17.79,16.8,47.27,0.34
Sukkur,2022-01-05,7.91,16.51,72.5,0.39
Sukkur,2022-01-06,0.91,15.26,69.23,0.38
Sukkur,2022-01-07,16.79,13.0,75.87,0.41
Sukkur,2022-01-08,0.0,13.56,62.07,0.41
Sukkur,2022-01-09,0.0,12.95,49.79,0.41
Sukkur,2022-01-10,0.0,13.71,42.89,0.4
Sukkur,2022-01-11,0.0,13.93,50.0,0.4
Sukkur,2022-01-12,0.0,13.82,45.23,0.4
Sukkur,2022-01-13,0.0,15.68,38.92,0.4
Sukkur,2022-01-14,0.0,14.98,44.05,0.4
Sukkur,2022-01-15,0.0,16.09,44.28,0.4
Sukkur,2022-01-16,0.0,15.54,47.01,0.4
Sukkur,2022-01-17,0.0,17.02,41.73,0.4
Sukkur,2022-01-18,0.0,17.55,40.74,0.39
Sukkur,2022-01-19,0.16,19.15,47.63,0.39
Sukkur,2022-01-20,0.0,18.18,46.03,0.39
Sukkur,2022-01-21,0.7,17.34,52.64,0.39
Sukkur,2022-01-22,0.0,13.39,37.15,0.39
Sukkur,2022-01-23,0.0,12.18,38.69,0.39
Sukkur,2022-01-24,0.0,12.04,33.97,0.39
Sukkur,2022-01-25,0.0,13.19,31.26,0.39
Sukkur,2022-01-26,0.0,13.26,34.72,0.39
Sukkur,2022-01-27,0.0,15.52,28.73,0.38
Sukkur,2022-01-28,0.0,16.83,29.3,0.38
Sukkur,2022-01-29,0.0,17.36,45.83,0.38
Sukkur,2022-01-30,0.0,18.68,36.15,0.38
Sukkur,2022-01-31,0.0,19.1,38.06,0.38
Sukkur,2022-02-01,0.0,17.63,32.65,0.38
Sukkur,2022-02-02,0.0,19.06,33.77,0.38
Sukkur,2022-02-03,0.0,16.7,32.69,0.37
Sukkur,2022-02-04,0.0,15.95,27.3,0.37
Sukkur,2022-02-05,0.0,18.4,24.24,0.37
Sukkur,2022-02-06,0.0,19.2,33.66,0.37
Sukkur,2022-02-07,0.0,18.42,45.44,0.37
Sukkur,2022-02-08,1.92,17.34,52.59,0.37
Sukkur,2022-02-09,0.0,17.66,45.14,0.37
Sukkur,2022-02-10,0.0,18.1,30.1,0.37
Sukkur,2022-02-11,0.0,18.83,31.27,0.37
Sukkur,2022-02-12,0.0,19.86,28.71,0.37
Sukkur,2022-02-13,0.0,19.15,35.6,0.36
Sukkur,2022-02-14,0.0,19.53,31.65,0.36
Sukkur,2022-02-15,0.0,20.16,33.41,0.36
Sukkur,2022-02-16,0.0,20.38,35.38,0.36
Sukkur,2022-02-17,0.0,19.93,29.26,0.36
Sukkur,2022-02-18,0.0,19.96,28.7,0.36
Sukkur,2022-02-19,0.0,20.27,33.13,0.36
Sukkur,2022-02-20,0.0,21.11,29.13,0.35
Sukkur,2022-02-21,0.0,23.58,28.57,0.35
Sukkur,2022-02-22,0.0,23.03,43.82,0.35
Sukkur,2022-02-23,0.0,20.65,37.12,0.35
Sukkur,2022-02-24,0.0,22.11,28.18,0.35
Sukkur,2022-02-25,0.0,22.61,26.85,0.35
Sukkur,2022-02-26,0.0,20.33,35.36,0.35
Sukkur,2022-02-27,0.0,20.22,41.45,0.35
Sukkur,2022-02-28,0.0,21.95,31.81,0.35
Sukkur,2022-03-01,0.98,24.15,32.51,0.35
Sukkur,2022-03-02,2.39,21.03,59.82,0.35
Sukkur,2022-03-03,0.01,21.0,49.82,0.35
Sukkur,2022-03-04,0.0,23.36,31.39,0.35
Sukkur,2022-03-05,0.0,24.11,28.25,0.35
Sukkur,2022-03-06,0.0,24.12,29.43,0.35
Sukkur,2022-03-07,0.0,24.41,35.09,0.34
Sukkur,2022-03-08,0.0,25.16,34.26,0.34
Sukkur,2022-03-09,0.0,26.87,28.03,0.34
Sukkur,2022-03-10,0.03,25.83,31.84,0.34
Sukkur,2022-03-11,0.21,28.11,34.8,0.34
Sukkur,2022-03-12,0.0,29.81,26.45,0.34
Sukkur,2022-03-13,0.0,31.29,22.31,0.34
Sukkur,2022-03-14,0.0,31.62,23.47,0.34
Sukkur,2022-03-15,0.0,32.08,30.09,0.34
Sukkur,2022-03-16,0.0,32.64,29.0,0.34
Sukkur,2022-03-17,0.0,32.23,18.67,0.34
Sukkur,2022-03-18,0.0,31.38,24.71,0.34
Sukkur,2022-03-19,0.0,30.05,31.33,0.34
Sukkur,2022-03-20,0.0,30.68,23.49,0.34
Sukkur,2022-03-21,0.0,30.2,15.64,0.34
Sukkur,2022-03-22,0.0,29.62,26.16,0.34
Sukkur,2022-03-23,0.0,28.51,33.75,0.34
Sukkur,2022-03-24,0.0,29.92,14.41,0.34
Sukkur,2022-03-25,0.0,30.89,11.3,0.34
Sukkur,2022-03-26,0.0,31.61,7.98,0.34
Sukkur,2022-03-27,0.0,32.19,13.46,0.34
Sukkur,2022-03-28,0.0,32.59,12.75,0.34
Sukkur,2022-03-29,0.0,32.2,20.72,0.34
Sukkur,2022-03-30,0.0,31.11,5.82,0.34
Sukkur,2022-03-31,0.0,30.21,7.72,0.34
Sukkur,2022-04-01,0.0,31.71,6.35,0.34
Sukkur,2022-04-02,0.0,32.35,7.0,0.34
Sukkur,2022-04-03,0.0,32.21,8.99,0.34
Sukkur,2022-04-04,0.0,32.57,8.36,0.34
Sukkur,2022-04-05,0.0,33.43,8.73,0.34
Sukkur,2022-04-06,0.0,34.8,10.87,0.34
Sukkur,2022-04-07,0.0,34.84,13.06,0.34
Sukkur,2022-04-08,0.0,34.82,14.22,0.34
Sukkur,2022-04-09,0.0,34.77,14.0,0.34
Sukkur,2022-04-10,0.0,35.92,10.43,0.34
Sukkur,2022-04-11,0.0,35.58,12.67,0.34
Sukkur,2022-04-12,0.0,33.98,28.38,0.33
Sukkur,2022-04-13,0.0,34.18,24.46,0.33
Sukkur,2022-04-14,0.0,34.71,8.88,0.33
Sukkur,2022-04-15,0.0,33.63,7.07,0.33
Sukkur,2022-04-16,0.0,34.62,8.69,0.33
Sukkur,2022-04-17,0.0,34.59,33.87,0.33
Sukkur,2022-04-18,0.46,35.48,25.32,0.34
Sukkur,2022-04-19,0.18,35.12,28.67,0.34
Sukkur,2022-04-20,0.0,33.92,23.22,0.34
Sukkur,2022-04-21,0.0,33.69,15.27,0.34
Sukkur,2022-04-22,0.0,33.21,20.81,0.34
Sukkur,2022-04-23,0.0,35.11,16.21,0.34
Sukkur,2022-04-24,0.0,36.07,19.76,0.34
Sukkur,2022-04-25,0.0,36.27,22.3,0.34
Sukkur,2022-04-26,0.0,36.65,10.05,0.34
Sukkur,2022-04-27,0.0,37.34,16.93,0.34
Sukkur,2022-04-28,0.0,38.01,21.12,0.34
Sukkur,2022-04-29,0.0,37.25,27.36,0.33
Sukkur,2022-04-30,0.0,39.35,13.06,0.33
Sukkur,2022-05-01,0.0,38.58,10.78,0.33
Sukkur,2022-05-02,0.0,37.54,15.98,0.33
Sukkur,2022-05-03,0.0,35.05,33.42,0.33
Sukkur,2022-05-04,0.69,35.09,32.09,0.34
Sukkur,2022-05-05,0.0,35.59,29.77,0.34
Sukkur,2022-05-06,0.01,37.2,21.32,0.34
Sukkur,2022-05-07,0.0,38.22,20.01,0.34
Sukkur,2022-05-08,0.0,37.24,31.1,0.34
Sukkur,2022-05-09,0.0,36.08,32.77,0.34
Sukkur,2022-05-10,0.0,36.91,29.15,0.34
Sukkur,2022-05-11,0.0,38.12,20.56,0.34
Sukkur,2022-05-12,0.0,39.6,10.66,0.34
Sukkur,2022-05-13,0.0,38.81,5.92,0.34
Sukkur,2022-05-14,0.0,39.15,14.87,0.33
Sukkur,2022-05-15,0.0,37.97,15.57,0.33
Sukkur,2022-05-16,0.0,36.7,11.23,0.33
Sukkur,2022-05-17,0.0,37.35,12.12,0.33
Sukkur,2022-05-18,0.0,38.26,16.96,0.33
Sukkur,2022-05-19,0.0,39.24,19.77,0.33
Sukkur,2022-05-20,0.0,38.85,25.19,0.33
Sukkur,2022-05-21,0.0,37.97,5.69,0.33
Sukkur,2022-05-22,0.0,38.08,8.92,0.33
Sukkur,2022-05-23,0.0,37.76,10.39,0.33
Sukkur,2022-05-24,0.0,35.24,18.77,0.33
Sukkur,2022-05-25,0.0,36.89,29.7,0.33
Sukkur,2022-05-26,0.0,38.54,35.01,0.33
Sukkur,2022-05-27,0.0,37.99,38.88,0.33
Sukkur,2022-05-28,0.0,39.53,16.75,0.33
Sukkur,2022-05-29,0.0,38.12,7.47,0.33
Sukkur,2022-05-30,0.0,37.89,6.34,0.33
Sukkur,2022-05-31,0.0,38.12,9.81,0.33
Sukkur,2022-06-01,0.0,37.94,10.72,0.33
Sukkur,2022-06-02,0.0,37.85,4.71,0.33
Sukkur,2022-06-03,0.0,37.01,5.84,0.33
Sukkur,2022-06-04,0.0,36.73,23.5,0.33
Sukkur,2022-06-05,0.0,37.34,26.91,0.33
Sukkur,2022-06-06,0.0,37.37,29.54,0.33
Sukkur,2022-06-07,0.0,37.07,25.34,0.33
Sukkur,2022-06-08,0.0,37.25,30.58,0.33
Sukkur,2022-06-09,0.0,37.51,35.34,0.33
Sukkur,2022-06-10,0.0,36.45,43.95,0.33
Sukkur,2022-06-11,0.0,36.52,45.13,0.33
Sukkur,2022-06-12,0.08,36.37,44.99,0.33
Sukkur,2022-06-13,0.01,37.37,38.63,0.33
Sukkur,2022-06-14,0.08,37.92,36.73,0.33
Sukkur,2022-06-15,0.0,38.39,35.58,0.33
Sukkur,2022-06-16,0.0,37.5,43.65,0.33
Sukkur,2022-06-17,0.0,37.83,42.96,0.33
Sukkur,2022-06-18,0.02,37.42,41.84,0.33
Sukkur,2022-06-19,0.84,37.8,39.7,0.33
Sukkur,2022-06-20,13.07,34.18,54.04,0.35
Sukkur,2022-06-21,0.08,33.67,50.84,0.35
Sukkur,2022-06-22,0.83,31.83,52.6,0.35
Sukkur,2022-06-23,0.0,34.85,39.52,0.35
Sukkur,2022-06-24,0.0,37.74,28.89,0.35
Sukkur,2022-06-25,0.0,39.59,28.96,0.34
Sukkur,2022-06-26,0.0,39.51,33.29,0.34
Sukkur,2022-06-27,0.0,39.31,21.03,0.34
Sukkur,2022-06-28,0.0,39.35,33.65,0.34
Sukkur,2022-06-29,0.0,38.55,39.59,0.34
Sukkur,2022-06-30,0.0,38.63,40.85,0.34
Sukkur,2022-07-01,0.02,37.91,44.77,0.34
Sukkur,2022-07-02,0.15,37.29,46.63,0.34
Sukkur,2022-07-03,0.4,37.46,45.65,0.34
Sukkur,2022-07-04,13.58,35.51,51.39,0.35
Sukkur,2022-07-05,9.0,34.58,61.05,0.38
Sukkur,2022-07-06,41.51,34.14,68.95,0.42
Sukkur,2022-07-07,33.69,32.01,80.37,0.46
Sukkur,2022-07-08,32.44,31.18,83.5,0.53
Sukkur,2022-07-09,13.52,31.14,79.06,0.54
Sukkur,2022-07-10,14.51,30.59,83.74,0.55
Sukkur,2022-07-11,0.27,31.98,73.46,0.55
Sukkur,2022-07-12,0.0,33.81,64.0,0.54
Sukkur,2022-07-13,0.0,34.18,61.41,0.53
Sukkur,2022-07-14,1.21,34.08,61.36,0.52
Sukkur,2022-07-15,19.14,30.92,76.86,0.53
Sukkur,2022-07-16,36.91,29.62,83.06,0.59
Sukkur,2022-07-17,2.8,30.31,79.7,0.59
Sukkur,2022-07-18,1.65,29.78,81.35,0.58
Sukkur,2022-07-19,0.09,31.01,75.63,0.57
Sukkur,2022-07-20,0.08,31.26,76.91,0.56
Sukkur,2022-07-21,8.85,29.99,83.94,0.56
Sukkur,2022-07-22,7.46,30.67,82.85,0.57
Sukkur,2022-07-23,1.66,31.71,73.75,0.57
Sukkur,2022-07-24,29.54,29.09,89.24,0.57
Sukkur,2022-07-25,22.13,29.23,84.5,0.62
Sukkur,2022-07-26,16.3,29.43,83.02,0.65
Sukkur,2022-07-27,5.99,30.34,79.62,0.64
Sukkur,2022-07-28,2.93,29.11,85.39,0.64
Sukkur,2022-07-29,25.21,29.32,85.04,0.64
Sukkur,2022-07-30,68.27,30.0,84.39,0.69
Sukkur,2022-07-31,144.09,28.58,90.82,0.79
Sukkur,2022-08-01,0.0,30.61,82.46,0.79
Sukkur,2022-08-02,0.0,31.54,79.25,0.77
Sukkur,2022-08-03,0.0,31.17,78.05,0.76
Sukkur,2022-08-04,0.22,30.88,78.15,0.74
Sukkur,2022-08-05,0.72,31.05,76.76,0.73
Sukkur,2022-08-06,115.73,30.22,83.57,0.76
Sukkur,2022-08-07,95.24,31.32,75.79,0.87
Sukkur,2022-08-08,0.18,31.37,80.79,0.86
Sukkur,2022-08-09,0.3,30.84,84.27,0.84
Sukkur,2022-08-10,40.15,31.09,85.1,0.85
Sukkur,2022-08-11,8.89,31.33,81.37,0.87
Sukkur,2022-08-12,0.06,29.68,83.71,0.85
Sukkur,2022-08-13,20.98,29.51,85.82,0.85
Sukkur,2022-08-14,37.49,28.18,89.33,0.89
Sukkur,2022-08-15,28.71,29.05,85.69,0.89
Sukkur,2022-08-16,31.99,28.29,90.81,0.91
Sukkur,2022-08-17,13.74,28.89,88.48,0.92
Sukkur,2022-08-18,150.31,27.68,92.62,0.93
Sukkur,2022-08-19,112.54,26.89,94.38,0.95
Sukkur,2022-08-20,43.4,27.76,88.75,0.96
Sukkur,2022-08-21,29.88,27.74,91.95,0.97
Sukkur,2022-08-22,20.9,27.55,93.48,0.97
Sukkur,2022-08-23,32.03,28.61,89.54,0.97
Sukkur,2022-08-24,95.42,27.97,92.52,0.98
Sukkur,2022-08-25,37.9,28.11,91.27,0.99
Sukkur,2022-08-26,7.47,27.29,89.87,0.99
Sukkur,2022-08-27,0.01,27.84,88.18,0.98
Sukkur,2022-08-28,0.0,28.38,86.32,0.97
Sukkur,2022-08-29,0.0,28.69,86.6,0.96
Sukkur,2022-08-30,0.0,28.44,87.42,0.96
Sukkur,2022-08-31,0.0,28.5,86.45,0.95
Sukkur,2022-09-01,0.45,28.83,84.86,0.94
Sukkur,2022-09-02,0.25,28.98,86.05,0.93
Sukkur,2022-09-03,0.0,28.89,86.0,0.92
Sukkur,2022-09-04,0.0,28.33,81.04,0.91
Sukkur,2022-09-05,0.0,27.19,84.45,0.9
Sukkur,2022-09-06,0.0,28.87,79.65,0.89
Sukkur,2022-09-07,0.0,28.74,83.15,0.89
Sukkur,2022-09-08,0.0,29.25,79.64,0.88
Sukkur,2022-09-09,0.0,30.79,74.03,0.87
Sukkur,2022-09-10,0.0,31.77,70.71,0.86
Sukkur,2022-09-11,0.0,32.31,69.99,0.85
Sukkur,2022-09-12,0.01,30.24,80.76,0.84
Sukkur,2022-09-13,0.01,30.32,79.91,0.84
Sukkur,2022-09-14,0.0,30.87,74.96,0.83
Sukkur,2022-09-15,0.0,30.98,77.35,0.82
Sukkur,2022-09-16,0.0,27.76,78.11,0.81
Sukkur,2022-09-17,0.0,26.57,84.47,0.8
Sukkur,2022-09-18,0.0,27.68,85.04,0.79
Sukkur,2022-09-19,0.0,27.78,84.97,0.78
Sukkur,2022-09-20,0.0,27.98,84.93,0.77
Sukkur,2022-09-21,0.0,28.56,81.85,0.76
Sukkur,2022-09-22,0.0,29.21,78.06,0.75
Sukkur,2022-09-23,0.0,29.18,78.76,0.74
Sukkur,2022-09-24,0.0,28.26,82.46,0.74
Sukkur,2022-09-25,0.0,27.31,83.12,0.73
Sukkur,2022-09-26,0.0,26.6,84.05,0.72
Sukkur,2022-09-27,0.0,26.62,83.77,0.71
Sukkur,2022-09-28,0.0,26.74,83.97,0.7
Sukkur,2022-09-29,0.0,27.14,81.28,0.69
Sukkur,2022-09-30,0.0,26.8,79.16,0.68
Sukkur,2022-10-01,0.0,26.43,82.69,0.68
Sukkur,2022-10-02,0.0,26.7,82.1,0.67
Sukkur,2022-10-03,0.0,27.39,79.78,0.66
Sukkur,2022-10-04,0.0,27.44,73.75,0.65
Sukkur,2022-10-05,0.0,26.65,72.86,0.65
Sukkur,2022-10-06,0.0,26.53,70.38,0.64
Sukkur,2022-10-07,0.0,26.89,61.9,0.63
Sukkur,2022-10-08,0.0,26.78,63.89,0.62
Sukkur,2022-10-09,0.0,27.37,65.0,0.61
Sukkur,2022-10-10,0.0,27.44,62.41,0.61
Sukkur,2022-10-11,0.0,25.96,56.2,0.6
Sukkur,2022-10-12,0.0,26.2,47.58,0.6
Sukkur,2022-10-13,0.0,24.6,54.75,0.59
Sukkur,2022-10-14,0.0,25.94,46.5,0.58
Sukkur,2022-10-15,0.0,26.1,46.21,0.58
Sukkur,2022-10-16,0.0,26.16,46.73,0.57
Sukkur,2022-10-17,0.0,24.99,50.73,0.57
Sukkur,2022-10-18,0.0,24.96,52.22,0.56
Sukkur,2022-10-19,0.0,24.99,57.25,0.55
Sukkur,2022-10-20,0.0,25.51,58.47,0.55
Sukkur,2022-10-21,0.0,25.77,59.96,0.54
Sukkur,2022-10-22,0.0,26.11,54.7,0.54
Sukkur,2022-10-23,0.0,25.46,52.81,0.53
Sukkur,2022-10-24,0.0,24.83,53.73,0.53
Sukkur,2022-10-25,0.0,24.31,50.89,0.53
Sukkur,2022-10-26,0.0,25.03,48.91,0.52
Sukkur,2022-10-27,0.0,24.56,47.53,0.52
Sukkur,2022-10-28,0.0,24.36,46.42,0.51
Sukkur,2022-10-29,0.0,25.27,57.44,0.51
Sukkur,2022-10-30,0.0,25.17,57.95,0.51
Sukkur,2022-10-31,0.0,25.12,53.39,0.5
Sukkur,2022-11-01,0.0,26.34,57.7,0.5
Sukkur,2022-11-02,0.0,27.08,55.58,0.49
Sukkur,2022-11-03,0.0,27.31,53.39,0.49
Sukkur,2022-11-04,0.0,25.9,51.16,0.49
Sukkur,2022-11-05,0.0,25.15,51.17,0.48
Sukkur,2022-11-06,0.0,24.06,64.11,0.48
Sukkur,2022-11-07,0.2,22.99,61.55,0.48
Sukkur,2022-11-08,0.33,23.03,58.13,0.48
Sukkur,2022-11-09,0.05,23.97,54.76,0.47
Sukkur,2022-11-10,0.0,24.11,56.74,0.47
Sukkur,2022-11-11,0.0,23.73,51.18,0.47
Sukkur,2022-11-12,0.0,22.63,45.13,0.47
Sukkur,2022-11-13,0.0,23.56,50.13,0.46
Sukkur,2022-11-14,0.0,22.62,50.73,0.46
Sukkur,2022-11-15,0.0,20.58,60.22,0.46
Sukkur,2022-11-16,0.0,22.46,51.21,0.46
Sukkur,2022-11-17,0.0,21.69,43.85,0.46
Sukkur,2022-11-18,0.0,20.5,40.24,0.45
Sukkur,2022-11-19,0.0,22.91,43.41,0.45
Sukkur,2022-11-20,0.0,22.2,47.35,0.45
Sukkur,2022-11-21,0.0,21.74,47.48,0.45
Sukkur,2022-11-22,0.0,20.75,37.83,0.45
Sukkur,2022-11-23,0.0,19.51,39.98,0.44
Sukkur,2022-11-24,0.0,19.66,39.75,0.44
Sukkur,2022-11-25,0.0,19.21,45.65,0.44
Sukkur,2022-11-26,0.0,20.21,45.62,0.44
Sukkur,2022-11-27,0.0,20.32,33.93,0.44
Sukkur,2022-11-28,0.0,20.58,31.1,0.43
Sukkur,2022-11-29,0.0,20.43,35.41,0.43
Sukkur,2022-11-30,0.0,20.17,37.61,0.43
Sukkur,2022-12-01,0.0,20.64,35.26,0.43
Sukkur,2022-12-02,0.0,20.38,35.23,0.43
Sukkur,2022-12-03,0.0,18.42,39.87,0.43
Sukkur,2022-12-04,0.0,18.59,40.16,0.43
Sukkur,2022-12-05,0.0,18.91,41.58,0.43
Sukkur,2022-12-06,0.0,19.91,38.61,0.42
Sukkur,2022-12-07,0.0,19.24,42.53,0.42
Sukkur,2022-12-08,0.0,20.5,43.2,0.42
Sukkur,2022-12-09,0.0,19.3,49.0,0.42
Sukkur,2022-12-10,0.0,18.67,49.97,0.42
Sukkur,2022-12-11,0.0,18.46,50.54,0.42
Sukkur,2022-12-12,0.0,19.45,49.56,0.42
Sukkur,2022-12-13,0.0,18.15,50.7,0.41
Sukkur,2022-12-14,0.0,18.26,48.53,0.41
Sukkur,2022-12-15,0.0,18.16,38.53,0.41
Sukkur,2022-12-16,0.0,18.43,36.7,0.41
Sukkur,2022-12-17,0.0,19.35,33.96,0.41
Sukkur,2022-12-18,0.0,19.49,31.31,0.41
Sukkur,2022-12-19,0.0,17.86,33.52,0.41
Sukkur,2022-12-20,0.0,16.19,38.55,0.4
Sukkur,2022-12-21,0.0,15.54,38.68,0.4
Sukkur,2022-12-22,0.0,15.3,38.98,0.4
Sukkur,2022-12-23,0.0,15.86,34.06,0.4
Sukkur,2022-12-24,0.0,14.67,34.12,0.4
Sukkur,2022-12-25,0.0,16.2,32.52,0.4
Sukkur,2022-12-26,0.0,16.11,34.69,0.4
Sukkur,2022-12-27,0.0,15.92,33.87,0.4
Sukkur,2022-12-28,0.05,18.39,33.84,0.4
Sukkur,2022-12-29,0.49,17.22,73.88,0.4
Sukkur,2022-12-30,0.0,16.52,46.63,0.4
Sukkur,2022-12-31,0.0,16.4,42.16,0.39
Sukkur,2023-01-01,0.0,15.72,33.62,0.39
Sukkur,2023-01-02,0.0,13.96,36.77,0.39
Sukkur,2023-01-03,0.0,12.75,35.65,0.39
Sukkur,2023-01-04,0.0,13.32,37.84,0.39
Sukkur,2023-01-05,0.0,13.54,34.49,0.39
Sukkur,2023-01-06,0.0,13.31,38.4,0.39
Sukkur,2023-01-07,0.0,14.16,36.3,0.39
Sukkur,2023-01-08,0.0,15.15,32.62,0.39
Sukkur,2023-01-09,0.0,16.67,33.55,0.38
Sukkur,2023-01-10,0.0,16.37,36.53,0.38
Sukkur,2023-01-11,0.0,17.9,45.14,0.38
Sukkur,2023-01-12,0.0,14.18,29.71,0.38
Sukkur,2023-01-13,0.0,11.08,23.84,0.38
Sukkur,2023-01-14,0.0,10.52,24.13,0.38
Sukkur,2023-01-15,0.0,10.83,27.02,0.38
Sukkur,2023-01-16,0.0,11.2,26.77,0.38
Sukkur,2023-01-17,0.0,13.02,27.82,0.38
Sukkur,2023-01-18,0.0,15.05,28.97,0.37
Sukkur,2023-01-19,1.51,13.63,38.3,0.37
Sukkur,2023-01-20,0.22,13.54,67.09,0.38
Sukkur,2023-01-21,0.0,13.38,47.18,0.37
Sukkur,2023-01-22,0.0,11.56,34.09,0.37
Sukkur,2023-01-23,0.0,11.8,36.77,0.37
Sukkur,2023-01-24,0.0,10.85,32.34,0.37
Sukkur,2023-01-25,0.0,10.85,31.78,0.37
Sukkur,2023-01-26,0.0,11.78,28.19,0.37
Sukkur,2023-01-27,0.0,13.26,26.67,0.37
Sukkur,2023-01-28,0.0,14.7,25.28,0.37
Sukkur,2023-01-29,0.0,15.11,44.78,0.37
Sukkur,2023-01-30,0.0,15.56,40.98,0.37
Sukkur,2023-01-31,0.0,15.29,43.12,0.36
Sukkur,2023-02-01,0.0,16.58,42.24,0.36
Sukkur,2023-02-02,0.0,18.42,35.08,0.36
Sukkur,2023-02-03,0.0,19.2,32.78,0.36
Sukkur,2023-02-04,0.0,20.43,29.19,0.36
Sukkur,2023-02-05,0.0,20.71,32.79,0.36
Sukkur,2023-02-06,0.0,19.7,33.12,0.36
Sukkur,2023-02-07,0.0,18.51,28.11,0.36
Sukkur,2023-02-08,0.0,20.84,25.46,0.36
Sukkur,2023-02-09,0.0,22.35,32.57,0.35
Sukkur,2023-02-10,0.0,21.33,22.63,0.35
Sukkur,2023-02-11,0.0,19.53,22.12,0.35
Sukkur,2023-02-12,0.0,18.82,19.98,0.35
Sukkur,2023-02-13,0.0,18.84,20.7,0.35
Sukkur,2023-02-14,0.0,22.12,27.96,0.35
Sukkur,2023-02-15,0.0,23.94,27.71,0.35
Sukkur,2023-02-16,0.0,24.59,23.98,0.35
Sukkur,2023-02-17,0.0,25.62,21.09,0.35
Sukkur,2023-02-18,0.0,25.67,19.51,0.35
Sukkur,2023-02-19,0.0,25.43,18.77,0.35
Sukkur,2023-02-20,0.0,25.59,22.3,0.35
Sukkur,2023-02-21,0.0,24.33,13.68,0.35
Sukkur,2023-02-22,0.0,25.22,16.77,0.34
Sukkur,2023-02-23,0.0,24.38,26.93,0.34
Sukkur,2023-02-24,0.0,26.2,30.04,0.34
Sukkur,2023-02-25,0.0,25.69,27.42,0.34
Sukkur,2023-02-26,0.0,25.98,24.29,0.34
Sukkur,2023-02-27,0.0,27.99,22.82,0.34
Sukkur,2023-02-28,0.0,27.19,24.22,0.34
Sukkur,2023-03-01,1.94,23.77,41.03,0.35
Sukkur,2023-03-02,1.63,23.72,52.02,0.35
Sukkur,2023-03-03,0.0,25.02,42.31,0.35
Sukkur,2023-03-04,0.0,25.27,41.43,0.35
Sukkur,2023-03-05,0.0,26.08,36.1,0.35
Sukkur,2023-03-06,0.0,27.42,29.08,0.35
Sukkur,2023-03-07,0.0,27.26,27.18,0.35
Sukkur,2023-03-08,0.01,27.79,23.56,0.35
Sukkur,2023-03-09,0.0,27.1,26.29,0.34
Sukkur,2023-03-10,0.0,27.05,24.18,0.34
Sukkur,2023-03-11,0.0,28.36,20.17,0.34
Sukkur,2023-03-12,0.0,26.02,23.52,0.34
Sukkur,2023-03-13,0.0,28.28,21.54,0.34
Sukkur,2023-03-14,0.0,28.74,19.85,0.34
Sukkur,2023-03-15,0.0,28.08,24.94,0.34
Sukkur,2023-03-16,0.1,28.09,35.1,0.34
Sukkur,2023-03-17,0.08,25.85,41.92,0.34
Sukkur,2023-03-18,1.25,23.37,52.77,0.34
Sukkur,2023-03-19,1.47,24.55,54.89,0.35
Sukkur,2023-03-20,0.36,25.64,41.15,0.35
Sukkur,2023-03-21,0.0,27.31,34.88,0.35
Sukkur,2023-03-22,0.0,26.08,38.04,0.35
Sukkur,2023-03-23,5.95,25.48,52.91,0.35
Sukkur,2023-03-24,0.33,23.95,45.06,0.35
Sukkur,2023-03-25,0.53,23.05,39.21,0.35
Sukkur,2023-03-26,0.0,24.42,43.78,0.35
Sukkur,2023-03-27,0.0,26.27,32.97,0.35
Sukkur,2023-03-28,0.0,27.91,30.45,0.35
Sukkur,2023-03-29,0.8,27.85,43.72,0.35
Sukkur,2023-03-30,2.31,23.96,52.44,0.35
Sukkur,2023-03-31,0.0,25.86,44.3,0.35
Sukkur,2023-04-01,0.0,28.16,35.26,0.35
Sukkur,2023-04-02,0.0,29.08,39.17,0.35
Sukkur,2023-04-03,0.11,29.0,42.9,0.35
Sukkur,2023-04-04,0.0,28.29,39.71,0.34
Sukkur,2023-04-05,0.0,28.84,24.19,0.34
Sukkur,2023-04-06,0.0,28.38,23.28,0.34
Sukkur,2023-04-07,0.0,29.18,25.2,0.34
Sukkur,2023-04-08,0.0,30.43,23.93,0.34
Sukkur,2023-04-09,0.0,31.86,16.98,0.34
Sukkur,2023-04-10,0.0,31.28,22.62,0.34
Sukkur,2023-04-11,24.8,31.14,34.01,0.35
Sukkur,2023-04-12,7.56,30.42,41.39,0.4
Sukkur,2023-04-13,0.0,31.42,32.08,0.39
Sukkur,2023-04-14,0.0,31.61,29.16,0.39
Sukkur,2023-04-15,0.0,32.17,34.21,0.38
Sukkur,2023-04-16,0.0,32.17,33.15,0.38
Sukkur,2023-04-17,0.06,31.36,38.37,0.37
Sukkur,2023-04-18,2.95,29.36,45.48,0.37
Sukkur,2023-04-19,0.0,27.06,42.73,0.37
Sukkur,2023-04-20,0.0,27.55,23.87,0.37
Sukkur,2023-04-21,0.0,27.79,17.92,0.37
Sukkur,2023-04-22,0.0,30.45,16.58,0.36
Sukkur,2023-04-23,0.0,30.18,28.82,0.36
Sukkur,2023-04-24,0.0,29.92,22.97,0.36
Sukkur,2023-04-25,0.0,31.7,21.25,0.36
Sukkur,2023-04-26,0.12,30.61,25.05,0.35
Sukkur,2023-04-27,32.88,28.51,45.24,0.39
Sukkur,2023-04-28,2.08,27.61,53.34,0.4
Sukkur,2023-04-29,6.56,25.42,61.76,0.41
Sukkur,2023-04-30,0.2,25.81,59.02,0.41
Sukkur,2023-05-01,0.07,28.75,49.96,0.4
Sukkur,2023-05-02,0.01,30.93,41.6,0.4
Sukkur,2023-05-03,0.0,31.29,42.11,0.39
Sukkur,2023-05-04,1.51,32.81,37.92,0.39
Sukkur,2023-05-05,2.01,31.89,44.61,0.39
Sukkur,2023-05-06,0.03,32.2,42.03,0.39
Sukkur,2023-05-07,1.62,31.45,21.19,0.39
Sukkur,2023-05-08,0.0,30.81,19.82,0.38
Sukkur,2023-05-09,0.0,32.09,20.55,0.38
Sukkur,2023-05-10,0.0,33.44,20.61,0.38
Sukkur,2023-05-11,0.0,34.74,25.24,0.37
Sukkur,2023-05-12,0.0,36.08,30.45,0.37
Sukkur,2023-05-13,0.0,35.94,31.39,0.36
Sukkur,2023-05-14,0.0,36.99,23.3,0.36
Sukkur,2023-05-15,0.03,36.01,28.59,0.36
Sukkur,2023-05-16,1.87,35.53,34.57,0.36
Sukkur,2023-05-17,0.67,35.18,41.28,0.36
Sukkur,2023-05-18,0.0,33.97,46.83,0.36
Sukkur,2023-05-19,0.0,36.66,28.12,0.35
Sukkur,2023-05-20,0.0,37.44,27.14,0.35
Sukkur,2023-05-21,0.0,37.28,37.0,0.35
Sukkur,2023-05-22,0.0,36.8,42.79,0.35
Sukkur,2023-05-23,0.48,36.3,42.18,0.35
Sukkur,2023-05-24,0.02,37.25,33.75,0.35
Sukkur,2023-05-25,0.04,38.03,24.73,0.35
Sukkur,2023-05-26,0.04,37.39,26.83,0.35
Sukkur,2023-05-27,0.0,36.19,21.57,0.34
Sukkur,2023-05-28,0.18,36.95,31.0,0.34
Sukkur,2023-05-29,4.08,34.73,44.06,0.35
Sukkur,2023-05-30,0.79,30.19,58.39,0.35
Sukkur,2023-05-31,2.26,32.03,49.55,0.35
Sukkur,2023-06-01,0.01,33.86,47.01,0.35
Sukkur,2023-06-02,0.0,34.56,45.16,0.35
Sukkur,2023-06-03,0.07,37.19,35.75,0.35
Sukkur,2023-06-04,0.05,36.3,35.68,0.35
Sukkur,2023-06-05,0.0,37.52,29.83,0.34
Sukkur,2023-06-06,0.0,37.19,37.27,0.34
Sukkur,2023-06-07,0.02,37.33,34.2,0.34
Sukkur,2023-06-08,0.0,38.0,33.79,0.34
Sukkur,2023-06-09,0.0,37.73,37.83,0.34
Sukkur,2023-06-10,0.0,37.63,39.09,0.34
Sukkur,2023-06-11,0.0,37.28,37.33,0.34
Sukkur,2023-06-12,0.0,38.46,33.57,0.34
Sukkur,2023-06-13,0.0,37.89,35.96,0.34
Sukkur,2023-06-14,0.0,36.37,42.9,0.34
Sukkur,2023-06-15,0.25,35.27,43.79,0.34
Sukkur,2023-06-16,0.06,36.14,42.78,0.34
Sukkur,2023-06-17,0.02,37.69,39.31,0.34
Sukkur,2023-06-18,0.03,39.8,34.2,0.34
Sukkur,2023-06-19,0.09,39.08,37.49,0.34
Sukkur,2023-06-20,0.0,38.51,42.0,0.34
Sukkur,2023-06-21,0.0,37.62,44.98,0.34
Sukkur,2023-06-22,0.0,38.15,43.42,0.34
Sukkur,2023-06-23,0.0,38.68,40.65,0.34
Sukkur,2023-06-24,0.0,38.44,41.44,0.34
Sukkur,2023-06-25,0.22,38.41,41.5,0.34
Sukkur,2023-06-26,0.8,36.76,44.08,0.34
Sukkur,2023-06-27,14.47,35.37,54.0,0.35
Sukkur,2023-06-28,16.77,33.86,67.36,0.39
Sukkur,2023-06-29,0.31,34.84,57.09,0.39
Sukkur,2023-06-30,0.04,37.16,47.53,0.38
Sukkur,2023-07-01,0.0,36.56,48.82,0.38
Sukkur,2023-07-02,0.47,36.76,49.62,0.37
Sukkur,2023-07-03,0.05,38.15,43.3,0.37
Sukkur,2023-07-04,0.0,38.26,45.26,0.37
Sukkur,2023-07-05,0.0,37.64,46.09,0.36
Sukkur,2023-07-06,0.03,36.75,49.21,0.36
Sukkur,2023-07-07,2.18,36.6,46.58,0.36
Sukkur,2023-07-08,9.21,33.36,60.4,0.37
Sukkur,2023-07-09,0.0,35.85,48.35,0.37
Sukkur,2023-07-10,0.0,37.43,44.45,0.37
Sukkur,2023-07-11,0.0,38.03,42.41,0.36
Sukkur,2023-07-12,0.0,38.21,40.24,0.36
Sukkur,2023-07-13,0.0,38.44,39.91,0.36
Sukkur,2023-07-14,0.0,37.84,42.98,0.35
Sukkur,2023-07-15,0.05,37.57,44.29,0.35
Sukkur,2023-07-16,0.0,36.53,47.86,0.35
Sukkur,2023-07-17,0.02,37.01,45.36,0.35
Sukkur,2023-07-18,0.31,38.63,41.61,0.35
Sukkur,2023-07-19,0.27,36.92,43.5,0.35
Sukkur,2023-07-20,0.67,35.82,49.01,0.35
Sukkur,2023-07-21,0.46,36.69,46.75,0.35
Sukkur,2023-07-22,1.91,36.0,49.25,0.35
Sukkur,2023-07-23,18.98,33.72,65.47,0.37
Sukkur,2023-07-24,60.0,29.95,86.12,0.45
Sukkur,2023-07-25,51.24,29.82,89.62,0.53
Sukkur,2023-07-26,21.37,31.03,83.33,0.57
Sukkur,2023-07-27,2.46,30.66,78.92,0.56
Sukkur,2023-07-28,3.11,31.55,74.67,0.56
Sukkur,2023-07-29,7.57,31.72,73.95,0.55
Sukkur,2023-07-30,10.73,31.39,76.7,0.56
Sukkur,2023-07-31,0.89,32.63,72.7,0.55
Sukkur,2023-08-01,0.18,32.97,68.92,0.54
Sukkur,2023-08-02,0.14,33.36,66.92,0.53
Sukkur,2023-08-03,0.0,33.23,64.38,0.53
Sukkur,2023-08-04,0.0,33.19,66.04,0.52
Sukkur,2023-08-05,0.0,33.4,63.81,0.51
Sukkur,2023-08-06,0.0,32.97,64.21,0.5
Sukkur,2023-08-07,0.0,32.99,61.45,0.49
Sukkur,2023-08-08,0.0,32.8,62.99,0.49
Sukkur,2023-08-09,0.0,33.33,60.49,0.48
Sukkur,2023-08-10,0.0,32.35,62.86,0.48
Sukkur,2023-08-11,0.0,32.95,60.62,0.47
Sukkur,2023-08-12,0.0,32.9,58.78,0.47
Sukkur,2023-08-13,0.0,33.39,56.36,0.46
Sukkur,2023-08-14,0.0,32.59,59.65,0.46
Sukkur,2023-08-15,0.0,33.41,57.56,0.45
Sukkur,2023-08-16,0.0,33.2,57.26,0.45
Sukkur,2023-08-17,0.0,32.93,54.64,0.44
Sukkur,2023-08-18,0.0,32.21,53.81,0.44
Sukkur,2023-08-19,0.0,32.8,49.8,0.43
Sukkur,2023-08-20,0.01,33.14,53.68,0.43
Sukkur,2023-08-21,0.0,34.75,48.41,0.42
Sukkur,2023-08-22,0.0,34.56,49.66,0.42
Sukkur,2023-08-23,0.0,33.1,52.35,0.42
Sukkur,2023-08-24,0.0,32.81,52.6,0.41
Sukkur,2023-08-25,0.0,32.57,53.42,0.41
Sukkur,2023-08-26,0.0,31.82,57.46,0.41
Sukkur,2023-08-27,0.0,33.26,54.85,0.4
Sukkur,2023-08-28,0.0,33.47,51.61,0.4
Sukkur,2023-08-29,0.0,32.98,54.99,0.4
Sukkur,2023-08-30,0.0,33.51,51.52,0.39
Sukkur,2023-08-31,0.0,33.28,49.9,0.39
Sukkur,2023-09-01,0.0,32.53,48.7,0.39
Sukkur,2023-09-02,0.0,32.17,53.47,0.39
Sukkur,2023-09-03,0.43,32.13,53.78,0.38
Sukkur,2023-09-04,0.0,32.41,51.85,0.38
Sukkur,2023-09-05,0.0,33.14,49.87,0.38
Sukkur,2023-09-06,0.0,33.99,45.81,0.38
Sukkur,2023-09-07,0.0,34.78,42.85,0.37
Sukkur,2023-09-08,0.0,35.69,39.9,0.37
Sukkur,2023-09-09,0.0,36.05,40.07,0.37
Sukkur,2023-09-10,0.0,35.62,36.81,0.36
Sukkur,2023-09-11,0.0,35.02,39.14,0.36
Sukkur,2023-09-12,0.0,34.09,47.36,0.36
Sukkur,2023-09-13,0.0,33.83,47.99,0.36
Sukkur,2023-09-14,0.0,34.71,46.41,0.35
Sukkur,2023-09-15,0.0,34.89,45.42,0.35
Sukkur,2023-09-16,0.0,35.21,45.73,0.35
Sukkur,2023-09-17,0.44,36.1,42.44,0.35
Sukkur,2023-09-18,0.9,35.09,46.8,0.35
Sukkur,2023-09-19,0.01,35.39,46.01,0.35
Sukkur,2023-09-20,0.11,35.03,48.38,0.35
Sukkur,2023-09-21,0.22,34.66,53.54,0.35
Sukkur,2023-09-22,0.0,35.17,48.05,0.35
Sukkur,2023-09-23,0.0,35.02,44.82,0.35
Sukkur,2023-09-24,0.0,34.28,36.03,0.34
Sukkur,2023-09-25,0.0,32.98,32.79,0.34
Sukkur,2023-09-26,0.0,33.61,32.68,0.34
Sukkur,2023-09-27,0.0,33.95,30.61,0.34
Sukkur,2023-09-28,0.0,34.84,23.94,0.34
Sukkur,2023-09-29,0.0,32.92,15.65,0.34
Sukkur,2023-09-30,0.0,31.1,12.33,0.34
Sukkur,2023-10-01,0.0,31.1,10.58,0.34
Sukkur,2023-10-02,0.0,31.57,9.57,0.34
Sukkur,2023-10-03,0.0,31.32,9.75,0.34
Sukkur,2023-10-04,0.0,31.98,12.01,0.34
Sukkur,2023-10-05,0.0,31.81,23.69,0.34
Sukkur,2023-10-06,0.0,32.49,38.09,0.34
Sukkur,2023-10-07,0.0,33.08,43.53,0.34
Sukkur,2023-10-08,0.0,33.58,17.77,0.34
Sukkur,2023-10-09,0.0,32.59,9.48,0.34
Sukkur,2023-10-10,0.0,30.05,11.0,0.34
Sukkur,2023-10-11,0.0,30.07,17.91,0.34
Sukkur,2023-10-12,0.0,31.47,24.35,0.34
Sukkur,2023-10-13,0.0,31.84,43.07,0.34
Sukkur,2023-10-14,0.0,31.81,41.06,0.34
Sukkur,2023-10-15,0.0,30.23,27.98,0.34
Sukkur,2023-10-16,0.6,29.95,27.84,0.34
Sukkur,2023-10-17,1.72,28.16,51.96,0.34
Sukkur,2023-10-18,0.0,27.19,49.15,0.34
Sukkur,2023-10-19,1.17,29.12,41.25,0.34
Sukkur,2023-10-20,0.0,30.18,39.05,0.34
Sukkur,2023-10-21,0.07,31.04,33.76,0.34
Sukkur,2023-10-22,0.04,30.76,33.21,0.34
Sukkur,2023-10-23,0.07,29.43,36.58,0.34
Sukkur,2023-10-24,0.07,29.62,29.72,0.34
Sukkur,2023-10-25,0.0,29.88,27.78,0.34
Sukkur,2023-10-26,0.0,30.87,24.26,0.34
Sukkur,2023-10-27,0.0,30.59,23.47,0.34
Sukkur,2023-10-28,0.17,29.72,25.73,0.34
Sukkur,2023-10-29,0.01,28.88,33.47,0.34
Sukkur,2023-10-30,0.0,29.18,29.45,0.34
Sukkur,2023-10-31,0.0,30.08,29.26,0.34
Sukkur,2023-11-01,0.0,30.2,27.2,0.34
Sukkur,2023-11-02,0.0,30.4,25.06,0.34
Sukkur,2023-11-03,0.0,28.95,23.27,0.34
Sukkur,2023-11-04,0.0,27.89,29.4,0.34
Sukkur,2023-11-05,0.0,28.08,31.2,0.34
Sukkur,2023-11-06,0.06,29.26,27.05,0.34
Sukkur,2023-11-07,1.38,27.67,38.95,0.34
Sukkur,2023-11-08,0.12,28.18,35.16,0.34
Sukkur,2023-11-09,2.96,26.91,36.79,0.35
Sukkur,2023-11-10,0.0,23.83,30.42,0.35
Sukkur,2023-11-11,0.0,22.86,38.51,0.35
Sukkur,2023-11-12,0.0,24.24,25.38,0.34
Sukkur,2023-11-13,0.0,23.55,25.82,0.34
Sukkur,2023-11-14,0.0,23.54,30.59,0.34
Sukkur,2023-11-15,0.0,22.91,32.7,0.34
Sukkur,2023-11-16,0.0,23.76,27.69,0.34
Sukkur,2023-11-17,0.0,21.89,29.07,0.34
Sukkur,2023-11-18,0.0,21.16,33.62,0.34
Sukkur,2023-11-19,0.0,21.97,35.21,0.34
Sukkur,2023-11-20,0.0,21.78,41.87,0.34
Sukkur,2023-11-21,0.0,22.4,37.36,0.34
Sukkur,2023-11-22,0.0,22.85,35.39,0.34
Sukkur,2023-11-23,0.0,24.36,33.3,0.34
Sukkur,2023-11-24,0.0,21.75,39.1,0.34
Sukkur,2023-11-25,0.0,22.1,37.84,0.34
Sukkur,2023-11-26,0.5,21.23,41.85,0.34
Sukkur,2023-11-27,0.02,19.78,50.18,0.34
Sukkur,2023-11-28,0.0,20.61,48.01,0.34
Sukkur,2023-11-29,0.0,20.5,41.55,0.34
Sukkur,2023-11-30,0.0,21.76,38.78,0.34
Sukkur,2023-12-01,0.0,21.21,43.85,0.34
Sukkur,2023-12-02,0.0,21.2,43.57,0.34
Sukkur,2023-12-03,0.0,21.56,39.37,0.34
Sukkur,2023-12-04,0.0,21.72,30.02,0.34
Sukkur,2023-12-05,0.0,20.93,27.15,0.34
Sukkur,2023-12-06,0.0,19.32,33.97,0.34
Sukkur,2023-12-07,0.0,19.92,32.79,0.34
Sukkur,2023-12-08,0.0,19.55,30.8,0.34
Sukkur,2023-12-09,0.0,19.71,20.02,0.34
Sukkur,2023-12-10,0.0,18.87,18.04,0.34
Sukkur,2023-12-11,0.0,20.06,19.24,0.34
Sukkur,2023-12-12,0.0,17.95,21.79,0.34
Sukkur,2023-12-13,0.0,17.56,27.3,0.34
Sukkur,2023-12-14,0.0,18.28,26.06,0.34
Sukkur,2023-12-15,0.0,18.02,27.37,0.34
Sukkur,2023-12-16,0.0,18.28,29.82,0.34
Sukkur,2023-12-17,0.0,17.03,31.5,0.34
Sukkur,2023-12-18,0.0,16.6,38.83,0.34
Sukkur,2023-12-19,0.0,18.5,27.48,0.34
Sukkur,2023-12-20,0.0,18.43,22.28,0.34
Sukkur,2023-12-21,0.0,19.36,16.9,0.34
Sukkur,2023-12-22,0.0,20.43,18.23,0.34
Sukkur,2023-12-23,0.0,18.57,22.71,0.34
Sukkur,2023-12-24,0.0,17.58,23.12,0.34
Sukkur,2023-12-25,0.0,18.23,35.8,0.34
Sukkur,2023-12-26,0.0,19.74,26.3,0.34
Sukkur,2023-12-27,0.0,19.17,27.06,0.34
Sukkur,2023-12-28,0.0,18.03,34.67,0.34
Sukkur,2023-12-29,0.0,18.73,31.25,0.34
Sukkur,2023-12-30,0.0,16.97,34.15,0.34
Sukkur,2023-12-31,0.0,17.67,32.34,0.34
Sukkur,2024-01-01,0.0,17.22,32.58,0.34
Sukkur,2024-01-02,0.0,16.73,34.27,0.34
Sukkur,2024-01-03,0.0,16.14,32.34,0.34
Sukkur,2024-01-04,0.0,15.51,34.59,0.34
Sukkur,2024-01-05,4.34,15.92,42.24,0.35
Sukkur,2024-01-06,0.02,16.58,51.2,0.35
Sukkur,2024-01-07,0.0,16.4,41.42,0.35
Sukkur,2024-01-08,0.71,15.3,46.83,0.35
Sukkur,2024-01-09,0.0,14.49,53.22,0.35
Sukkur,2024-01-10,1.89,14.82,46.05,0.35
Sukkur,2024-01-11,0.0,14.84,46.45,0.35
Sukkur,2024-01-12,0.13,16.83,33.53,0.35
Sukkur,2024-01-13,0.0,18.87,30.79,0.35
Sukkur,2024-01-14,0.0,18.33,33.22,0.35
Sukkur,2024-01-15,0.0,17.25,32.59,0.35
Sukkur,2024-01-16,0.0,17.77,31.21,0.34
Sukkur,2024-01-17,0.0,17.55,34.49,0.34
Sukkur,2024-01-18,0.0,17.15,33.27,0.34
Sukkur,2024-01-19,0.0,18.34,32.47,0.34
Sukkur,2024-01-20,0.0,17.83,33.09,0.34
Sukkur,2024-01-21,0.0,18.64,34.23,0.34
Sukkur,2024-01-22,0.0,18.91,32.06,0.34
Sukkur,2024-01-23,0.0,16.31,22.32,0.34
Sukkur,2024-01-24,0.0,16.42,20.11,0.34
Sukkur,2024-01-25,0.0,15.85,24.59,0.34
Sukkur,2024-01-26,0.0,15.67,31.57,0.34
Sukkur,2024-01-27,0.0,17.7,29.94,0.34
Sukkur,2024-01-28,0.0,18.94,37.57,0.34
Sukkur,2024-01-29,0.0,20.17,57.8,0.34
Sukkur,2024-01-30,0.01,21.17,45.03,0.34
Sukkur,2024-01-31,0.0,21.79,39.72,0.34
Sukkur,2024-02-01,0.01,19.98,17.85,0.34
Sukkur,2024-02-02,0.09,18.91,17.89,0.34
Sukkur,2024-02-03,8.22,17.72,56.22,0.35
Sukkur,2024-02-04,0.03,16.63,65.26,0.36
Sukkur,2024-02-05,0.0,16.39,46.53,0.35
Sukkur,2024-02-06,0.02,17.44,43.75,0.35
Sukkur,2024-02-07,0.0,18.05,39.32,0.35
Sukkur,2024-02-08,0.0,17.74,36.41,0.35
Sukkur,2024-02-09,0.0,18.72,28.19,0.35
Sukkur,2024-02-10,0.0,19.04,28.12,0.35
Sukkur,2024-02-11,0.0,18.7,23.16,0.35
Sukkur,2024-02-12,0.0,18.9,21.61,0.35
Sukkur,2024-02-13,0.0,19.74,22.6,0.34
Sukkur,2024-02-14,0.0,20.36,25.51,0.34
Sukkur,2024-02-15,0.0,20.52,25.14,0.34
Sukkur,2024-02-16,0.0,21.36,20.25,0.34
Sukkur,2024-02-17,0.0,21.35,21.11,0.34
Sukkur,2024-02-18,0.0,23.64,38.73,0.34
Sukkur,2024-02-19,0.0,24.13,43.68,0.34
Sukkur,2024-02-20,0.22,21.19,17.82,0.34
Sukkur,2024-02-21,0.0,19.68,17.61,0.34
Sukkur,2024-02-22,0.0,19.63,16.88,0.34
Sukkur,2024-02-23,0.0,18.05,12.37,0.34
Sukkur,2024-02-24,0.0,17.82,15.16,0.34
Sukkur,2024-02-25,0.0,18.36,17.5,0.34
Sukkur,2024-02-26,0.13,17.7,40.98,0.34
Sukkur,2024-02-27,7.37,16.93,61.69,0.35
Sukkur,2024-02-28,0.47,20.22,51.09,0.35
Sukkur,2024-02-29,1.86,23.36,40.26,0.35
Sukkur,2024-03-01,5.48,18.65,72.89,0.36
Sukkur,2024-03-02,0.0,14.92,38.05,0.36
Sukkur,2024-03-03,0.0,13.31,28.08,0.36
Sukkur,2024-03-04,0.0,14.36,28.44,0.36
Sukkur,2024-03-05,0.0,16.2,27.27,0.35
Sukkur,2024-03-06,0.01,19.18,28.87,0.35
Sukkur,2024-03-07,0.0,19.51,38.48,0.35
Sukkur,2024-03-08,0.0,20.25,31.86,0.35
Sukkur,2024-03-09,0.0,22.09,25.92,0.35
Sukkur,2024-03-10,13.62,20.99,43.59,0.36
Sukkur,2024-03-11,0.0,22.56,49.72,0.37
Sukkur,2024-03-12,3.04,24.16,45.78,0.37
Sukkur,2024-03-13,0.15,21.88,53.07,0.37
Sukkur,2024-03-14,0.0,21.06,31.55,0.37
Sukkur,2024-03-15,0.0,22.74,35.28,0.36
Sukkur,2024-03-16,0.0,24.33,28.42,0.36
Sukkur,2024-03-17,0.0,24.93,25.45,0.36
Sukkur,2024-03-18,0.0,27.17,22.78,0.36
Sukkur,2024-03-19,0.0,27.33,26.96,0.35
Sukkur,2024-03-20,0.0,28.12,26.26,0.35
Sukkur,2024-03-21,0.0,30.09,25.71,0.35
Sukkur,2024-03-22,0.0,28.89,29.31,0.35
Sukkur,2024-03-23,0.0,29.56,28.66,0.35
Sukkur,2024-03-24,0.0,30.45,32.93,0.35
Sukkur,2024-03-25,0.0,31.12,29.46,0.35
Sukkur,2024-03-26,0.0,32.5,28.77,0.34
Sukkur,2024-03-27,0.0,31.73,36.75,0.34
Sukkur,2024-03-28,0.0,29.19,39.67,0.34
Sukkur,2024-03-29,0.0,28.16,35.42,0.34
Sukkur,2024-03-30,0.02,27.82,31.72,0.34
Sukkur,2024-03-31,0.0,26.23,16.14,0.34
Sukkur,2024-04-01,0.0,28.17,19.74,0.34
Sukkur,2024-04-02,0.0,29.1,17.32,0.34
Sukkur,2024-04-03,0.0,28.68,20.82,0.34
Sukkur,2024-04-04,0.0,28.29,24.46,0.34
Sukkur,2024-04-05,0.0,30.07,12.58,0.34
Sukkur,2024-04-06,0.0,29.9,15.49,0.34
Sukkur,2024-04-07,0.0,31.24,13.38,0.34
Sukkur,2024-04-08,0.0,32.39,12.57,0.34
Sukkur,2024-04-09,0.0,32.92,14.39,0.34
Sukkur,2024-04-10,0.0,33.11,13.24,0.34
Sukkur,2024-04-11,0.0,33.05,16.89,0.34
Sukkur,2024-04-12,0.0,33.11,22.62,0.34
Sukkur,2024-04-13,1.42,30.61,36.33,0.34
Sukkur,2024-04-14,0.38,25.17,55.41,0.34
Sukkur,2024-04-15,0.04,28.24,44.62,0.34
Sukkur,2024-04-16,0.0,28.82,31.69,0.34
Sukkur,2024-04-17,0.88,30.98,28.09,0.34
Sukkur,2024-04-18,0.24,31.1,31.94,0.34
Sukkur,2024-04-19,0.0,29.87,34.6,0.34
Sukkur,2024-04-20,0.02,29.56,27.49,0.34
Sukkur,2024-04-21,0.0,30.71,20.78,0.34
Sukkur,2024-04-22,0.0,31.16,18.02,0.34
Sukkur,2024-04-23,0.0,31.48,14.74,0.34
Sukkur,2024-04-24,0.0,33.58,16.32,0.34
Sukkur,2024-04-25,0.0,32.44,25.93,0.34
Sukkur,2024-04-26,0.52,32.73,25.51,0.34
Sukkur,2024-04-27,2.6,31.27,37.27,0.34
Sukkur,2024-04-28,0.0,31.63,25.69,0.34
Sukkur,2024-04-29,0.0,29.19,15.35,0.34
Sukkur,2024-04-30,0.0,27.23,12.71,0.34
Sukkur,2024-05-01,0.0,28.38,16.89,0.34
Sukkur,2024-05-02,0.0,31.51,13.53,0.34
Sukkur,2024-05-03,0.93,32.39,20.31,0.34
Sukkur,2024-05-04,0.0,33.66,33.71,0.34
Sukkur,2024-05-05,0.0,34.45,27.21,0.34
Sukkur,2024-05-06,0.0,36.7,19.21,0.34
Sukkur,2024-05-07,0.0,37.83,18.33,0.34
Sukkur,2024-05-08,0.0,38.13,19.86,0.34
Sukkur,2024-05-09,0.0,38.23,21.61,0.34
Sukkur,2024-05-10,0.0,37.41,21.91,0.34
Sukkur,2024-05-11,0.0,34.95,31.12,0.34
Sukkur,2024-05-12,0.0,35.81,20.01,0.34
Sukkur,2024-05-13,0.0,36.11,15.37,0.34
Sukkur,2024-05-14,0.0,37.07,24.28,0.34
Sukkur,2024-05-15,0.0,37.93,22.63,0.34
Sukkur,2024-05-16,0.0,38.51,19.33,0.34
Sukkur,2024-05-17,0.0,38.77,15.78,0.34
Sukkur,2024-05-18,0.0,39.05,15.76,0.34
Sukkur,2024-05-19,21.46,35.8,36.22,0.37
Sukkur,2024-05-20,0.0,36.68,32.47,0.37
Sukkur,2024-05-21,0.0,36.65,24.22,0.36
Sukkur,2024-05-22,0.0,37.94,19.34,0.36
Sukkur,2024-05-23,0.0,38.37,20.4,0.35
Sukkur,2024-05-24,0.0,39.83,19.2,0.35
Sukkur,2024-05-25,0.0,40.19,19.13,0.35
Sukkur,2024-05-26,0.0,40.81,17.8,0.34
Sukkur,2024-05-27,0.0,40.67,14.69,0.34
Sukkur,2024-05-28,0.0,40.47,11.76,0.34
Sukkur,2024-05-29,0.0,38.42,9.74,0.34
Sukkur,2024-05-30,0.0,38.87,10.48,0.34
Sukkur,2024-05-31,0.0,38.03,14.41,0.34
Sukkur,2024-06-01,0.0,36.97,31.76,0.34
Sukkur,2024-06-02,0.0,38.27,26.85,0.34
Sukkur,2024-06-03,0.0,38.57,30.49,0.34
Sukkur,2024-06-04,0.04,37.87,40.55,0.34
Sukkur,2024-06-05,0.0,38.55,40.96,0.34
Sukkur,2024-06-06,0.18,38.0,42.15,0.34
Sukkur,2024-06-07,0.11,37.84,35.96,0.34
Sukkur,2024-06-08,0.16,37.16,31.44,0.34
Sukkur,2024-06-09,0.0,38.47,28.64,0.34
Sukkur,2024-06-10,0.0,38.77,26.79,0.34
Sukkur,2024-06-11,0.0,39.07,26.11,0.34
Sukkur,2024-06-12,0.0,38.49,34.43,0.34
Sukkur,2024-06-13,0.0,38.21,38.52,0.34
Sukkur,2024-06-14,0.0,37.63,41.06,0.34
Sukkur,2024-06-15,0.0,37.75,40.01,0.34
Sukkur,2024-06-16,0.0,38.95,35.97,0.34
Sukkur,2024-06-17,0.0,38.88,36.14,0.34
Sukkur,2024-06-18,0.0,39.16,37.84,0.34
Sukkur,2024-06-19,0.0,39.13,31.67,0.34
Sukkur,2024-06-20,0.01,38.56,37.35,0.34
Sukkur,2024-06-21,12.14,34.44,51.85,0.35
Sukkur,2024-06-22,0.19,35.8,41.7,0.35
Sukkur,2024-06-23,0.0,39.33,29.65,0.35
Sukkur,2024-06-24,0.32,40.55,26.26,0.35
Sukkur,2024-06-25,0.0,41.56,21.75,0.34
Sukkur,2024-06-26,0.0,41.56,22.28,0.34
Sukkur,2024-06-27,0.15,41.32,28.47,0.34
Sukkur,2024-06-28,0.37,37.56,45.85,0.34
Sukkur,2024-06-29,0.0,37.44,44.81,0.34
Sukkur,2024-06-30,0.04,39.1,40.59,0.34
Sukkur,2024-07-01,0.02,40.09,37.51,0.34
Sukkur,2024-07-02,0.0,40.08,34.92,0.34
Sukkur,2024-07-03,0.0,40.15,36.78,0.34
Sukkur,2024-07-04,0.0,39.99,38.0,0.34
Sukkur,2024-07-05,0.0,39.42,37.5,0.34
Sukkur,2024-07-06,0.02,38.85,41.51,0.34
Sukkur,2024-07-07,0.03,37.47,47.05,0.34
Sukkur,2024-07-08,0.19,37.65,44.73,0.34
Sukkur,2024-07-09,3.43,39.33,39.21,0.34
Sukkur,2024-07-10,1.69,39.62,38.8,0.34
Sukkur,2024-07-11,0.0,38.88,41.66,0.34
Sukkur,2024-07-12,0.0,38.16,44.95,0.34
Sukkur,2024-07-13,0.0,37.2,45.46,0.34
Sukkur,2024-07-14,0.0,39.12,39.81,0.34
Sukkur,2024-07-15,0.0,40.23,36.03,0.34
Sukkur,2024-07-16,0.0,41.05,31.72,0.34
Sukkur,2024-07-17,0.0,41.12,32.7,0.34
Sukkur,2024-07-18,0.21,39.67,41.6,0.34
Sukkur,2024-07-19,0.08,38.42,43.67,0.34
Sukkur,2024-07-20,1.95,38.88,41.74,0.34
Sukkur,2024-07-21,0.67,39.43,39.25,0.34
Sukkur,2024-07-22,0.0,39.97,37.16,0.34
Sukkur,2024-07-23,0.11,38.78,40.67,0.34
Sukkur,2024-07-24,0.14,39.42,41.19,0.34
Sukkur,2024-07-25,0.01,38.59,44.43,0.34
Sukkur,2024-07-26,0.0,39.68,42.23,0.34
Sukkur,2024-07-27,0.0,39.8,39.11,0.34
Sukkur,2024-07-28,0.0,39.04,37.07,0.34
Sukkur,2024-07-29,0.13,39.43,38.57,0.34
Sukkur,2024-07-30,6.48,38.44,45.23,0.35
Sukkur,2024-07-31,1.06,35.77,56.33,0.35
Sukkur,2024-08-01,0.17,35.18,56.0,0.35
Sukkur,2024-08-02,14.94,33.69,65.28,0.36
Sukkur,2024-08-03,13.93,32.36,72.98,0.38
Sukkur,2024-08-04,57.8,31.43,79.27,0.47
Sukkur,2024-08-05,163.92,31.71,77.67,0.53
Sukkur,2024-08-06,2.19,30.58,80.58,0.57
Sukkur,2024-08-07,1.02,31.15,75.64,0.55
Sukkur,2024-08-08,0.38,32.25,71.45,0.54
Sukkur,2024-08-09,0.51,32.84,71.1,0.53
Sukkur,2024-08-10,0.0,31.52,75.22,0.52
Sukkur,2024-08-11,0.0,32.89,69.02,0.52
Sukkur,2024-08-12,0.0,32.54,69.55,0.51
Sukkur,2024-08-13,0.0,33.33,66.04,0.5
Sukkur,2024-08-14,0.0,33.12,68.71,0.5
Sukkur,2024-08-15,2.11,33.72,65.38,0.49
Sukkur,2024-08-16,2.6,32.42,69.34,0.49
Sukkur,2024-08-17,40.1,30.16,82.53,0.51
Sukkur,2024-08-18,78.38,28.84,92.62,0.62
Sukkur,2024-08-19,4.15,29.66,82.87,0.67
Sukkur,2024-08-20,0.62,31.0,79.2,0.64
Sukkur,2024-08-21,0.63,31.32,78.72,0.63
Sukkur,2024-08-22,0.79,31.36,78.81,0.62
Sukkur,2024-08-23,0.02,31.84,73.69,0.61
Sukkur,2024-08-24,0.07,32.43,72.8,0.6
Sukkur,2024-08-25,0.0,33.11,67.16,0.59
Sukkur,2024-08-26,0.02,32.17,71.13,0.58
Sukkur,2024-08-27,1.4,30.38,76.3,0.57
Sukkur,2024-08-28,5.4,28.21,87.1,0.57
Sukkur,2024-08-29,2.4,30.15,78.56,0.57
Sukkur,2024-08-30,8.45,29.6,78.95,0.57
Sukkur,2024-08-31,8.52,29.51,75.67,0.58
Sukkur,2024-09-01,0.0,29.6,73.76,0.57
Sukkur,2024-09-02,0.0,30.56,70.1,0.56
Sukkur,2024-09-03,0.32,30.52,71.31,0.55
Sukkur,2024-09-04,4.87,30.33,75.14,0.55
Sukkur,2024-09-05,0.02,31.55,69.32,0.55
Sukkur,2024-09-06,0.0,31.53,67.72,0.54
Sukkur,2024-09-07,0.0,31.1,68.03,0.53
Sukkur,2024-09-08,0.0,32.21,64.75,0.52
Sukkur,2024-09-09,0.0,31.87,64.85,0.52
Sukkur,2024-09-10,0.0,31.89,62.04,0.51
Sukkur,2024-09-11,0.0,32.45,57.0,0.5
Sukkur,2024-09-12,0.0,32.34,54.89,0.49
Sukkur,2024-09-13,0.0,30.1,62.69,0.49
Sukkur,2024-09-14,0.0,29.76,60.47,0.48
Sukkur,2024-09-15,0.0,29.99,64.46,0.48
Sukkur,2024-09-16,0.0,30.97,62.26,0.47
Sukkur,2024-09-17,0.0,30.81,62.07,0.47
Sukkur,2024-09-18,0.0,31.62,59.04,0.46
Sukkur,2024-09-19,0.0,32.78,51.74,0.46
Sukkur,2024-09-20,0.0,33.2,47.61,0.46
Sukkur,2024-09-21,0.0,33.85,52.69,0.45
Sukkur,2024-09-22,0.0,34.33,52.64,0.45
Sukkur,2024-09-23,0.0,34.44,53.66,0.44
Sukkur,2024-09-24,0.0,34.48,50.94,0.44
Sukkur,2024-09-25,0.0,33.67,51.17,0.43
Sukkur,2024-09-26,0.0,34.23,49.57,0.43
Sukkur,2024-09-27,0.0,35.44,46.52,0.42
Sukkur,2024-09-28,0.0,34.64,46.74,0.42
Sukkur,2024-09-29,0.0,33.9,51.44,0.42
Sukkur,2024-09-30,0.0,33.65,49.24,0.41
Sukkur,2024-10-01,0.0,33.1,48.63,0.41
Sukkur,2024-10-02,0.0,33.15,36.94,0.41
Sukkur,2024-10-03,0.0,32.01,33.86,0.4
Sukkur,2024-10-04,0.0,31.23,50.27,0.4
Sukkur,2024-10-05,0.0,30.96,55.33,0.4
Sukkur,2024-10-06,0.0,31.41,55.08,0.4
Sukkur,2024-10-07,0.04,31.83,46.26,0.39
Sukkur,2024-10-08,0.05,31.36,48.76,0.39
Sukkur,2024-10-09,0.0,31.68,44.27,0.39
Sukkur,2024-10-10,0.0,30.91,35.04,0.39
Sukkur,2024-10-11,0.0,30.99,30.66,0.38
Sukkur,2024-10-12,0.0,30.99,31.13,0.38
Sukkur,2024-10-13,0.0,30.4,34.21,0.38
Sukkur,2024-10-14,0.0,30.28,46.09,0.38
Sukkur,2024-10-15,0.0,30.45,39.78,0.38
Sukkur,2024-10-16,0.0,30.85,34.35,0.37
Sukkur,2024-10-17,0.0,31.63,25.17,0.37
Sukkur,2024-10-18,0.0,31.03,24.8,0.37
Sukkur,2024-10-19,0.0,29.75,28.38,0.37
Sukkur,2024-10-20,0.0,30.36,27.58,0.37
Sukkur,2024-10-21,0.0,29.81,30.68,0.36
Sukkur,2024-10-22,0.0,29.4,34.35,0.36
Sukkur,2024-10-23,0.0,29.59,35.57,0.36
Sukkur,2024-10-24,0.0,30.27,32.01,0.36
Sukkur,2024-10-25,0.0,31.38,30.34,0.36
Sukkur,2024-10-26,0.0,31.35,29.96,0.36
Sukkur,2024-10-27,0.0,31.34,26.23,0.35
Sukkur,2024-10-28,0.0,30.02,22.64,0.35
Sukkur,2024-10-29,0.0,29.09,26.92,0.35
Sukkur,2024-10-30,0.0,29.2,26.92,0.35
Sukkur,2024-10-31,0.0,29.61,29.42,0.35
Sukkur,2024-11-01,0.0,29.1,29.04,0.35
Sukkur,2024-11-02,0.0,28.84,23.94,0.35
Sukkur,2024-11-03,0.0,29.4,24.29,0.35
Sukkur,2024-11-04,0.0,29.1,30.67,0.35
Sukkur,2024-11-05,0.0,29.22,33.88,0.35
Sukkur,2024-11-06,0.0,29.67,38.21,0.35
Sukkur,2024-11-07,0.0,29.41,38.53,0.35
Sukkur,2024-11-08,0.0,29.67,34.86,0.35
Sukkur,2024-11-09,0.0,28.81,28.91,0.34
Sukkur,2024-11-10,0.0,28.47,33.23,0.34
Sukkur,2024-11-11,0.0,27.1,21.71,0.34
Sukkur,2024-11-12,0.0,26.11,20.16,0.34
Sukkur,2024-11-13,0.0,25.42,28.45,0.34
Sukkur,2024-11-14,0.0,26.72,28.48,0.34
Sukkur,2024-11-15,0.0,26.39,33.95,0.34
Sukkur,2024-11-16,0.0,24.18,27.54,0.34
Sukkur,2024-11-17,0.0,22.88,27.18,0.34
Sukkur,2024-11-18,0.0,24.71,27.53,0.34
Sukkur,2024-11-19,0.0,24.09,26.81,0.34
Sukkur,2024-11-20,0.0,24.06,28.73,0.34
Sukkur,2024-11-21,0.0,23.45,31.38,0.34
Sukkur,2024-11-22,0.0,23.64,31.89,0.34
Sukkur,2024-11-23,0.0,24.83,27.58,0.34
Sukkur,2024-11-24,0.0,23.65,25.94,0.34
Sukkur,2024-11-25,0.0,22.44,35.53,0.34
Sukkur,2024-11-26,0.0,24.1,30.48,0.34
Sukkur,2024-11-27,0.0,23.06,23.01,0.34
Sukkur,2024-11-28,0.0,23.84,22.02,0.34
Sukkur,2024-11-29,0.0,23.5,27.57,0.34
Sukkur,2024-11-30,5.98,21.43,40.37,0.35
Sukkur,2024-12-01,0.28,22.21,42.44,0.35
Sukkur,2024-12-02,0.89,21.53,54.04,0.35
Sukkur,2024-12-03,0.1,21.52,54.67,0.35
Sukkur,2024-12-04,0.0,21.53,51.93,0.35
Sukkur,2024-12-05,0.0,20.15,36.05,0.35
Sukkur,2024-12-06,0.0,17.39,24.43,0.35
Sukkur,2024-12-07,0.0,16.65,20.67,0.35
Sukkur,2024-12-08,0.0,16.6,17.71,0.35
Sukkur,2024-12-09,0.0,15.09,17.66,0.35
Sukkur,2024-12-10,0.0,15.58,22.4,0.35
Sukkur,2024-12-11,0.0,15.82,22.52,0.35
Sukkur,2024-12-12,0.0,15.63,23.6,0.35
Sukkur,2024-12-13,0.0,15.59,24.42,0.34
Sukkur,2024-12-14,0.0,15.95,20.49,0.34
Sukkur,2024-12-15,0.0,17.09,17.51,0.34
Sukkur,2024-12-16,0.0,17.2,26.54,0.34
Sukkur,2024-12-17,0.0,15.52,24.25,0.34
Sukkur,2024-12-18,0.0,16.19,27.49,0.34
Sukkur,2024-12-19,0.0,14.98,21.6,0.34
Sukkur,2024-12-20,0.0,13.33,26.26,0.34
Sukkur,2024-12-21,0.0,13.74,25.35,0.34
Sukkur,2024-12-22,0.0,13.78,29.89,0.34
Sukkur,2024-12-23,0.0,14.6,28.01,0.34
Sukkur,2024-12-24,0.0,14.26,42.5,0.34
Sukkur,2024-12-25,0.0,14.8,45.11,0.34
Sukkur,2024-12-26,0.0,14.86,37.99,0.34
Sukkur,2024-12-27,0.0,14.97,26.13,0.34
Sukkur,2024-12-28,0.0,14.67,19.73,0.34
Sukkur,2024-12-29,0.0,15.57,24.33,0.34
Sukkur,2024-12-30,0.0,15.37,30.9,0.34
Sukkur,2024-12-31,0.0,16.63,25.19,0.34
Peshawar,2020-01-01,0.38,4.99,63.49,0.51
Peshawar,2020-01-02,1.34,3.93,85.82,0.51
Peshawar,2020-01-03,3.96,4.86,81.77,0.51
Peshawar,2020-01-04,0.54,5.07,63.27,0.52
Peshawar,2020-01-05,4.24,3.7,72.44,0.52
Peshawar,2020-01-06,11.33,2.54,90.99,0.53
Peshawar,2020-01-07,1.5,3.45,74.25,0.54
Peshawar,2020-01-08,0.06,2.98,48.62,0.54
Peshawar,2020-01-09,0.01,3.92,37.07,0.54
Peshawar,2020-01-10,0.0,4.84,38.5,0.54
Peshawar,2020-01-11,0.51,5.9,46.51,0.54
Peshawar,2020-01-12,6.38,5.2,71.24,0.54
Peshawar,2020-01-13,17.82,2.9,92.46,0.56
Peshawar,2020-01-14,3.55,2.72,80.43,0.58
Peshawar,2020-01-15,0.04,4.36,62.56,0.58
Peshawar,2020-01-16,0.0,5.55,49.43,0.58
Peshawar,2020-01-17,0.0,5.44,45.37,0.58
Peshawar,2020-01-18,0.0,6.02,48.77,0.58
Peshawar,2020-01-19,0.0,5.4,48.74,0.58
Peshawar,2020-01-20,0.2,5.74,60.72,0.58
Peshawar,2020-01-21,5.84,3.48,86.05,0.58
Peshawar,2020-01-22,0.04,5.1,69.44,0.59
Peshawar,2020-01-23,0.0,5.42,43.9,0.58
Peshawar,2020-01-24,0.0,6.59,48.97,0.58
Peshawar,2020-01-25,0.0,7.71,60.88,0.58
Peshawar,2020-01-26,0.0,7.05,57.26,0.58
Peshawar,2020-01-27,0.06,5.75,68.93,0.58
Peshawar,2020-01-28,2.8,6.02,71.17,0.58
Peshawar,2020-01-29,1.44,4.51,84.09,0.58
Peshawar,2020-01-30,0.0,6.58,67.35,0.58
Peshawar,2020-01-31,0.0,5.47,62.23,0.58
Peshawar,2020-02-01,0.0,6.92,54.95,0.58
Peshawar,2020-02-02,0.0,7.96,49.12,0.58
Peshawar,2020-02-03,0.58,7.81,50.27,0.58
Peshawar,2020-02-04,0.52,5.24,77.3,0.58
Peshawar,2020-02-05,0.0,5.47,64.12,0.58
Peshawar,2020-02-06,0.0,7.63,42.57,0.57
Peshawar,2020-02-07,0.01,7.7,41.77,0.57
Peshawar,2020-02-08,0.0,8.8,37.21,0.57
Peshawar,2020-02-09,0.0,9.56,43.24,0.57
Peshawar,2020-02-10,0.14,10.0,51.12,0.57
Peshawar,2020-02-11,2.85,7.85,77.61,0.57
Peshawar,2020-02-12,2.02,8.23,83.49,0.57
Peshawar,2020-02-13,3.93,10.12,72.16,0.58
Peshawar,2020-02-14,0.0,10.26,33.11,0.58
Peshawar,2020-02-15,0.0,11.7,35.49,0.57
Peshawar,2020-02-16,0.0,12.69,28.12,0.57
Peshawar,2020-02-17,0.0,11.8,31.99,0.57
Peshawar,2020-02-18,0.0,12.92,39.18,0.56
Peshawar,2020-02-19,3.5,8.64,63.83,0.56
Peshawar,2020-02-20,6.96,9.58,69.42,0.58
Peshawar,2020-02-21,0.0,12.21,54.58,0.58
Peshawar,2020-02-22,0.0,12.9,61.05,0.57
Peshawar,2020-02-23,0.0,13.47,58.48,0.57
Peshawar,2020-02-24,88.35,13.07,63.61,0.6
Peshawar,2020-02-25,1.17,13.97,64.86,0.64
Peshawar,2020-02-26,0.0,15.14,61.3,0.64
Peshawar,2020-02-27,7.42,15.53,67.95,0.63
Peshawar,2020-02-28,8.22,11.54,83.91,0.65
Peshawar,2020-02-29,30.49,10.51,86.38,0.68
Peshawar,2020-03-01,3.44,12.65,76.99,0.7
Peshawar,2020-03-02,0.0,13.57,67.22,0.7
Peshawar,2020-03-03,0.1,14.27,66.84,0.69
Peshawar,2020-03-04,18.25,10.93,89.16,0.7
Peshawar,2020-03-05,14.38,9.49,87.1,0.73
Peshawar,2020-03-06,14.0,8.97,85.72,0.75
Peshawar,2020-03-07,19.25,8.67,87.53,0.77
Peshawar,2020-03-08,17.98,7.94,77.38,0.79
Peshawar,2020-03-09,0.08,9.09,65.47,0.8
Peshawar,2020-03-10,30.77,8.32,73.67,0.8
Peshawar,2020-03-11,4.07,9.33,80.04,0.81
Peshawar,2020-03-12,15.72,7.68,90.23,0.83
Peshawar,2020-03-13,0.0,9.55,66.21,0.83
Peshawar,2020-03-14,0.0,11.48,65.02,0.83
Peshawar,2020-03-15,0.01,12.29,65.88,0.82
Peshawar,2020-03-16,0.03,13.54,70.61,0.81
Peshawar,2020-03-17,1.07,14.37,75.55,0.81
Peshawar,2020-03-18,0.52,15.8,71.5,0.81
Peshawar,2020-03-19,0.03,16.42,70.2,0.8
Peshawar,2020-03-20,9.1,14.56,87.65,0.8
Peshawar,2020-03-21,15.39,13.39,87.25,0.82
Peshawar,2020-03-22,0.08,15.07,68.92,0.82
Peshawar,2020-03-23,9.96,14.54,77.82,0.82
Peshawar,2020-03-24,23.8,13.99,80.79,0.84
Peshawar,2020-03-25,7.89,12.57,84.73,0.86
Peshawar,2020-03-26,0.47,14.39,72.89,0.85
Peshawar,2020-03-27,28.89,13.25,81.18,0.86
Peshawar,2020-03-28,6.09,13.04,85.36,0.88
Peshawar,2020-03-29,1.31,14.54,71.97,0.88
Peshawar,2020-03-30,1.62,11.88,84.13,0.87
Peshawar,2020-03-31,41.48,10.25,90.79,0.89
Peshawar,2020-04-01,8.14,11.82,81.96,0.91
Peshawar,2020-04-02,0.3,13.3,64.87,0.91
Peshawar,2020-04-03,0.01,15.69,61.9,0.9
Peshawar,2020-04-04,0.2,17.25,65.13,0.89
Peshawar,2020-04-05,8.31,13.99,81.65,0.89
Peshawar,2020-04-06,3.8,14.03,79.47,0.89
Peshawar,2020-04-07,10.74,14.59,75.39,0.89
Peshawar,2020-04-08,0.03,16.0,69.74,0.89
Peshawar,2020-04-09,5.53,15.97,80.56,0.89
Peshawar,2020-04-10,0.3,17.25,75.46,0.89
Peshawar,2020-04-11,0.1,19.66,69.34,0.88
Peshawar,2020-04-12,0.04,21.96,67.78,0.87
Peshawar,2020-04-13,0.7,21.9,70.27,0.86
Peshawar,2020-04-14,56.75,20.33,79.43,0.88
Peshawar,2020-04-15,4.31,19.3,72.48,0.91
Peshawar,2020-04-16,0.21,19.44,60.81,0.9
Peshawar,2020-04-17,28.01,13.98,86.18,0.91
Peshawar,2020-04-18,11.13,14.99,75.66,0.92
Peshawar,2020-04-19,2.37,17.47,69.41,0.92
Peshawar,2020-04-20,3.95,17.42,71.69,0.91
Peshawar,2020-04-21,0.94,18.19,68.52,0.91
Peshawar,2020-04-22,0.02,19.81,67.55,0.9
Peshawar,2020-04-23,0.03,20.48,70.59,0.89
Peshawar,2020-04-24,0.14,20.89,67.77,0.88
Peshawar,2020-04-25,6.25,20.9,68.7,0.88
Peshawar,2020-04-26,1.88,21.36,70.39,0.88
Peshawar,2020-04-27,0.63,19.84,80.69,0.86
Peshawar,2020-04-28,12.72,17.14,90.22,0.87
Peshawar,2020-04-29,2.51,22.3,68.45,0.87
Peshawar,2020-04-30,0.48,23.29,63.47,0.86
Peshawar,2020-05-01,0.94,22.84,67.92,0.85
Peshawar,2020-05-02,17.87,22.58,65.22,0.85
Peshawar,2020-05-03,2.59,20.34,77.58,0.86
Peshawar,2020-05-04,3.79,19.69,75.03,0.86
Peshawar,2020-05-05,3.15,21.09,62.45,0.86
Peshawar,2020-05-06,0.22,20.74,53.32,0.85
Peshawar,2020-05-07,2.0,21.11,58.65,0.84
Peshawar,2020-05-08,2.61,22.78,69.91,0.83
Peshawar,2020-05-09,5.04,22.05,72.49,0.82
Peshawar,2020-05-10,1.78,23.12,65.16,0.82
Peshawar,2020-05-11,6.19,20.02,80.8,0.82
Peshawar,2020-05-12,1.91,20.92,71.63,0.81
Peshawar,2020-05-13,18.71,21.54,74.74,0.82
Peshawar,2020-05-14,115.61,19.29,85.65,0.87
Peshawar,2020-05-15,1.11,20.59,71.27,0.89
Peshawar,2020-05-16,0.96,22.0,63.05,0.88
Peshawar,2020-05-17,0.3,18.45,72.61,0.87
Peshawar,2020-05-18,0.71,20.56,56.92,0.86
Peshawar,2020-05-19,0.55,20.47,58.14,0.85
Peshawar,2020-05-20,0.69,23.32,51.98,0.84
Peshawar,2020-05-21,0.0,24.57,50.34,0.83
Peshawar,2020-05-22,0.8,25.15,52.45,0.81
Peshawar,2020-05-23,0.96,25.12,56.96,0.8
Peshawar,2020-05-24,0.34,26.04,53.41,0.79
Peshawar,2020-05-25,0.0,27.22,43.24,0.78
Peshawar,2020-05-26,0.0,26.97,46.03,0.77
Peshawar,2020-05-27,0.0,27.16,48.48,0.76
Peshawar,2020-05-28,0.2,26.45,51.76,0.74
Peshawar,2020-05-29,4.44,24.58,61.41,0.74
Peshawar,2020-05-30,5.88,21.67,74.66,0.74
Peshawar,2020-05-31,3.67,22.1,73.8,0.74
Peshawar,2020-06-01,3.47,22.1,78.09,0.74
Peshawar,2020-06-02,3.18,22.01,75.9,0.73
Peshawar,2020-06-03,0.76,22.27,73.2,0.73
Peshawar,2020-06-04,1.08,23.28,67.41,0.72
Peshawar,2020-06-05,0.1,25.39,60.33,0.71
Peshawar,2020-06-06,0.0,26.15,58.76,0.7
Peshawar,2020-06-07,0.01,25.99,61.52,0.69
Peshawar,2020-06-08,0.34,25.96,65.09,0.68
Peshawar,2020-06-09,5.01,26.26,71.15,0.68
Peshawar,2020-06-10,1.49,27.1,63.76,0.68
Peshawar,2020-06-11,0.73,25.77,68.13,0.67
Peshawar,2020-06-12,62.56,26.29,70.41,0.68
Peshawar,2020-06-13,26.57,25.07,66.84,0.73
Peshawar,2020-06-14,0.0,25.93,58.31,0.72
Peshawar,2020-06-15,0.0,27.23,44.0,0.71
Peshawar,2020-06-16,0.0,27.05,38.82,0.7
Peshawar,2020-06-17,0.0,27.5,43.25,0.68
Peshawar,2020-06-18,0.0,28.16,49.4,0.67
Peshawar,2020-06-19,42.95,27.79,55.52,0.67
Peshawar,2020-06-20,25.35,27.27,60.13,0.72
Peshawar,2020-06-21,0.0,28.67,60.56,0.71
Peshawar,2020-06-22,0.0,28.91,64.54,0.7
Peshawar,2020-06-23,2.31,28.42,68.92,0.69
Peshawar,2020-06-24,6.16,27.79,71.99,0.69
Peshawar,2020-06-25,0.52,27.4,66.35,0.68
Peshawar,2020-06-26,1.97,27.16,69.7,0.68
Peshawar,2020-06-27,0.12,28.32,50.34,0.67
Peshawar,2020-06-28,3.52,27.41,52.2,0.66
Peshawar,2020-06-29,2.31,25.71,51.86,0.66
Peshawar,2020-06-30,0.96,27.37,59.61,0.65
Peshawar,2020-07-01,1.39,28.08,59.87,0.64
Peshawar,2020-07-02,0.01,30.35,48.71,0.64
Peshawar,2020-07-03,0.0,29.13,38.75,0.63
Peshawar,2020-07-04,2.43,28.7,51.39,0.62
Peshawar,2020-07-05,0.98,24.93,64.8,0.62
Peshawar,2020-07-06,0.29,26.49,58.05,0.61
Peshawar,2020-07-07,0.23,28.78,58.22,0.6
Peshawar,2020-07-08,0.73,28.76,59.65,0.6
Peshawar,2020-07-09,3.07,28.63,63.39,0.59
Peshawar,2020-07-10,0.21,29.64,57.99,0.59
Peshawar,2020-07-11,0.18,29.1,51.79,0.58
Peshawar,2020-07-12,3.88,27.29,67.54,0.58
Peshawar,2020-07-13,0.94,27.56,59.78,0.58
Peshawar,2020-07-14,0.1,28.85,56.5,0.57
Peshawar,2020-07-15,0.49,29.98,55.81,0.57
Peshawar,2020-07-16,0.1,28.89,58.54,0.56
Peshawar,2020-07-17,0.88,28.23,64.34,0.56
Peshawar,2020-07-18,1.18,29.54,60.48,0.55
Peshawar,2020-07-19,0.28,30.54,54.46,0.55
Peshawar,2020-07-20,0.74,29.6,53.94,0.54
Peshawar,2020-07-21,7.72,27.22,62.05,0.54
Peshawar,2020-07-22,2.19,26.9,61.28,0.55
Peshawar,2020-07-23,0.0,28.56,57.5,0.54
Peshawar,2020-07-24,2.1,28.77,63.74,0.54
Peshawar,2020-07-25,4.53,29.5,63.54,0.54
Peshawar,2020-07-26,9.95,28.62,68.04,0.55
Peshawar,2020-07-27,0.94,29.52,62.18,0.55
Peshawar,2020-07-28,0.97,30.17,59.99,0.54
Peshawar,2020-07-29,2.3,30.44,54.12,0.54
Peshawar,2020-07-30,2.1,30.14,62.45,0.54
Peshawar,2020-07-31,1.12,29.86,65.92,0.54
Peshawar,2020-08-01,4.93,29.78,65.13,0.54
Peshawar,2020-08-02,0.89,29.96,62.96,0.53
Peshawar,2020-08-03,1.94,29.84,61.31,0.53
Peshawar,2020-08-04,3.2,29.62,59.95,0.53
Peshawar,2020-08-05,0.32,29.67,53.59,0.53
Peshawar,2020-08-06,1.17,30.74,56.3,0.53
Peshawar,2020-08-07,0.67,30.62,58.77,0.52
Peshawar,2020-08-08,2.41,29.84,64.44,0.52
Peshawar,2020-08-09,4.33,30.08,64.59,0.52
Peshawar,2020-08-10,4.08,29.25,67.5,0.52
Peshawar,2020-08-11,4.2,30.34,60.88,0.52
Peshawar,2020-08-12,3.07,30.22,63.76,0.52
Peshawar,2020-08-13,3.41,30.02,65.61,0.52
Peshawar,2020-08-14,0.56,30.3,60.91,0.52
Peshawar,2020-08-15,0.6,30.12,62.81,0.52
Peshawar,2020-08-16,0.16,30.52,60.4,0.51
Peshawar,2020-08-17,0.58,31.26,58.65,0.51
Peshawar,2020-08-18,2.65,30.94,61.22,0.51
Peshawar,2020-08-19,10.56,29.39,70.73,0.52
Peshawar,2020-08-20,6.69,27.13,74.44,0.53
Peshawar,2020-08-21,4.01,25.6,80.33,0.54
Peshawar,2020-08-22,0.33,27.13,70.91,0.53
Peshawar,2020-08-23,0.0,28.59,65.67,0.53
Peshawar,2020-08-24,0.07,29.34,63.47,0.52
Peshawar,2020-08-25,3.53,28.42,67.86,0.52
Peshawar,2020-08-26,10.04,25.24,84.28,0.54
Peshawar,2020-08-27,5.76,24.38,78.85,0.54
Peshawar,2020-08-28,5.12,25.57,74.23,0.55
Peshawar,2020-08-29,0.95,26.28,70.33,0.55
Peshawar,2020-08-30,0.27,25.94,67.94,0.54
Peshawar,2020-08-31,10.5,23.46,80.81,0.55
Peshawar,2020-09-01,35.24,22.08,84.28,0.6
Peshawar,2020-09-02,26.01,23.65,78.36,0.64
Peshawar,2020-09-03,8.58,25.15,77.2,0.65
Peshawar,2020-09-04,2.04,25.25,75.97,0.65
Peshawar,2020-09-05,0.6,25.45,69.81,0.65
Peshawar,2020-09-06,0.91,25.86,71.69,0.64
Peshawar,2020-09-07,0.94,25.58,68.54,0.64
Peshawar,2020-09-08,0.28,25.38,68.12,0.63
Peshawar,2020-09-09,0.03,25.18,72.15,0.62
Peshawar,2020-09-10,0.01,25.76,65.33,0.62
Peshawar,2020-09-11,0.0,25.86,60.97,0.61
Peshawar,2020-09-12,0.0,26.58,60.58,0.61
Peshawar,2020-09-13,0.0,26.08,58.25,0.6
Peshawar,2020-09-14,0.2,25.8,64.39,0.6
Peshawar,2020-09-15,0.51,26.07,63.83,0.59
Peshawar,2020-09-16,0.04,25.84,64.63,0.59
Peshawar,2020-09-17,0.0,26.52,56.49,0.58
Peshawar,2020-09-18,0.0,25.81,44.75,0.58
Peshawar,2020-09-19,0.0,24.38,37.0,0.57
Peshawar,2020-09-20,0.0,24.67,39.5,0.57
Peshawar,2020-09-21,0.0,24.05,34.93,0.56
Peshawar,2020-09-22,0.0,23.71,36.48,0.55
Peshawar,2020-09-23,0.0,23.79,43.75,0.55
Peshawar,2020-09-24,0.0,24.18,44.73,0.55
Peshawar,2020-09-25,0.0,24.93,50.18,0.54
Peshawar,2020-09-26,0.67,23.85,56.37,0.54
Peshawar,2020-09-27,0.99,22.53,64.37,0.54
Peshawar,2020-09-28,0.35,22.74,60.25,0.54
Peshawar,2020-09-29,0.38,22.31,56.35,0.53
Peshawar,2020-09-30,0.04,22.73,53.52,0.53
Peshawar,2020-10-01,0.0,22.54,49.94,0.53
Peshawar,2020-10-02,0.0,22.28,38.88,0.52
Peshawar,2020-10-03,0.0,22.38,36.48,0.52
Peshawar,2020-10-04,0.0,22.04,36.02,0.52
Peshawar,2020-10-05,0.0,22.44,34.24,0.52
Peshawar,2020-10-06,0.0,22.41,35.58,0.51
Peshawar,2020-10-07,0.0,21.89,37.83,0.51
Peshawar,2020-10-08,0.0,22.24,41.12,0.51
Peshawar,2020-10-09,0.0,22.33,42.53,0.51
Peshawar,2020-10-10,0.0,22.56,41.12,0.5
Peshawar,2020-10-11,0.01,22.27,41.09,0.5
Peshawar,2020-10-12,0.0,21.6,41.33,0.5
Peshawar,2020-10-13,0.05,20.69,37.32,0.5
Peshawar,2020-10-14,0.0,20.48,36.42,0.49
Peshawar,2020-10-15,0.0,20.88,35.31,0.49
Peshawar,2020-10-16,0.0,20.58,32.71,0.49
Peshawar,2020-10-17,0.0,20.83,29.57,0.49
Peshawar,2020-10-18,0.08,20.38,28.79,0.49
Peshawar,2020-10-19,0.0,20.29,22.08,0.49
Peshawar,2020-10-20,0.0,20.19,26.05,0.48
Peshawar,2020-10-21,0.0,19.26,31.09,0.48
Peshawar,2020-10-22,0.0,19.01,28.34,0.48
Peshawar,2020-10-23,0.0,18.64,34.77,0.48
Peshawar,2020-10-24,0.0,18.27,32.86,0.48
Peshawar,2020-10-25,104.07,15.51,58.73,0.57
Peshawar,2020-10-26,0.02,15.75,43.03,0.57
Peshawar,2020-10-27,0.0,17.23,40.82,0.57
Peshawar,2020-10-28,0.0,16.86,45.18,0.56
Peshawar,2020-10-29,0.0,16.2,47.68,0.56
Peshawar,2020-10-30,0.0,15.67,41.62,0.56
Peshawar,2020-10-31,0.0,15.68,37.64,0.55
Peshawar,2020-11-01,0.0,16.3,33.45,0.55
Peshawar,2020-11-02,0.18,16.38,34.45,0.55
Peshawar,2020-11-03,0.0,16.49,37.99,0.55
Peshawar,2020-11-04,0.0,16.04,39.53,0.54
Peshawar,2020-11-05,0.0,15.28,40.22,0.54
Peshawar,2020-11-06,0.0,15.94,41.28,0.54
Peshawar,2020-11-07,0.0,16.6,37.76,0.54
Peshawar,2020-11-08,0.0,16.68,37.3,0.53
Peshawar,2020-11-09,0.0,16.16,44.41,0.53
Peshawar,2020-11-10,0.0,15.38,50.59,0.53
Peshawar,2020-11-11,0.0,14.81,52.13,0.53
Peshawar,2020-11-12,0.02,14.94,52.84,0.53
Peshawar,2020-11-13,1.27,14.61,57.74,0.53
Peshawar,2020-11-14,31.53,9.54,87.62,0.55
Peshawar,2020-11-15,29.36,7.79,90.13,0.61
Peshawar,2020-11-16,0.44,7.77,70.67,0.63
Peshawar,2020-11-17,0.02,8.75,52.41,0.63
Peshawar,2020-11-18,0.01,9.46,45.75,0.62
Peshawar,2020-11-19,1.18,9.64,56.46,0.62
Peshawar,2020-11-20,0.01,7.15,53.71,0.62
Peshawar,2020-11-21,0.0,7.98,42.49,0.62
Peshawar,2020-11-22,0.43,6.99,57.85,0.62
Peshawar,2020-11-23,5.55,6.09,89.52,0.62
Peshawar,2020-11-24,3.65,6.89,88.23,0.63
Peshawar,2020-11-25,10.7,7.28,89.47,0.64
Peshawar,2020-11-26,0.06,8.48,63.36,0.65
Peshawar,2020-11-27,0.0,9.53,43.62,0.64
Peshawar,2020-11-28,0.0,12.61,43.6,0.64
Peshawar,2020-11-29,0.0,12.92,43.07,0.64
Peshawar,2020-11-30,0.0,12.92,46.82,0.64
Peshawar,2020-12-01,0.0,14.11,52.48,0.63
Peshawar,2020-12-02,0.03,13.99,50.23,0.63
Peshawar,2020-12-03,0.0,13.99,49.76,0.63
Peshawar,2020-12-04,0.46,13.24,58.34,0.63
Peshawar,2020-12-05,0.15,11.46,68.17,0.62
Peshawar,2020-12-06,0.02,11.67,70.35,0.62
Peshawar,2020-12-07,2.24,10.61,74.73,0.62
Peshawar,2020-12-08,7.92,6.87,89.61,0.64
Peshawar,2020-12-09,3.5,8.48,73.04,0.64
Peshawar,2020-12-10,0.2,8.37,56.74,0.64
Peshawar,2020-12-11,5.61,8.21,62.19,0.64
Peshawar,2020-12-12,4.33,6.95,81.33,0.65
Peshawar,2020-12-13,8.29,6.58,78.09,0.66
Peshawar,2020-12-14,2.53,6.25,75.84,0.67
Peshawar,2020-12-15,0.13,4.79,69.5,0.66
Peshawar,2020-12-16,0.0,4.47,48.86,0.66
Peshawar,2020-12-17,0.0,4.64,42.25,0.66
Peshawar,2020-12-18,0.0,5.7,39.84,0.66
Peshawar,2020-12-19,0.0,8.03,46.32,0.66
Peshawar,2020-12-20,0.0,8.65,52.35,0.66
Peshawar,2020-12-21,0.09,9.19,63.02,0.65
Peshawar,2020-12-22,0.0,9.16,55.27,0.65
Peshawar,2020-12-23,0.0,8.72,53.09,0.65
Peshawar,2020-12-24,0.0,8.83,53.15,0.65
Peshawar,2020-12-25,0.0,7.91,52.74,0.65
Peshawar,2020-12-26,0.59,8.37,58.43,0.65
Peshawar,2020-12-27,1.18,4.25,78.21,0.65
Peshawar,2020-12-28,0.0,4.72,58.8,0.65
Peshawar,2020-12-29,0.0,5.39,47.09,0.64
Peshawar,2020-12-30,0.0,6.57,40.81,0.64
Peshawar,2020-12-31,0.0,6.8,40.93,0.64
Peshawar,2021-01-01,0.0,7.43,37.92,0.64
Peshawar,2021-01-02,0.0,7.03,40.62,0.64
Peshawar,2021-01-03,0.01,8.11,41.02,0.63
Peshawar,2021-01-04,1.3,9.28,60.36,0.63
Peshawar,2021-01-05,8.07,8.68,73.07,0.64
Peshawar,2021-01-06,0.17,7.59,66.25,0.65
Peshawar,2021-01-07,0.85,7.71,61.69,0.64
Peshawar,2021-01-08,1.28,6.1,56.94,0.64
Peshawar,2021-01-09,0.0,6.75,38.61,0.64
Peshawar,2021-01-10,0.02,6.44,37.36,0.64
Peshawar,2021-01-11,0.0,8.18,32.71,0.64
Peshawar,2021-01-12,0.0,8.9,36.21,0.64
Peshawar,2021-01-13,0.0,10.46,35.2,0.63
Peshawar,2021-01-14,0.0,10.33,39.42,0.63
Peshawar,2021-01-15,0.0,10.58,37.72,0.63
Peshawar,2021-01-16,0.0,11.75,36.0,0.63
Peshawar,2021-01-17,0.0,10.29,41.81,0.63
Peshawar,2021-01-18,0.0,8.24,55.57,0.62
Peshawar,2021-01-19,0.0,9.46,52.43,0.62
Peshawar,2021-01-20,0.0,10.16,40.96,0.62
Peshawar,2021-01-21,0.0,10.64,36.87,0.62
Peshawar,2021-01-22,1.09,8.79,52.65,0.62
Peshawar,2021-01-23,0.88,5.37,35.0,0.62
Peshawar,2021-01-24,0.12,6.93,34.92,0.61
Peshawar,2021-01-25,0.0,7.68,39.06,0.61
Peshawar,2021-01-26,0.0,7.58,42.14,0.61
Peshawar,2021-01-27,0.0,7.78,43.34,0.61
Peshawar,2021-01-28,0.0,8.09,43.36,0.61
Peshawar,2021-01-29,0.0,8.13,43.86,0.6
Peshawar,2021-01-30,0.0,9.09,42.92,0.6
Peshawar,2021-01-31,0.09,9.81,47.64,0.6
Peshawar,2021-02-01,0.02,9.41,60.81,0.6
Peshawar,2021-02-02,0.0,9.52,56.7,0.6
Peshawar,2021-02-03,0.35,9.22,62.01,0.6
Peshawar,2021-02-04,0.04,8.64,59.23,0.6
Peshawar,2021-02-05,0.0,9.01,52.21,0.59
Peshawar,2021-02-06,0.0,9.86,48.52,0.59
Peshawar,2021-02-07,0.0,12.8,44.57,0.59
Peshawar,2021-02-08,78.81,13.63,51.22,0.64
Peshawar,2021-02-09,0.0,13.58,49.34,0.64
Peshawar,2021-02-10,0.0,13.03,46.69,0.63
Peshawar,2021-02-11,0.0,13.31,44.92,0.63
Peshawar,2021-02-12,0.0,13.53,44.48,0.63
Peshawar,2021-02-13,0.0,14.14,49.71,0.62
Peshawar,2021-02-14,0.0,13.42,56.48,0.62
Peshawar,2021-02-15,0.0,13.94,53.4,0.62
Peshawar,2021-02-16,0.0,13.98,46.88,0.62
Peshawar,2021-02-17,0.0,13.87,45.94,0.61
Peshawar,2021-02-18,0.0,13.4,47.39,0.61
Peshawar,2021-02-19,0.0,14.13,52.54,0.61
Peshawar,2021-02-20,0.0,14.05,57.09,0.61
Peshawar,2021-02-21,0.01,14.48,60.86,0.6
Peshawar,2021-02-22,3.11,12.93,75.89,0.6
Peshawar,2021-02-23,0.3,13.44,70.33,0.6
Peshawar,2021-02-24,1.47,14.61,61.31,0.6
Peshawar,2021-02-25,1.91,15.02,62.23,0.6
Peshawar,2021-02-26,11.72,13.99,70.78,0.61
Peshawar,2021-02-27,3.03,12.92,47.94,0.62
Peshawar,2021-02-28,0.0,12.17,36.66,0.62
Peshawar,2021-03-01,0.0,13.3,40.41,0.61
Peshawar,2021-03-02,0.0,14.84,43.0,0.61
Peshawar,2021-03-03,0.0,15.27,45.32,0.61
Peshawar,2021-03-04,0.0,15.64,48.43,0.6
Peshawar,2021-03-05,0.0,15.84,41.08,0.6
Peshawar,2021-03-06,2.11,13.73,62.1,0.6
Peshawar,2021-03-07,2.22,13.52,65.44,0.6
Peshawar,2021-03-08,1.77,14.41,59.8,0.6
Peshawar,2021-03-09,0.61,15.35,51.86,0.6
Peshawar,2021-03-10,1.06,15.24,57.98,0.6
Peshawar,2021-03-11,12.56,12.19,79.33,0.6
Peshawar,2021-03-12,2.74,12.93,78.19,0.62
Peshawar,2021-03-13,1.13,14.41,71.83,0.62
Peshawar,2021-03-14,9.44,13.56,77.16,0.63
Peshawar,2021-03-15,0.05,14.93,60.54,0.63
Peshawar,2021-03-16,0.0,15.74,60.2,0.62
Peshawar,2021-03-17,0.0,17.41,54.99,0.62
Peshawar,2021-03-18,0.57,16.15,56.09,0.62
Peshawar,2021-03-19,0.2,18.1,52.47,0.61
Peshawar,2021-03-20,0.13,18.41,56.02,0.61
Peshawar,2021-03-21,10.99,14.04,82.54,0.61
Peshawar,2021-03-22,24.59,11.64,88.27,0.64
Peshawar,2021-03-23,32.27,10.7,89.09,0.69
Peshawar,2021-03-24,0.01,13.24,65.9,0.71
Peshawar,2021-03-25,0.0,16.63,55.85,0.7
Peshawar,2021-03-26,0.0,19.06,58.4,0.7
Peshawar,2021-03-27,0.18,18.56,62.34,0.69
Peshawar,2021-03-28,6.84,18.34,65.81,0.69
Peshawar,2021-03-29,0.38,17.55,47.94,0.69
Peshawar,2021-03-30,2.2,14.7,34.51,0.68
Peshawar,2021-03-31,0.0,14.46,27.58,0.67
Peshawar,2021-04-01,0.0,14.03,28.42,0.66
Peshawar,2021-04-02,0.0,13.94,29.22,0.65
Peshawar,2021-04-03,0.0,16.49,33.62,0.65
Peshawar,2021-04-04,0.74,14.68,62.5,0.64
Peshawar,2021-04-05,1.49,16.03,67.5,0.64
Peshawar,2021-04-06,3.79,16.86,65.17,0.64
Peshawar,2021-04-07,2.83,15.44,54.61,0.65
Peshawar,2021-04-08,0.01,16.17,40.06,0.64
Peshawar,2021-04-09,0.68,17.86,43.59,0.64
Peshawar,2021-04-10,0.06,18.63,51.42,0.63
Peshawar,2021-04-11,0.81,18.85,59.39,0.63
Peshawar,2021-04-12,0.04,20.11,58.25,0.62
Peshawar,2021-04-13,0.91,19.19,63.17,0.62
Peshawar,2021-04-14,0.43,20.37,59.57,0.62
Peshawar,2021-04-15,10.01,16.24,77.82,0.62
Peshawar,2021-04-16,3.4,16.09,68.51,0.63
Peshawar,2021-04-17,11.88,16.42,68.77,0.64
Peshawar,2021-04-18,9.18,17.42,64.62,0.66
Peshawar,2021-04-19,0.01,17.79,48.55,0.65
Peshawar,2021-04-20,0.97,17.01,57.9,0.65
Peshawar,2021-04-21,0.38,18.34,48.86,0.64
Peshawar,2021-04-22,1.44,19.03,44.75,0.64
Peshawar,2021-04-23,0.78,16.97,34.81,0.63
Peshawar,2021-04-24,0.0,19.76,35.13,0.63
Peshawar,2021-04-25,0.0,22.87,37.49,0.62
Peshawar,2021-04-26,0.0,24.26,41.97,0.61
Peshawar,2021-04-27,0.0,25.56,44.58,0.61
Peshawar,2021-04-28,0.0,25.32,43.07,0.6
Peshawar,2021-04-29,0.0,24.93,45.19,0.59
Peshawar,2021-04-30,0.03,24.19,50.69,0.59
Peshawar,2021-05-01,0.02,24.85,47.56,0.58
Peshawar,2021-05-02,2.19,25.29,49.01,0.58
Peshawar,2021-05-03,0.02,25.95,49.46,0.58
Peshawar,2021-05-04,2.07,24.04,59.01,0.57
Peshawar,2021-05-05,15.36,21.5,64.89,0.59
Peshawar,2021-05-06,1.52,22.12,59.7,0.59
Peshawar,2021-05-07,0.08,22.75,54.87,0.59
Peshawar,2021-05-08,0.1,23.98,51.58,0.58
Peshawar,2021-05-09,0.36,25.35,48.32,0.58
Peshawar,2021-05-10,1.49,25.87,53.12,0.57
Peshawar,2021-05-11,5.16,24.0,57.89,0.58
Peshawar,2021-05-12,1.05,24.03,49.98,0.57
Peshawar,2021-05-13,0.32,23.71,47.13,0.57
Peshawar,2021-05-14,4.16,23.46,50.84,0.57
Peshawar,2021-05-15,5.54,22.82,55.04,0.57
Peshawar,2021-05-16,1.77,21.84,60.62,0.57
Peshawar,2021-05-17,0.01,24.34,44.99,0.57
Peshawar,2021-05-18,110.37,24.95,47.99,0.62
Peshawar,2021-05-19,17.05,24.49,52.3,0.7
Peshawar,2021-05-20,0.06,24.11,45.27,0.69
Peshawar,2021-05-21,0.54,23.44,38.96,0.68
Peshawar,2021-05-22,0.65,23.57,46.0,0.67
Peshawar,2021-05-23,6.11,21.67,58.44,0.67
Peshawar,2021-05-24,0.0,22.37,52.33,0.67
Peshawar,2021-05-25,0.0,24.32,38.31,0.66
Peshawar,2021-05-26,0.0,25.19,39.16,0.65
Peshawar,2021-05-27,0.0,26.81,34.93,0.64
Peshawar,2021-05-28,0.0,28.01,40.92,0.63
Peshawar,2021-05-29,0.0,29.5,38.84,0.62
Peshawar,2021-05-30,0.01,29.04,37.52,0.61
Peshawar,2021-05-31,0.02,27.91,36.7,0.61
Peshawar,2021-06-01,0.16,26.63,42.35,0.6
Peshawar,2021-06-02,0.14,27.42,42.57,0.59
Peshawar,2021-06-03,4.87,27.79,47.1,0.59
Peshawar,2021-06-04,2.92,27.72,52.95,0.59
Peshawar,2021-06-05,0.0,29.31,49.14,0.59
Peshawar,2021-06-06,0.12,29.52,53.04,0.58
Peshawar,2021-06-07,0.0,31.06,42.71,0.57
Peshawar,2021-06-08,0.0,31.49,34.49,0.56
Peshawar,2021-06-09,0.0,31.91,28.94,0.56
Peshawar,2021-06-10,0.0,31.64,31.55,0.55
Peshawar,2021-06-11,0.24,31.46,35.55,0.54
Peshawar,2021-06-12,1.53,30.49,35.08,0.54
Peshawar,2021-06-13,6.72,29.01,34.25,0.54
Peshawar,2021-06-14,1.46,27.15,34.06,0.54
Peshawar,2021-06-15,1.85,26.6,35.19,0.54
Peshawar,2021-06-16,1.83,25.79,33.77,0.53
Peshawar,2021-06-17,3.07,25.86,41.75,0.53
Peshawar,2021-06-18,0.5,27.35,42.46,0.53
Peshawar,2021-06-19,0.0,28.19,36.2,0.52
Peshawar,2021-06-20,0.39,27.9,36.27,0.52
Peshawar,2021-06-21,1.23,28.17,43.92,0.51
Peshawar,2021-06-22,0.0,28.17,36.37,0.51
Peshawar,2021-06-23,0.0,29.39,31.33,0.5
Peshawar,2021-06-24,0.22,29.23,30.8,0.5
Peshawar,2021-06-25,1.43,29.49,36.79,0.5
Peshawar,2021-06-26,1.87,28.31,43.99,0.5
Peshawar,2021-06-27,0.0,29.36,42.38,0.49
Peshawar,2021-06-28,0.01,31.12,34.28,0.49
Peshawar,2021-06-29,0.0,32.65,29.51,0.49
Peshawar,2021-06-30,0.0,33.26,23.94,0.48
Peshawar,2021-07-01,0.0,33.37,16.99,0.48
Peshawar,2021-07-02,0.12,32.64,20.69,0.48
Peshawar,2021-07-03,0.51,31.66,23.42,0.48
Peshawar,2021-07-04,0.71,31.88,32.3,0.48
Peshawar,2021-07-05,1.99,31.16,38.42,0.48
Peshawar,2021-07-06,1.55,31.82,36.71,0.48
Peshawar,2021-07-07,0.47,33.09,32.85,0.48
Peshawar,2021-07-08,0.59,34.12,25.95,0.48
Peshawar,2021-07-09,0.0,33.92,29.88,0.48
Peshawar,2021-07-10,6.83,33.11,45.73,0.48
Peshawar,2021-07-11,0.91,32.47,48.5,0.49
Peshawar,2021-07-12,32.05,29.25,66.7,0.53
Peshawar,2021-07-13,8.7,27.92,71.34,0.54
Peshawar,2021-07-14,10.5,26.88,74.48,0.56
Peshawar,2021-07-15,0.04,27.65,69.53,0.55
Peshawar,2021-07-16,0.0,28.84,62.09,0.55
Peshawar,2021-07-17,0.0,30.88,59.37,0.54
Peshawar,2021-07-18,0.16,32.35,51.24,0.54
Peshawar,2021-07-19,25.91,30.92,60.69,0.54
Peshawar,2021-07-20,23.46,27.3,60.8,0.6
Peshawar,2021-07-21,13.26,26.87,63.81,0.61
Peshawar,2021-07-22,3.19,27.97,58.98,0.62
Peshawar,2021-07-23,0.98,28.93,56.06,0.61
Peshawar,2021-07-24,0.0,30.24,54.22,0.6
Peshawar,2021-07-25,0.0,31.18,55.11,0.59
Peshawar,2021-07-26,0.2,31.0,56.2,0.58
Peshawar,2021-07-27,1.53,31.33,58.16,0.58
Peshawar,2021-07-28,5.37,30.1,65.68,0.58
Peshawar,2021-07-29,7.33,28.24,69.3,0.58
Peshawar,2021-07-30,6.75,28.17,70.84,0.58
Peshawar,2021-07-31,7.8,28.13,71.91,0.59
Peshawar,2021-08-01,10.52,28.41,69.28,0.6
Peshawar,2021-08-02,5.67,28.52,67.86,0.61
Peshawar,2021-08-03,1.69,29.02,68.83,0.6
Peshawar,2021-08-04,5.9,28.73,68.74,0.6
Peshawar,2021-08-05,4.95,28.08,67.46,0.61
Peshawar,2021-08-06,8.03,27.79,68.23,0.61
Peshawar,2021-08-07,1.22,28.16,66.17,0.61
Peshawar,2021-08-08,5.13,28.47,65.66,0.61
Peshawar,2021-08-09,5.44,28.05,63.63,0.61
Peshawar,2021-08-10,0.0,28.11,60.67,0.61
Peshawar,2021-08-11,0.91,29.05,59.07,0.6
Peshawar,2021-08-12,10.87,29.18,66.27,0.61
Peshawar,2021-08-13,0.53,28.87,64.19,0.6
Peshawar,2021-08-14,3.27,27.78,64.53,0.6
Peshawar,2021-08-15,8.43,26.67,63.61,0.61
Peshawar,2021-08-16,2.73,26.74,67.15,0.61
Peshawar,2021-08-17,0.0,28.03,62.77,0.6
Peshawar,2021-08-18,0.01,28.26,60.38,0.6
Peshawar,2021-08-19,0.57,27.95,61.5,0.59
Peshawar,2021-08-20,0.28,27.41,60.0,0.58
Peshawar,2021-08-21,0.36,27.21,55.37,0.58
Peshawar,2021-08-22,0.0,28.21,57.66,0.57
Peshawar,2021-08-23,0.21,28.33,58.52,0.57
Peshawar,2021-08-24,0.0,28.63,53.92,0.56
Peshawar,2021-08-25,0.94,28.36,46.77,0.56
Peshawar,2021-08-26,0.53,27.47,42.63,0.55
Peshawar,2021-08-27,1.73,27.68,48.77,0.55
Peshawar,2021-08-28,10.78,26.54,60.13,0.56
Peshawar,2021-08-29,2.19,25.97,61.7,0.56
Peshawar,2021-08-30,5.25,26.06,63.37,0.56
Peshawar,2021-08-31,13.39,24.75,71.6,0.58
Peshawar,2021-09-01,2.19,24.99,62.09,0.58
Peshawar,2021-09-02,0.0,26.43,60.04,0.58
Peshawar,2021-09-03,0.0,26.9,60.6,0.57
Peshawar,2021-09-04,0.02,26.91,62.51,0.57
Peshawar,2021-09-05,0.0,27.5,54.16,0.56
Peshawar,2021-09-06,0.02,27.79,55.32,0.56
Peshawar,2021-09-07,1.1,27.94,58.27,0.55
Peshawar,2021-09-08,8.33,26.77,67.49,0.56
Peshawar,2021-09-09,3.17,25.9,67.2,0.56
Peshawar,2021-09-10,5.0,25.95,65.5,0.56
Peshawar,2021-09-11,15.08,24.38,77.35,0.58
Peshawar,2021-09-12,7.01,23.2,80.32,0.59
Peshawar,2021-09-13,0.01,24.68,64.58,0.59
Peshawar,2021-09-14,0.0,26.21,63.29,0.58
Peshawar,2021-09-15,0.0,26.59,64.01,0.58
Peshawar,2021-09-16,0.0,26.68,51.15,0.57
Peshawar,2021-09-17,0.0,26.25,55.01,0.57
Peshawar,2021-09-18,0.0,26.67,63.53,0.56
Peshawar,2021-09-19,0.18,27.34,64.64,0.56
Peshawar,2021-09-20,3.52,26.9,66.19,0.56
Peshawar,2021-09-21,34.2,25.74,67.13,0.57
Peshawar,2021-09-22,84.69,24.11,77.0,0.7
Peshawar,2021-09-23,2.41,23.88,76.31,0.71
Peshawar,2021-09-24,0.7,23.79,75.94,0.7
Peshawar,2021-09-25,0.0,24.8,68.28,0.69
Peshawar,2021-09-26,0.0,24.0,62.39,0.68
Peshawar,2021-09-27,0.0,24.09,64.86,0.68
Peshawar,2021-09-28,0.0,25.09,68.97,0.67
Peshawar,2021-09-29,0.04,24.89,71.21,0.67
Peshawar,2021-09-30,10.55,24.92,73.89,0.67
Peshawar,2021-10-01,12.09,24.3,77.06,0.69
Peshawar,2021-10-02,6.78,23.57,77.35,0.69
Peshawar,2021-10-03,9.53,22.8,74.89,0.7
Peshawar,2021-10-04,3.14,22.27,67.89,0.7
Peshawar,2021-10-05,1.97,22.25,72.91,0.7
Peshawar,2021-10-06,0.06,22.95,68.12,0.7
Peshawar,2021-10-07,0.0,23.62,55.18,0.69
Peshawar,2021-10-08,0.0,21.84,44.94,0.68
Peshawar,2021-10-09,0.0,20.99,50.13,0.68
Peshawar,2021-10-10,4.76,21.2,63.94,0.67
Peshawar,2021-10-11,7.11,18.26,50.33,0.68
Peshawar,2021-10-12,0.11,17.95,43.77,0.68
Peshawar,2021-10-13,0.01,19.53,42.19,0.67
Peshawar,2021-10-14,0.0,19.83,41.18,0.67
Peshawar,2021-10-15,0.0,19.76,37.74,0.66
Peshawar,2021-10-16,0.0,19.6,42.3,0.66
Peshawar,2021-10-17,0.26,20.84,50.81,0.65
Peshawar,2021-10-18,21.72,19.02,63.81,0.67
Peshawar,2021-10-19,0.0,19.41,54.56,0.68
Peshawar,2021-10-20,0.0,20.24,43.48,0.67
Peshawar,2021-10-21,0.0,19.69,47.86,0.67
Peshawar,2021-10-22,6.19,16.73,49.56,0.66
Peshawar,2021-10-23,7.71,14.63,46.01,0.68
Peshawar,2021-10-24,33.85,13.12,63.53,0.7
Peshawar,2021-10-25,0.0,13.78,62.44,0.72
Peshawar,2021-10-26,0.2,14.9,53.77,0.71
Peshawar,2021-10-27,0.23,15.23,51.87,0.71
Peshawar,2021-10-28,0.0,15.99,53.46,0.71
Peshawar,2021-10-29,0.0,16.51,52.79,0.7
Peshawar,2021-10-30,0.0,15.78,46.58,0.7
Peshawar,2021-10-31,0.0,15.0,41.24,0.69
Peshawar,2021-11-01,0.0,14.35,49.18,0.69
Peshawar,2021-11-02,0.0,14.73,50.01,0.68
Peshawar,2021-11-03,0.0,14.38,54.46,0.68
Peshawar,2021-11-04,1.58,13.16,61.43,0.68
Peshawar,2021-11-05,2.18,12.9,71.7,0.68
Peshawar,2021-11-06,0.21,14.22,58.92,0.68
Peshawar,2021-11-07,0.15,15.31,53.17,0.67
Peshawar,2021-11-08,0.02,16.06,50.21,0.67
Peshawar,2021-11-09,0.0,16.19,47.36,0.67
Peshawar,2021-11-10,0.0,15.0,48.46,0.67
Peshawar,2021-11-11,0.0,15.12,49.17,0.66
Peshawar,2021-11-12,0.0,14.77,42.88,0.66
Peshawar,2021-11-13,0.0,14.56,41.08,0.66
Peshawar,2021-11-14,0.0,13.18,42.85,0.65
Peshawar,2021-11-15,0.0,12.51,44.25,0.65
Peshawar,2021-11-16,0.0,13.29,42.35,0.65
Peshawar,2021-11-17,0.0,13.16,46.0,0.65
Peshawar,2021-11-18,0.0,13.44,47.81,0.64
Peshawar,2021-11-19,0.0,13.11,47.28,0.64
Peshawar,2021-11-20,0.0,13.52,40.38,0.64
Peshawar,2021-11-21,0.0,13.48,42.94,0.64
Peshawar,2021-11-22,0.0,13.15,41.78,0.63
Peshawar,2021-11-23,0.0,14.48,40.47,0.63
Peshawar,2021-11-24,0.0,13.96,45.15,0.63
Peshawar,2021-11-25,0.0,13.02,51.01,0.63
Peshawar,2021-11-26,0.0,13.47,51.49,0.62
Peshawar,2021-11-27,0.0,12.13,56.41,0.62
Peshawar,2021-11-28,0.0,12.27,57.3,0.62
Peshawar,2021-11-29,0.0,11.79,55.99,0.62
Peshawar,2021-11-30,0.0,12.93,43.34,0.62
Peshawar,2021-12-01,0.0,12.17,46.4,0.61
Peshawar,2021-12-02,0.0,12.06,45.6,0.61
Peshawar,2021-12-03,0.0,11.99,44.94,0.61
Peshawar,2021-12-04,0.0,13.17,47.78,0.61
Peshawar,2021-12-05,7.77,10.65,71.99,0.61
Peshawar,2021-12-06,0.0,9.87,62.44,0.62
Peshawar,2021-12-07,0.0,9.63,46.57,0.62
Peshawar,2021-12-08,0.0,10.59,44.61,0.61
Peshawar,2021-12-09,0.0,10.25,41.57,0.61
Peshawar,2021-12-10,0.0,10.82,33.56,0.61
Peshawar,2021-12-11,0.0,10.79,37.75,0.61
Peshawar,2021-12-12,0.0,9.85,42.3,0.61
Peshawar,2021-12-13,0.0,8.49,46.01,0.61
Peshawar,2021-12-14,0.51,7.17,52.13,0.61
Peshawar,2021-12-15,1.02,5.6,61.76,0.61
Peshawar,2021-12-16,0.0,5.75,46.73,0.6
Peshawar,2021-12-17,5.26,5.9,43.39,0.61
Peshawar,2021-12-18,0.0,6.91,36.63,0.61
Peshawar,2021-12-19,0.0,8.34,37.56,0.61
Peshawar,2021-12-20,0.0,10.02,46.21,0.61
Peshawar,2021-12-21,0.0,10.6,55.01,0.61
Peshawar,2021-12-22,0.0,11.0,52.39,0.6
Peshawar,2021-12-23,0.0,9.36,61.54,0.6
Peshawar,2021-12-24,0.01,9.12,59.2,0.6
Peshawar,2021-12-25,0.0,9.4,56.33,0.6
Peshawar,2021-12-26,3.62,7.7,75.9,0.6
Peshawar,2021-12-27,3.73,6.11,81.82,0.61
Peshawar,2021-12-28,0.0,6.25,64.96,0.61
Peshawar,2021-12-29,0.0,6.39,39.11,0.61
Peshawar,2021-12-30,0.0,6.83,40.71,0.61
Peshawar,2021-12-31,0.0,8.49,42.65,0.6
Peshawar,2022-01-01,0.04,7.58,58.87,0.6
Peshawar,2022-01-02,0.0,6.95,66.51,0.6
Peshawar,2022-01-03,9.93,6.35,79.81,0.61
Peshawar,2022-01-04,15.95,5.12,93.33,0.63
Peshawar,2022-01-05,17.94,4.71,90.52,0.66
Peshawar,2022-01-06,0.78,5.67,80.84,0.67
Peshawar,2022-01-07,11.02,7.0,81.89,0.68
Peshawar,2022-01-08,29.28,4.97,91.52,0.71
Peshawar,2022-01-09,0.98,5.72,74.39,0.72
Peshawar,2022-01-10,0.0,4.92,60.67,0.72
Peshawar,2022-01-11,0.0,5.26,59.07,0.72
Peshawar,2022-01-12,0.0,6.18,49.48,0.72
Peshawar,2022-01-13,0.0,6.47,51.06,0.72
Peshawar,2022-01-14,0.0,6.79,54.61,0.71
Peshawar,2022-01-15,0.0,8.3,57.36,0.71
Peshawar,2022-01-16,0.18,9.81,51.76,0.71
Peshawar,2022-01-17,2.12,8.1,66.78,0.71
Peshawar,2022-01-18,2.74,8.86,69.64,0.71
Peshawar,2022-01-19,4.48,7.54,85.94,0.72
Peshawar,2022-01-20,0.0,7.48,60.9,0.72
Peshawar,2022-01-21,1.13,6.47,67.66,0.72
Peshawar,2022-01-22,16.55,3.78,87.85,0.72
Peshawar,2022-01-23,3.78,4.69,62.71,0.74
Peshawar,2022-01-24,1.45,4.31,58.8,0.74
Peshawar,2022-01-25,0.31,5.24,55.18,0.74
Peshawar,2022-01-26,0.07,4.62,49.01,0.74
Peshawar,2022-01-27,0.0,5.7,46.67,0.74
Peshawar,2022-01-28,0.0,7.12,50.58,0.73
Peshawar,2022-01-29,0.0,8.65,55.45,0.73
Peshawar,2022-01-30,0.0,8.21,56.35,0.73
Peshawar,2022-01-31,0.01,8.32,59.91,0.72
Peshawar,2022-02-01,0.0,7.61,50.22,0.72
Peshawar,2022-02-02,1.54,6.66,62.0,0.72
Peshawar,2022-02-03,0.0,6.5,51.96,0.72
Peshawar,2022-02-04,0.05,6.48,44.22,0.71
Peshawar,2022-02-05,0.42,7.0,59.5,0.71
Peshawar,2022-02-06,3.83,6.95,72.19,0.71
Peshawar,2022-02-07,1.06,6.73,72.04,0.72
Peshawar,2022-02-08,0.08,7.31,60.73,0.71
Peshawar,2022-02-09,0.24,7.42,58.37,0.71
Peshawar,2022-02-10,0.0,8.17,52.35,0.71
Peshawar,2022-02-11,0.0,9.45,45.16,0.71
Peshawar,2022-02-12,0.0,10.48,46.4,0.7
Peshawar,2022-02-13,0.0,11.36,51.73,0.7
Peshawar,2022-02-14,0.12,10.56,68.28,0.7
Peshawar,2022-02-15,0.07,10.2,62.61,0.69
Peshawar,2022-02-16,0.28,10.32,61.42,0.69
Peshawar,2022-02-17,0.39,9.69,63.3,0.69
Peshawar,2022-02-18,0.75,8.58,69.88,0.69
Peshawar,2022-02-19,0.0,10.71,58.89,0.69
Peshawar,2022-02-20,0.0,10.49,49.09,0.68
Peshawar,2022-02-21,0.31,12.12,40.5,0.68
Peshawar,2022-02-22,7.49,8.13,76.42,0.68
Peshawar,2022-02-23,2.37,9.04,76.32,0.69
Peshawar,2022-02-24,2.93,9.97,77.81,0.69
Peshawar,2022-02-25,9.77,7.9,79.04,0.7
Peshawar,2022-02-26,0.45,7.15,68.43,0.7
Peshawar,2022-02-27,0.0,9.19,61.07,0.7
Peshawar,2022-02-28,0.87,10.81,61.16,0.69
Peshawar,2022-03-01,0.17,11.85,65.61,0.69
Peshawar,2022-03-02,8.81,11.03,72.25,0.69
Peshawar,2022-03-03,3.47,12.08,69.61,0.7
Peshawar,2022-03-04,0.15,11.85,70.36,0.7
Peshawar,2022-03-05,0.18,13.45,66.86,0.7
Peshawar,2022-03-06,13.85,10.39,87.67,0.71
Peshawar,2022-03-07,6.06,11.42,82.51,0.72
Peshawar,2022-03-08,9.25,13.19,72.01,0.73
Peshawar,2022-03-09,1.62,12.56,79.86,0.73
Peshawar,2022-03-10,0.0,15.59,60.71,0.73
Peshawar,2022-03-11,0.0,16.93,57.43,0.72
Peshawar,2022-03-12,0.0,17.65,63.77,0.72
Peshawar,2022-03-13,0.0,20.31,57.43,0.71
Peshawar,2022-03-14,0.0,21.54,56.57,0.71
Peshawar,2022-03-15,0.0,20.59,54.52,0.7
Peshawar,2022-03-16,0.0,21.58,45.91,0.7
Peshawar,2022-03-17,0.0,22.17,45.32,0.69
Peshawar,2022-03-18,6.65,21.32,52.78,0.68
Peshawar,2022-03-19,2.28,19.66,66.87,0.69
Peshawar,2022-03-20,0.01,19.2,51.79,0.69
Peshawar,2022-03-21,0.09,19.43,45.22,0.68
Peshawar,2022-03-22,0.0,20.25,48.0,0.67
Peshawar,2022-03-23,0.17,19.51,51.09,0.67
Peshawar,2022-03-24,0.35,18.62,43.76,0.66
Peshawar,2022-03-25,0.0,18.56,39.16,0.66
Peshawar,2022-03-26,0.0,20.27,39.85,0.65
Peshawar,2022-03-27,0.0,21.0,41.36,0.65
Peshawar,2022-03-28,0.0,20.27,45.72,0.64
Peshawar,2022-03-29,0.0,19.99,38.24,0.64
Peshawar,2022-03-30,0.0,19.74,31.55,0.63
Peshawar,2022-03-31,0.0,20.48,30.44,0.62
Peshawar,2022-04-01,0.0,22.18,34.78,0.62
Peshawar,2022-04-02,0.02,21.11,39.5,0.61
Peshawar,2022-04-03,0.0,20.2,34.46,0.6
Peshawar,2022-04-04,0.0,22.02,37.18,0.6
Peshawar,2022-04-05,0.0,23.05,36.82,0.59
Peshawar,2022-04-06,0.0,23.87,35.83,0.59
Peshawar,2022-04-07,0.01,24.73,33.84,0.58
Peshawar,2022-04-08,0.21,24.37,38.66,0.58
Peshawar,2022-04-09,0.07,24.77,36.58,0.57
Peshawar,2022-04-10,0.0,25.67,35.3,0.57
Peshawar,2022-04-11,0.0,26.14,35.78,0.56
Peshawar,2022-04-12,0.01,24.76,38.55,0.56
Peshawar,2022-04-13,1.52,22.55,46.74,0.55
Peshawar,2022-04-14,0.81,22.15,45.28,0.55
Peshawar,2022-04-15,0.02,22.4,40.17,0.55
Peshawar,2022-04-16,0.0,23.64,35.05,0.54
Peshawar,2022-04-17,0.0,24.96,33.95,0.54
Peshawar,2022-04-18,2.17,23.06,45.86,0.54
Peshawar,2022-04-19,2.56,23.1,52.76,0.54
Peshawar,2022-04-20,1.6,21.36,51.61,0.54
Peshawar,2022-04-21,3.47,21.33,47.89,0.54
Peshawar,2022-04-22,3.33,21.28,50.78,0.54
Peshawar,2022-04-23,0.08,22.35,46.87,0.54
Peshawar,2022-04-24,3.03,23.83,43.57,0.54
Peshawar,2022-04-25,0.0,23.69,43.17,0.53
Peshawar,2022-04-26,0.0,24.46,36.24,0.53
Peshawar,2022-04-27,0.0,26.87,33.61,0.52
Peshawar,2022-04-28,0.0,27.7,34.27,0.52
Peshawar,2022-04-29,1.67,27.01,41.27,0.51
Peshawar,2022-04-30,0.25,27.5,33.59,0.51
Peshawar,2022-05-01,0.0,28.85,30.58,0.51
Peshawar,2022-05-02,6.16,28.93,31.75,0.5
Peshawar,2022-05-03,82.59,24.9,52.35,0.59
Peshawar,2022-05-04,12.69,21.43,64.55,0.61
Peshawar,2022-05-05,4.75,22.9,57.28,0.62
Peshawar,2022-05-06,1.63,24.96,47.23,0.62
Peshawar,2022-05-07,0.0,26.13,39.2,0.61
Peshawar,2022-05-08,0.0,27.09,34.47,0.6
Peshawar,2022-05-09,0.57,27.3,40.18,0.59
Peshawar,2022-05-10,0.95,28.04,43.96,0.59
Peshawar,2022-05-11,0.1,28.02,41.42,0.58
Peshawar,2022-05-12,0.18,27.72,32.69,0.58
Peshawar,2022-05-13,0.03,27.11,33.79,0.57
Peshawar,2022-05-14,0.0,28.64,31.73,0.56
Peshawar,2022-05-15,0.0,27.94,34.99,0.56
Peshawar,2022-05-16,0.22,27.66,34.6,0.55
Peshawar,2022-05-17,2.02,27.93,39.12,0.54
Peshawar,2022-05-18,0.62,27.22,42.0,0.54
Peshawar,2022-05-19,0.32,27.6,39.74,0.54
Peshawar,2022-05-20,5.73,25.23,43.9,0.54
Peshawar,2022-05-21,0.44,25.5,34.58,0.54
Peshawar,2022-05-22,0.03,24.82,26.49,0.53
Peshawar,2022-05-23,0.1,23.01,25.79,0.53
Peshawar,2022-05-24,0.01,24.18,32.3,0.52
Peshawar,2022-05-25,0.0,27.09,35.1,0.52
Peshawar,2022-05-26,0.0,28.27,30.86,0.52
Peshawar,2022-05-27,1.62,29.16,32.08,0.51
Peshawar,2022-05-28,0.89,27.37,29.93,0.51
Peshawar,2022-05-29,0.06,26.61,27.54,0.51
Peshawar,2022-05-30,0.08,26.92,25.3,0.51
Peshawar,2022-05-31,0.38,27.04,23.15,0.5
Peshawar,2022-06-01,0.04,27.59,26.32,0.5
Peshawar,2022-06-02,0.01,28.59,21.6,0.5
Peshawar,2022-06-03,0.23,28.51,20.33,0.5
Peshawar,2022-06-04,0.0,29.54,19.29,0.49
Peshawar,2022-06-05,0.0,29.78,20.14,0.49
Peshawar,2022-06-06,0.0,31.14,20.14,0.49
Peshawar,2022-06-07,0.0,32.13,20.56,0.49
Peshawar,2022-06-08,0.0,32.25,19.26,0.48
Peshawar,2022-06-09,0.0,31.53,18.95,0.48
Peshawar,2022-06-10,0.5,31.91,20.96,0.48
Peshawar,2022-06-11,0.04,32.29,21.13,0.48
Peshawar,2022-06-12,0.61,31.96,23.3,0.48
Peshawar,2022-06-13,2.14,30.68,28.68,0.48
Peshawar,2022-06-14,1.25,32.55,29.79,0.48
Peshawar,2022-06-15,0.1,33.89,22.87,0.48
Peshawar,2022-06-16,1.36,32.77,19.92,0.48
Peshawar,2022-06-17,4.5,30.06,32.25,0.48
Peshawar,2022-06-18,9.43,27.84,46.86,0.49
Peshawar,2022-06-19,2.36,26.05,55.26,0.5
Peshawar,2022-06-20,1.39,24.62,56.48,0.49
Peshawar,2022-06-21,28.16,18.39,73.79,0.52
Peshawar,2022-06-22,14.35,21.14,62.64,0.56
Peshawar,2022-06-23,0.03,25.63,44.84,0.56
Peshawar,2022-06-24,0.0,28.22,40.19,0.55
Peshawar,2022-06-25,0.0,29.58,40.08,0.54
Peshawar,2022-06-26,0.0,29.74,43.03,0.54
Peshawar,2022-06-27,0.0,30.49,44.73,0.53
Peshawar,2022-06-28,0.0,31.84,42.55,0.53
Peshawar,2022-06-29,0.0,31.18,40.04,0.52
Peshawar,2022-06-30,0.0,31.78,45.38,0.51
Peshawar,2022-07-01,1.34,30.52,57.89,0.51
Peshawar,2022-07-02,1.02,30.02,59.35,0.51
Peshawar,2022-07-03,0.02,30.38,62.11,0.5
Peshawar,2022-07-04,0.37,31.62,59.3,0.5
Peshawar,2022-07-05,10.71,29.06,71.13,0.5
Peshawar,2022-07-06,1.74,29.34,70.48,0.51
Peshawar,2022-07-07,6.88,28.59,72.65,0.52
Peshawar,2022-07-08,8.39,29.22,63.69,0.52
Peshawar,2022-07-09,3.72,29.46,59.37,0.53
Peshawar,2022-07-10,10.92,28.62,63.41,0.54
Peshawar,2022-07-11,1.74,26.28,75.61,0.54
Peshawar,2022-07-12,4.51,27.71,71.35,0.54
Peshawar,2022-07-13,5.99,28.92,64.17,0.54
Peshawar,2022-07-14,14.0,27.26,61.13,0.56
Peshawar,2022-07-15,10.84,27.21,67.93,0.57
Peshawar,2022-07-16,2.19,27.76,65.6,0.57
Peshawar,2022-07-17,1.21,27.92,63.89,0.57
Peshawar,2022-07-18,0.01,29.3,59.59,0.56
Peshawar,2022-07-19,0.02,30.2,60.03,0.56
Peshawar,2022-07-20,0.57,31.65,55.9,0.55
Peshawar,2022-07-21,3.36,29.08,71.77,0.55
Peshawar,2022-07-22,1.94,26.62,74.23,0.55
Peshawar,2022-07-23,2.21,26.48,70.75,0.55
Peshawar,2022-07-24,8.83,26.33,75.26,0.56
Peshawar,2022-07-25,8.52,26.28,80.3,0.56
Peshawar,2022-07-26,8.89,26.38,79.31,0.58
Peshawar,2022-07-27,0.8,27.53,73.3,0.58
Peshawar,2022-07-28,10.41,28.28,73.41,0.58
Peshawar,2022-07-29,3.34,28.14,72.2,0.59
Peshawar,2022-07-30,2.02,28.61,66.73,0.58
Peshawar,2022-07-31,8.48,27.9,67.19,0.59
Peshawar,2022-08-01,7.58,26.94,68.27,0.6
Peshawar,2022-08-02,0.91,27.87,67.02,0.59
Peshawar,2022-08-03,1.28,28.35,61.55,0.59
Peshawar,2022-08-04,0.46,29.14,63.18,0.58
Peshawar,2022-08-05,0.52,28.75,66.06,0.58
Peshawar,2022-08-06,0.23,28.04,65.44,0.57
Peshawar,2022-08-07,0.42,28.55,61.3,0.57
Peshawar,2022-08-08,1.4,29.03,61.7,0.56
Peshawar,2022-08-09,2.35,27.99,68.96,0.56
Peshawar,2022-08-10,0.17,29.31,63.82,0.56
Peshawar,2022-08-11,3.97,28.83,64.98,0.55
Peshawar,2022-08-12,9.29,26.26,76.94,0.57
Peshawar,2022-08-13,0.08,29.09,61.46,0.57
Peshawar,2022-08-14,5.43,28.13,69.64,0.56
Peshawar,2022-08-15,17.31,26.42,78.47,0.58
Peshawar,2022-08-16,7.63,25.54,78.88,0.6
Peshawar,2022-08-17,6.77,25.53,73.09,0.61
Peshawar,2022-08-18,4.48,26.16,68.62,0.61
Peshawar,2022-08-19,0.24,27.72,64.53,0.6
Peshawar,2022-08-20,5.07,27.0,70.59,0.6
Peshawar,2022-08-21,15.45,24.15,76.12,0.62
Peshawar,2022-08-22,0.67,26.5,63.92,0.62
Peshawar,2022-08-23,1.22,27.44,62.52,0.62
Peshawar,2022-08-24,38.99,24.73,79.11,0.64
Peshawar,2022-08-25,58.94,24.29,82.95,0.71
Peshawar,2022-08-26,36.03,22.64,80.78,0.77
Peshawar,2022-08-27,9.59,24.97,71.18,0.8
Peshawar,2022-08-28,2.52,24.94,65.75,0.79
Peshawar,2022-08-29,1.74,25.0,64.26,0.78
Peshawar,2022-08-30,0.01,25.74,69.84,0.77
Peshawar,2022-08-31,0.01,25.88,65.75,0.76
Peshawar,2022-09-01,0.0,25.62,60.84,0.75
Peshawar,2022-09-02,0.0,26.13,64.11,0.74
Peshawar,2022-09-03,0.03,26.05,57.44,0.73
Peshawar,2022-09-04,1.81,24.4,63.78,0.72
Peshawar,2022-09-05,8.17,24.57,77.52,0.73
Peshawar,2022-09-06,4.44,25.12,80.44,0.73
Peshawar,2022-09-07,0.27,25.96,75.73,0.72
Peshawar,2022-09-08,0.0,26.46,74.33,0.71
Peshawar,2022-09-09,0.45,26.19,68.83,0.71
Peshawar,2022-09-10,3.22,25.43,68.26,0.7
Peshawar,2022-09-11,4.44,24.86,68.01,0.7
Peshawar,2022-09-12,7.71,24.04,71.44,0.71
Peshawar,2022-09-13,0.85,24.86,69.08,0.7
Peshawar,2022-09-14,0.22,25.24,69.9,0.7
Peshawar,2022-09-15,0.0,25.46,69.37,0.69
Peshawar,2022-09-16,0.18,24.28,60.82,0.68
Peshawar,2022-09-17,8.44,22.89,61.62,0.68
Peshawar,2022-09-18,4.3,24.07,61.91,0.69
Peshawar,2022-09-19,0.0,24.43,65.05,0.68
Peshawar,2022-09-20,0.0,24.58,72.59,0.68
Peshawar,2022-09-21,0.0,25.36,69.35,0.67
Peshawar,2022-09-22,0.01,25.36,64.79,0.66
Peshawar,2022-09-23,0.03,24.98,67.96,0.66
Peshawar,2022-09-24,2.23,25.15,67.16,0.65
Peshawar,2022-09-25,2.47,23.09,60.84,0.65
Peshawar,2022-09-26,4.25,23.05,68.12,0.65
Peshawar,2022-09-27,0.0,22.89,64.09,0.65
Peshawar,2022-09-28,0.01,22.7,63.03,0.64
Peshawar,2022-09-29,0.01,23.02,65.67,0.64
Peshawar,2022-09-30,0.0,23.1,68.29,0.63
Peshawar,2022-10-01,2.4,23.14,60.22,0.63
Peshawar,2022-10-02,4.64,22.21,62.18,0.63
Peshawar,2022-10-03,1.08,22.46,66.98,0.63
Peshawar,2022-10-04,0.0,23.44,58.69,0.63
Peshawar,2022-10-05,0.0,22.7,52.76,0.62
Peshawar,2022-10-06,2.26,21.26,55.98,0.62
Peshawar,2022-10-07,1.52,21.26,62.46,0.62
Peshawar,2022-10-08,0.0,21.87,53.97,0.61
Peshawar,2022-10-09,0.0,21.62,52.59,0.61
Peshawar,2022-10-10,0.02,22.14,57.35,0.6
Peshawar,2022-10-11,0.61,21.02,62.75,0.6
Peshawar,2022-10-12,0.91,20.17,60.53,0.6
Peshawar,2022-10-13,0.0,19.89,56.04,0.6
Peshawar,2022-10-14,0.0,20.06,43.54,0.59
Peshawar,2022-10-15,0.0,20.42,38.8,0.59
Peshawar,2022-10-16,0.0,20.36,41.74,0.58
Peshawar,2022-10-17,0.0,19.77,45.34,0.58
Peshawar,2022-10-18,0.0,19.14,42.25,0.58
Peshawar,2022-10-19,7.02,18.44,52.28,0.57
Peshawar,2022-10-20,0.01,15.6,36.89,0.58
Peshawar,2022-10-21,0.01,16.85,43.16,0.58
Peshawar,2022-10-22,0.0,17.49,47.19,0.57
Peshawar,2022-10-23,0.0,17.95,48.45,0.57
Peshawar,2022-10-24,0.0,18.19,51.71,0.57
Peshawar,2022-10-25,0.0,18.63,49.1,0.57
Peshawar,2022-10-26,0.0,18.85,46.15,0.56
Peshawar,2022-10-27,0.0,18.53,44.31,0.56
Peshawar,2022-10-28,0.0,17.98,43.18,0.56
Peshawar,2022-10-29,0.0,18.6,45.5,0.55
Peshawar,2022-10-30,0.0,19.07,49.23,0.55
Peshawar,2022-10-31,0.44,18.37,54.61,0.55
Peshawar,2022-11-01,2.27,17.56,60.01,0.55
Peshawar,2022-11-02,0.09,18.05,59.91,0.55
Peshawar,2022-11-03,0.01,18.28,57.54,0.55
Peshawar,2022-11-04,0.9,19.3,56.72,0.55
Peshawar,2022-11-05,15.56,16.9,74.22,0.56
Peshawar,2022-11-06,14.02,14.31,80.2,0.59
Peshawar,2022-11-07,1.59,14.94,69.46,0.6
Peshawar,2022-11-08,3.63,14.5,70.4,0.59
Peshawar,2022-11-09,2.14,13.34,69.93,0.6
Peshawar,2022-11-10,3.42,13.06,61.31,0.6
Peshawar,2022-11-11,0.11,13.45,54.52,0.6
Peshawar,2022-11-12,0.0,13.52,47.55,0.6
Peshawar,2022-11-13,4.8,11.45,60.08,0.6
Peshawar,2022-11-14,13.35,9.45,77.07,0.61
Peshawar,2022-11-15,0.01,10.99,62.98,0.62
Peshawar,2022-11-16,0.02,11.85,52.91,0.62
Peshawar,2022-11-17,0.1,11.87,40.46,0.62
Peshawar,2022-11-18,0.0,12.85,40.32,0.61
Peshawar,2022-11-19,7.07,9.77,76.37,0.61
Peshawar,2022-11-20,0.0,10.87,57.66,0.62
Peshawar,2022-11-21,0.0,11.71,41.11,0.62
Peshawar,2022-11-22,0.0,12.3,37.36,0.61
Peshawar,2022-11-23,0.0,14.23,37.21,0.61
Peshawar,2022-11-24,0.0,15.07,38.35,0.61
Peshawar,2022-11-25,0.0,14.44,44.71,0.61
Peshawar,2022-11-26,0.0,14.94,45.45,0.6
Peshawar,2022-11-27,0.0,13.76,45.77,0.6
Peshawar,2022-11-28,0.0,13.44,49.0,0.6
Peshawar,2022-11-29,0.0,13.27,50.39,0.6
Peshawar,2022-11-30,0.0,13.46,49.23,0.6
Peshawar,2022-12-01,0.0,13.36,47.92,0.59
Peshawar,2022-12-02,0.0,12.85,50.65,0.59
Peshawar,2022-12-03,0.0,11.36,58.18,0.59
Peshawar,2022-12-04,0.0,11.92,57.29,0.59
Peshawar,2022-12-05,0.0,12.11,53.89,0.59
Peshawar,2022-12-06,0.0,12.02,54.06,0.59
Peshawar,2022-12-07,0.0,11.7,51.11,0.58
Peshawar,2022-12-08,0.0,9.27,63.91,0.58
Peshawar,2022-12-09,0.52,9.76,67.04,0.58
Peshawar,2022-12-10,2.27,9.6,67.18,0.58
Peshawar,2022-12-11,0.01,10.61,57.98,0.58
Peshawar,2022-12-12,1.21,8.61,65.66,0.58
Peshawar,2022-12-13,0.05,9.11,59.28,0.58
Peshawar,2022-12-14,0.0,11.52,38.71,0.58
Peshawar,2022-12-15,0.0,12.37,44.83,0.58
Peshawar,2022-12-16,0.0,12.92,38.66,0.58
Peshawar,2022-12-17,0.0,12.8,40.59,0.58
Peshawar,2022-12-18,0.0,12.05,43.92,0.57
Peshawar,2022-12-19,0.0,11.09,50.36,0.57
Peshawar,2022-12-20,0.0,10.61,52.4,0.57
Peshawar,2022-12-21,0.0,9.82,50.05,0.57
Peshawar,2022-12-22,0.0,9.21,44.68,0.57
Peshawar,2022-12-23,0.0,8.46,44.35,0.57
Peshawar,2022-12-24,0.0,7.26,49.46,0.56
Peshawar,2022-12-25,0.0,8.25,45.36,0.56
Peshawar,2022-12-26,0.0,8.72,50.91,0.56
Peshawar,2022-12-27,0.0,9.12,49.93,0.56
Peshawar,2022-12-28,0.02,10.01,55.91,0.56
Peshawar,2022-12-29,6.44,9.29,74.18,0.56
Peshawar,2022-12-30,0.15,7.58,67.81,0.57
Peshawar,2022-12-31,0.02,6.8,41.72,0.57
Peshawar,2023-01-01,0.0,7.03,36.98,0.57
Peshawar,2023-01-02,0.0,6.86,40.89,0.56
Peshawar,2023-01-03,0.0,5.97,42.05,0.56
Peshawar,2023-01-04,0.0,8.03,37.72,0.56
Peshawar,2023-01-05,0.0,9.8,42.14,0.56
Peshawar,2023-01-06,0.0,9.47,41.46,0.56
Peshawar,2023-01-07,0.33,9.15,53.17,0.56
Peshawar,2023-01-08,6.25,6.07,81.11,0.56
Peshawar,2023-01-09,0.04,8.27,73.15,0.57
Peshawar,2023-01-10,0.04,9.79,60.0,0.57
Peshawar,2023-01-11,18.95,6.06,79.27,0.58
Peshawar,2023-01-12,2.53,0.47,34.47,0.6
Peshawar,2023-01-13,1.88,-0.32,31.79,0.6
Peshawar,2023-01-14,0.81,2.63,34.95,0.6
Peshawar,2023-01-15,0.0,1.65,40.3,0.6
Peshawar,2023-01-16,0.09,3.85,37.85,0.6
Peshawar,2023-01-17,0.0,5.12,36.14,0.59
Peshawar,2023-01-18,0.0,5.48,42.98,0.59
Peshawar,2023-01-19,0.15,7.43,45.43,0.59
Peshawar,2023-01-20,1.03,6.4,54.37,0.59
Peshawar,2023-01-21,5.62,5.04,70.95,0.6
Peshawar,2023-01-22,7.79,3.77,74.84,0.61
Peshawar,2023-01-23,0.27,2.86,61.59,0.61
Peshawar,2023-01-24,3.64,3.26,52.19,0.61
Peshawar,2023-01-25,9.66,2.02,54.44,0.63
Peshawar,2023-01-26,0.33,3.87,51.47,0.63
Peshawar,2023-01-27,0.0,6.31,45.75,0.63
Peshawar,2023-01-28,0.03,7.89,52.32,0.62
Peshawar,2023-01-29,2.89,6.94,78.06,0.62
Peshawar,2023-01-30,5.99,6.43,79.18,0.63
Peshawar,2023-01-31,0.0,6.97,63.86,0.63
Peshawar,2023-02-01,0.0,9.11,53.15,0.63
Peshawar,2023-02-02,0.01,9.44,67.86,0.63
Peshawar,2023-02-03,1.2,8.66,77.07,0.63
Peshawar,2023-02-04,0.07,10.37,63.82,0.63
Peshawar,2023-02-05,3.22,10.08,52.38,0.63
Peshawar,2023-02-06,3.2,9.05,69.45,0.63
Peshawar,2023-02-07,0.77,8.88,41.46,0.63
Peshawar,2023-02-08,0.23,9.68,48.15,0.63
Peshawar,2023-02-09,24.16,4.8,86.5,0.65
Peshawar,2023-02-10,1.15,6.4,62.68,0.67
Peshawar,2023-02-11,1.33,4.06,48.14,0.67
Peshawar,2023-02-12,0.0,5.62,37.37,0.66
Peshawar,2023-02-13,0.0,8.7,43.25,0.66
Peshawar,2023-02-14,0.0,12.06,50.41,0.66
Peshawar,2023-02-15,0.0,14.44,55.03,0.65
Peshawar,2023-02-16,0.0,15.37,52.98,0.65
Peshawar,2023-02-17,0.0,16.22,52.66,0.65
Peshawar,2023-02-18,0.0,14.8,58.5,0.65
Peshawar,2023-02-19,3.69,13.15,72.11,0.65
Peshawar,2023-02-20,1.94,12.06,72.85,0.65
Peshawar,2023-02-21,0.0,13.22,50.28,0.65
Peshawar,2023-02-22,0.0,12.55,50.2,0.65
Peshawar,2023-02-23,0.0,13.7,48.57,0.64
Peshawar,2023-02-24,0.0,15.41,48.01,0.64
Peshawar,2023-02-25,0.04,14.3,59.35,0.64
Peshawar,2023-02-26,0.08,13.9,64.45,0.63
Peshawar,2023-02-27,0.0,14.45,56.04,0.63
Peshawar,2023-02-28,0.39,13.27,64.59,0.63
Peshawar,2023-03-01,4.03,12.31,72.31,0.63
Peshawar,2023-03-02,5.35,11.76,77.07,0.64
Peshawar,2023-03-03,1.01,12.74,69.27,0.64
Peshawar,2023-03-04,0.72,14.86,57.87,0.64
Peshawar,2023-03-05,0.52,15.5,54.05,0.63
Peshawar,2023-03-06,0.72,16.11,47.83,0.63
Peshawar,2023-03-07,0.15,15.88,46.23,0.63
Peshawar,2023-03-08,0.0,16.22,42.5,0.62
Peshawar,2023-03-09,0.0,16.94,47.1,0.62
Peshawar,2023-03-10,0.0,19.03,48.65,0.61
Peshawar,2023-03-11,0.99,19.07,50.57,0.61
Peshawar,2023-03-12,4.82,16.96,64.87,0.61
Peshawar,2023-03-13,0.0,17.78,58.06,0.61
Peshawar,2023-03-14,0.0,19.01,46.81,0.61
Peshawar,2023-03-15,0.0,18.51,43.03,0.6
Peshawar,2023-03-16,1.79,15.9,64.52,0.6
Peshawar,2023-03-17,10.93,14.6,78.06,0.61
Peshawar,2023-03-18,0.58,14.74,75.66,0.62
Peshawar,2023-03-19,2.41,15.11,72.72,0.62
Peshawar,2023-03-20,1.5,15.15,66.74,0.62
Peshawar,2023-03-21,7.9,14.95,70.19,0.62
Peshawar,2023-03-22,3.44,13.6,78.1,0.63
Peshawar,2023-03-23,4.15,14.96,72.42,0.63
Peshawar,2023-03-24,13.64,12.25,84.13,0.64
Peshawar,2023-03-25,6.91,11.42,85.32,0.66
Peshawar,2023-03-26,2.05,13.7,62.43,0.66
Peshawar,2023-03-27,0.17,15.86,56.34,0.66
Peshawar,2023-03-28,0.21,14.76,65.22,0.65
Peshawar,2023-03-29,4.08,13.72,78.74,0.65
Peshawar,2023-03-30,13.65,14.44,80.51,0.67
Peshawar,2023-03-31,3.69,13.82,73.56,0.68
Peshawar,2023-04-01,5.0,14.42,76.0,0.68
Peshawar,2023-04-02,7.71,15.31,76.62,0.68
Peshawar,2023-04-03,14.53,15.16,83.13,0.7
Peshawar,2023-04-04,0.08,15.26,73.9,0.7
Peshawar,2023-04-05,1.14,14.88,73.73,0.7
Peshawar,2023-04-06,0.27,15.09,66.5,0.7
Peshawar,2023-04-07,0.0,17.33,55.17,0.69
Peshawar,2023-04-08,0.0,20.02,46.24,0.68
Peshawar,2023-04-09,0.0,20.39,52.45,0.67
Peshawar,2023-04-10,0.0,20.93,52.7,0.67
Peshawar,2023-04-11,0.0,22.12,46.77,0.66
Peshawar,2023-04-12,0.0,22.75,43.04,0.65
Peshawar,2023-04-13,0.0,22.85,36.77,0.65
Peshawar,2023-04-14,0.0,23.71,38.43,0.64
Peshawar,2023-04-15,1.59,24.39,45.16,0.63
Peshawar,2023-04-16,3.55,19.62,67.75,0.63
Peshawar,2023-04-17,11.34,20.55,64.62,0.63
Peshawar,2023-04-18,8.97,18.11,77.65,0.65
Peshawar,2023-04-19,17.52,18.74,64.25,0.67
Peshawar,2023-04-20,3.52,17.4,55.24,0.68
Peshawar,2023-04-21,5.85,16.97,50.52,0.68
Peshawar,2023-04-22,0.35,18.49,44.55,0.67
Peshawar,2023-04-23,0.18,20.01,37.84,0.67
Peshawar,2023-04-24,0.0,21.57,38.21,0.66
Peshawar,2023-04-25,0.52,21.46,43.78,0.65
Peshawar,2023-04-26,0.66,22.34,51.56,0.65
Peshawar,2023-04-27,3.66,20.39,59.7,0.64
Peshawar,2023-04-28,6.26,19.42,67.41,0.65
Peshawar,2023-04-29,0.03,21.32,57.58,0.65
Peshawar,2023-04-30,0.0,21.99,53.82,0.64
Peshawar,2023-05-01,3.25,19.95,68.5,0.64
Peshawar,2023-05-02,9.73,19.02,76.88,0.65
Peshawar,2023-05-03,3.08,19.83,70.27,0.65
Peshawar,2023-05-04,10.61,20.91,63.1,0.65
Peshawar,2023-05-05,1.78,21.74,62.65,0.66
Peshawar,2023-05-06,6.3,21.55,62.09,0.65
Peshawar,2023-05-07,4.35,19.61,52.62,0.65
Peshawar,2023-05-08,1.45,18.82,49.49,0.65
Peshawar,2023-05-09,0.18,19.21,41.06,0.65
Peshawar,2023-05-10,0.0,22.2,34.67,0.64
Peshawar,2023-05-11,0.0,24.86,36.16,0.63
Peshawar,2023-05-12,0.16,26.58,45.19,0.62
Peshawar,2023-05-13,0.28,24.6,52.4,0.61
Peshawar,2023-05-14,0.04,24.18,46.26,0.61
Peshawar,2023-05-15,0.03,24.93,45.36,0.6
Peshawar,2023-05-16,0.0,23.02,57.53,0.6
Peshawar,2023-05-17,1.48,25.49,54.63,0.59
Peshawar,2023-05-18,2.56,24.36,55.21,0.59
Peshawar,2023-05-19,0.04,25.85,41.53,0.58
Peshawar,2023-05-20,0.0,26.44,31.1,0.58
Peshawar,2023-05-21,0.53,26.58,33.48,0.57
Peshawar,2023-05-22,0.25,26.7,43.85,0.56
Peshawar,2023-05-23,1.28,26.03,50.87,0.56
Peshawar,2023-05-24,0.98,25.1,46.34,0.56
Peshawar,2023-05-25,0.78,24.87,43.6,0.55
Peshawar,2023-05-26,4.14,23.18,37.63,0.55
Peshawar,2023-05-27,2.58,22.22,37.67,0.55
Peshawar,2023-05-28,0.04,24.18,42.97,0.55
Peshawar,2023-05-29,3.32,20.9,66.83,0.55
Peshawar,2023-05-30,0.72,19.38,74.59,0.55
Peshawar,2023-05-31,10.87,18.16,77.34,0.55
Peshawar,2023-06-01,9.7,16.25,80.3,0.58
Peshawar,2023-06-02,0.0,22.72,51.79,0.58
Peshawar,2023-06-03,0.1,24.53,47.7,0.57
Peshawar,2023-06-04,2.42,26.14,49.87,0.57
Peshawar,2023-06-05,0.21,27.03,45.58,0.56
Peshawar,2023-06-06,0.0,27.04,41.75,0.56
Peshawar,2023-06-07,0.41,26.7,39.49,0.55
Peshawar,2023-06-08,0.22,27.69,43.82,0.54
Peshawar,2023-06-09,0.0,29.53,37.48,0.54
Peshawar,2023-06-10,2.34,29.68,38.0,0.53
Peshawar,2023-06-11,4.67,30.09,48.97,0.54
Peshawar,2023-06-12,0.23,29.44,44.78,0.53
Peshawar,2023-06-13,3.22,29.79,48.64,0.53
Peshawar,2023-06-14,2.52,29.45,47.03,0.53
Peshawar,2023-06-15,4.79,28.09,55.79,0.53
Peshawar,2023-06-16,1.36,28.62,58.14,0.53
Peshawar,2023-06-17,1.15,29.9,53.28,0.53
Peshawar,2023-06-18,0.14,30.89,49.83,0.52
Peshawar,2023-06-19,0.27,31.32,50.0,0.52
Peshawar,2023-06-20,0.0,31.24,36.89,0.51
Peshawar,2023-06-21,0.0,32.1,37.39,0.5
Peshawar,2023-06-22,0.0,34.16,34.43,0.5
Peshawar,2023-06-23,0.0,34.94,32.26,0.49
Peshawar,2023-06-24,0.28,33.38,32.94,0.49
Peshawar,2023-06-25,1.82,33.22,40.52,0.49
Peshawar,2023-06-26,7.19,30.45,56.98,0.5
Peshawar,2023-06-27,0.52,29.17,58.79,0.49
Peshawar,2023-06-28,4.51,29.15,59.05,0.49
Peshawar,2023-06-29,3.49,29.82,56.2,0.5
Peshawar,2023-06-30,2.07,28.34,53.63,0.5
Peshawar,2023-07-01,2.97,28.78,55.13,0.49
Peshawar,2023-07-02,0.23,30.59,47.54,0.49
Peshawar,2023-07-03,0.08,32.49,36.56,0.49
Peshawar,2023-07-04,3.26,30.23,48.05,0.49
Peshawar,2023-07-05,6.88,28.56,47.78,0.49
Peshawar,2023-07-06,13.88,27.59,57.75,0.5
Peshawar,2023-07-07,4.66,27.09,63.36,0.52
Peshawar,2023-07-08,3.74,26.25,58.58,0.52
Peshawar,2023-07-09,5.3,28.09,62.44,0.52
Peshawar,2023-07-10,3.29,28.04,61.78,0.52
Peshawar,2023-07-11,0.0,30.12,52.95,0.52
Peshawar,2023-07-12,0.0,31.08,48.26,0.51
Peshawar,2023-07-13,0.01,31.89,46.52,0.51
Peshawar,2023-07-14,2.24,31.11,53.91,0.5
Peshawar,2023-07-15,4.81,30.14,60.55,0.51
Peshawar,2023-07-16,4.64,29.04,65.98,0.51
Peshawar,2023-07-17,0.93,30.8,55.38,0.51
Peshawar,2023-07-18,4.36,30.65,54.91,0.51
Peshawar,2023-07-19,2.5,29.66,63.38,0.51
Peshawar,2023-07-20,10.66,27.9,75.66,0.52
Peshawar,2023-07-21,0.96,29.62,66.34,0.52
Peshawar,2023-07-22,2.69,29.45,67.87,0.52
Peshawar,2023-07-23,6.42,27.37,75.3,0.52
Peshawar,2023-07-24,2.77,27.45,71.32,0.52
Peshawar,2023-07-25,5.23,28.02,68.38,0.53
Peshawar,2023-07-26,1.36,29.08,65.32,0.53
Peshawar,2023-07-27,10.47,28.43,69.31,0.53
Peshawar,2023-07-28,12.83,28.5,62.81,0.54
Peshawar,2023-07-29,12.97,27.91,65.93,0.57
Peshawar,2023-07-30,0.86,28.41,64.24,0.57
Peshawar,2023-07-31,1.64,29.38,57.31,0.56
Peshawar,2023-08-01,1.86,29.88,55.19,0.56
Peshawar,2023-08-02,3.94,30.21,58.96,0.55
Peshawar,2023-08-03,6.07,30.16,58.78,0.56
Peshawar,2023-08-04,1.76,30.0,60.72,0.56
Peshawar,2023-08-05,3.09,30.4,61.21,0.56
Peshawar,2023-08-06,2.05,28.86,46.6,0.55
Peshawar,2023-08-07,11.11,27.61,56.35,0.56
Peshawar,2023-08-08,0.58,28.7,50.62,0.56
Peshawar,2023-08-09,0.0,30.02,54.83,0.55
Peshawar,2023-08-10,0.73,30.44,57.58,0.55
Peshawar,2023-08-11,1.95,29.88,61.46,0.55
Peshawar,2023-08-12,0.0,30.32,55.33,0.54
Peshawar,2023-08-13,0.01,30.1,44.02,0.54
Peshawar,2023-08-14,7.24,29.13,53.31,0.53
Peshawar,2023-08-15,5.45,28.7,56.64,0.55
Peshawar,2023-08-16,0.3,28.78,57.21,0.54
Peshawar,2023-08-17,2.8,29.01,60.35,0.54
Peshawar,2023-08-18,1.22,28.99,58.85,0.54
Peshawar,2023-08-19,0.0,29.19,64.51,0.53
Peshawar,2023-08-20,0.0,29.91,61.91,0.53
Peshawar,2023-08-21,0.17,30.69,58.58,0.52
Peshawar,2023-08-22,0.05,31.04,48.63,0.52
Peshawar,2023-08-23,0.79,30.3,40.69,0.52
Peshawar,2023-08-24,10.43,27.62,46.43,0.53
Peshawar,2023-08-25,7.13,26.9,52.34,0.53
Peshawar,2023-08-26,7.23,26.47,58.44,0.54
Peshawar,2023-08-27,0.49,27.39,54.93,0.54
Peshawar,2023-08-28,0.34,26.88,48.98,0.53
Peshawar,2023-08-29,1.54,26.61,58.05,0.53
Peshawar,2023-08-30,0.0,28.6,53.75,0.53
Peshawar,2023-08-31,0.0,29.25,54.2,0.52
Peshawar,2023-09-01,0.0,29.17,60.68,0.52
Peshawar,2023-09-02,2.48,28.76,58.61,0.52
Peshawar,2023-09-03,0.44,27.41,60.58,0.52
Peshawar,2023-09-04,1.33,28.53,55.79,0.51
Peshawar,2023-09-05,1.15,27.18,50.67,0.51
Peshawar,2023-09-06,0.18,27.71,59.2,0.51
Peshawar,2023-09-07,0.09,28.06,58.99,0.51
Peshawar,2023-09-08,0.09,28.66,52.75,0.5
Peshawar,2023-09-09,2.35,28.4,50.57,0.5
Peshawar,2023-09-10,0.24,28.91,47.94,0.5
Peshawar,2023-09-11,0.04,29.33,46.75,0.5
Peshawar,2023-09-12,0.0,28.53,43.73,0.5
Peshawar,2023-09-13,0.0,28.51,45.4,0.49
Peshawar,2023-09-14,3.1,28.83,53.7,0.49
Peshawar,2023-09-15,3.08,29.17,56.97,0.49
Peshawar,2023-09-16,6.22,27.39,63.02,0.5
Peshawar,2023-09-17,1.43,27.19,65.67,0.5
Peshawar,2023-09-18,0.65,26.69,67.63,0.5
Peshawar,2023-09-19,0.0,26.46,67.59,0.5
Peshawar,2023-09-20,0.69,26.94,64.69,0.5
Peshawar,2023-09-21,0.21,26.29,49.44,0.5
Peshawar,2023-09-22,1.84,26.56,55.34,0.49
Peshawar,2023-09-23,0.65,24.46,52.25,0.49
Peshawar,2023-09-24,0.88,24.98,58.27,0.49
Peshawar,2023-09-25,3.19,22.82,54.01,0.5
Peshawar,2023-09-26,0.21,23.7,55.34,0.49
Peshawar,2023-09-27,0.0,24.84,48.52,0.49
Peshawar,2023-09-28,1.0,24.42,49.5,0.49
Peshawar,2023-09-29,2.0,22.21,57.91,0.49
Peshawar,2023-09-30,0.0,22.16,42.73,0.49
Peshawar,2023-10-01,0.01,23.1,36.1,0.49
Peshawar,2023-10-02,0.16,23.17,36.46,0.49
Peshawar,2023-10-03,0.0,23.46,32.17,0.48
Peshawar,2023-10-04,0.0,23.94,26.86,0.48
Peshawar,2023-10-05,0.0,24.62,23.25,0.48
Peshawar,2023-10-06,0.0,25.31,23.56,0.48
Peshawar,2023-10-07,0.0,24.69,32.01,0.48
Peshawar,2023-10-08,0.01,25.0,37.99,0.48
Peshawar,2023-10-09,4.04,23.79,48.62,0.48
Peshawar,2023-10-10,0.0,22.16,45.29,0.48
Peshawar,2023-10-11,0.0,23.17,30.11,0.48
Peshawar,2023-10-12,0.0,24.01,28.34,0.48
Peshawar,2023-10-13,1.6,23.62,38.89,0.48
Peshawar,2023-10-14,2.69,20.67,63.23,0.48
Peshawar,2023-10-15,2.44,20.21,66.42,0.49
Peshawar,2023-10-16,9.21,16.87,74.09,0.5
Peshawar,2023-10-17,7.3,15.8,75.75,0.51
Peshawar,2023-10-18,0.0,16.96,61.55,0.51
Peshawar,2023-10-19,0.0,18.66,52.96,0.51
Peshawar,2023-10-20,0.0,18.83,58.31,0.51
Peshawar,2023-10-21,0.13,19.16,64.63,0.51
Peshawar,2023-10-22,1.51,17.63,72.1,0.51
Peshawar,2023-10-23,0.0,17.99,60.77,0.51
Peshawar,2023-10-24,0.01,18.03,53.61,0.5
Peshawar,2023-10-25,0.02,19.24,51.76,0.5
Peshawar,2023-10-26,0.0,20.0,48.94,0.5
Peshawar,2023-10-27,0.0,19.61,52.19,0.5
Peshawar,2023-10-28,0.0,20.38,51.1,0.49
Peshawar,2023-10-29,0.0,20.32,54.02,0.49
Peshawar,2023-10-30,0.0,19.87,53.13,0.49
Peshawar,2023-10-31,0.0,19.47,59.52,0.49
Peshawar,2023-11-01,3.29,19.12,60.1,0.49
Peshawar,2023-11-02,3.47,18.02,67.31,0.5
Peshawar,2023-11-03,0.0,18.0,48.83,0.5
Peshawar,2023-11-04,0.0,17.86,48.1,0.49
Peshawar,2023-11-05,0.0,17.94,50.06,0.49
Peshawar,2023-11-06,0.0,17.88,56.24,0.49
Peshawar,2023-11-07,0.0,16.7,66.51,0.49
Peshawar,2023-11-08,0.06,16.93,62.32,0.49
Peshawar,2023-11-09,26.37,16.4,64.05,0.5
Peshawar,2023-11-10,0.13,12.76,48.76,0.54
Peshawar,2023-11-11,0.17,14.78,39.78,0.53
Peshawar,2023-11-12,0.0,14.92,42.61,0.53
Peshawar,2023-11-13,0.0,14.84,47.81,0.53
Peshawar,2023-11-14,0.0,15.19,47.44,0.53
Peshawar,2023-11-15,0.0,15.64,42.18,0.52
Peshawar,2023-11-16,0.0,15.92,40.09,0.52
Peshawar,2023-11-17,0.0,15.65,43.26,0.52
Peshawar,2023-11-18,0.0,14.72,47.68,0.52
Peshawar,2023-11-19,0.0,15.3,50.25,0.52
Peshawar,2023-11-20,0.0,14.5,52.45,0.52
Peshawar,2023-11-21,0.0,15.21,45.35,0.51
Peshawar,2023-11-22,0.0,15.58,44.16,0.51
Peshawar,2023-11-23,0.0,13.74,57.03,0.51
Peshawar,2023-11-24,0.0,13.56,46.24,0.51
Peshawar,2023-11-25,0.0,14.48,42.98,0.51
Peshawar,2023-11-26,0.0,14.4,43.82,0.51
Peshawar,2023-11-27,0.0,14.68,49.36,0.5
Peshawar,2023-11-28,0.0,14.26,52.39,0.5
Peshawar,2023-11-29,0.04,14.68,52.71,0.5
Peshawar,2023-11-30,3.94,12.6,73.26,0.5
Peshawar,2023-12-01,4.03,12.18,74.96,0.51
Peshawar,2023-12-02,0.0,12.12,55.46,0.51
Peshawar,2023-12-03,0.0,12.1,51.62,0.51
Peshawar,2023-12-04,0.0,12.52,45.95,0.51
Peshawar,2023-12-05,0.0,12.91,36.63,0.51
Peshawar,2023-12-06,0.0,12.48,36.47,0.51
Peshawar,2023-12-07,0.0,12.48,39.5,0.51
Peshawar,2023-12-08,0.0,11.69,39.39,0.5
Peshawar,2023-12-09,0.0,10.74,42.74,0.5
Peshawar,2023-12-10,0.0,10.97,34.14,0.5
Peshawar,2023-12-11,0.0,10.54,33.29,0.5
Peshawar,2023-12-12,0.0,8.91,45.08,0.5
Peshawar,2023-12-13,0.0,8.63,47.58,0.5
Peshawar,2023-12-14,0.0,9.66,48.43,0.5
Peshawar,2023-12-15,0.0,10.37,47.64,0.5
Peshawar,2023-12-16,0.15,9.19,57.32,0.5
Peshawar,2023-12-17,0.0,8.23,50.07,0.49
Peshawar,2023-12-18,0.0,9.44,36.98,0.49
Peshawar,2023-12-19,0.0,10.99,29.45,0.49
Peshawar,2023-12-20,0.0,12.67,27.63,0.49
Peshawar,2023-12-21,0.0,13.35,24.11,0.49
Peshawar,2023-12-22,0.16,13.47,26.11,0.49
Peshawar,2023-12-23,0.5,12.28,44.63,0.49
Peshawar,2023-12-24,0.12,13.15,45.95,0.49
Peshawar,2023-12-25,0.0,13.54,42.47,0.49
Peshawar,2023-12-26,0.0,13.03,41.98,0.49
Peshawar,2023-12-27,0.0,12.22,41.04,0.49
Peshawar,2023-12-28,0.0,13.05,28.82,0.48
Peshawar,2023-12-29,0.0,11.43,41.08,0.48
Peshawar,2023-12-30,0.0,10.51,47.99,0.48
Peshawar,2023-12-31,0.0,11.09,43.44,0.48
Peshawar,2024-01-01,0.0,10.74,38.49,0.48
Peshawar,2024-01-02,0.0,10.56,34.77,0.48
Peshawar,2024-01-03,0.0,9.45,44.41,0.48
Peshawar,2024-01-04,0.0,10.12,43.4,0.48
Peshawar,2024-01-05,0.0,10.35,43.59,0.48
Peshawar,2024-01-06,0.0,9.57,46.03,0.48
Peshawar,2024-01-07,0.0,9.61,46.27,0.48
Peshawar,2024-01-08,0.0,7.69,58.53,0.48
Peshawar,2024-01-09,0.0,9.45,42.44,0.48
Peshawar,2024-01-10,0.0,9.8,33.34,0.48
Peshawar,2024-01-11,0.0,10.34,28.63,0.48
Peshawar,2024-01-12,0.0,10.93,29.24,0.48
Peshawar,2024-01-13,0.0,11.93,28.03,0.48
Peshawar,2024-01-14,0.0,10.95,30.68,0.48
Peshawar,2024-01-15,0.0,11.06,29.81,0.48
Peshawar,2024-01-16,0.0,9.66,39.41,0.48
Peshawar,2024-01-17,0.0,9.17,39.57,0.48
Peshawar,2024-01-18,0.0,9.88,37.44,0.48
Peshawar,2024-01-19,0.0,10.77,36.87,0.48
Peshawar,2024-01-20,0.0,9.51,40.92,0.48
Peshawar,2024-01-21,0.0,10.01,36.16,0.48
Peshawar,2024-01-22,0.0,8.84,36.48,0.48
Peshawar,2024-01-23,0.0,8.62,36.62,0.48
Peshawar,2024-01-24,0.0,8.3,34.62,0.48
Peshawar,2024-01-25,0.0,9.02,39.4,0.48
Peshawar,2024-01-26,0.0,8.16,60.98,0.48
Peshawar,2024-01-27,1.11,9.61,56.97,0.48
Peshawar,2024-01-28,17.83,8.44,80.08,0.49
Peshawar,2024-01-29,6.14,7.52,85.27,0.52
Peshawar,2024-01-30,4.55,8.37,75.65,0.52
Peshawar,2024-01-31,10.91,8.54,72.16,0.54
Peshawar,2024-02-01,0.04,4.52,41.54,0.55
Peshawar,2024-02-02,0.06,5.19,42.41,0.54
Peshawar,2024-02-03,10.77,3.99,78.93,0.55
Peshawar,2024-02-04,2.45,5.27,72.06,0.56
Peshawar,2024-02-05,0.02,5.09,50.92,0.56
Peshawar,2024-02-06,0.01,6.01,47.71,0.56
Peshawar,2024-02-07,0.0,6.13,46.91,0.56
Peshawar,2024-02-08,0.0,9.17,34.39,0.56
Peshawar,2024-02-09,0.0,10.23,35.81,0.56
Peshawar,2024-02-10,0.0,10.81,38.58,0.55
Peshawar,2024-02-11,0.0,11.58,40.81,0.55
Peshawar,2024-02-12,0.0,11.39,44.56,0.55
Peshawar,2024-02-13,0.0,11.9,40.96,0.55
Peshawar,2024-02-14,0.0,12.18,38.79,0.55
Peshawar,2024-02-15,0.0,12.71,39.03,0.54
Peshawar,2024-02-16,0.0,13.43,42.0,0.54
Peshawar,2024-02-17,0.07,13.52,45.88,0.54
Peshawar,2024-02-18,10.77,9.68,73.68,0.54
Peshawar,2024-02-19,45.33,6.9,82.34,0.6
Peshawar,2024-02-20,0.0,6.34,51.09,0.63
Peshawar,2024-02-21,0.41,6.7,47.39,0.63
Peshawar,2024-02-22,0.05,6.44,47.05,0.62
Peshawar,2024-02-23,0.0,8.38,38.95,0.62
Peshawar,2024-02-24,0.0,8.14,43.87,0.62
Peshawar,2024-02-25,1.13,7.73,52.82,0.62
Peshawar,2024-02-26,5.27,6.36,77.7,0.62
Peshawar,2024-02-27,0.02,8.38,68.91,0.62
Peshawar,2024-02-28,0.19,11.21,61.86,0.62
Peshawar,2024-02-29,3.13,10.82,69.4,0.62
Peshawar,2024-03-01,30.14,8.59,90.95,0.64
Peshawar,2024-03-02,35.9,6.95,82.08,0.71
Peshawar,2024-03-03,5.33,3.21,59.34,0.72
Peshawar,2024-03-04,0.0,5.62,55.97,0.72
Peshawar,2024-03-05,0.0,7.59,54.17,0.72
Peshawar,2024-03-06,0.16,9.6,52.42,0.71
Peshawar,2024-03-07,0.41,9.35,63.19,0.71
Peshawar,2024-03-08,0.0,11.08,55.4,0.71
Peshawar,2024-03-09,0.0,12.86,47.72,0.7
Peshawar,2024-03-10,0.0,14.04,52.77,0.7
Peshawar,2024-03-11,0.0,12.86,64.18,0.7
Peshawar,2024-03-12,0.0,14.28,61.3,0.69
Peshawar,2024-03-13,23.3,12.0,67.57,0.7
Peshawar,2024-03-14,0.0,9.75,59.59,0.72
Peshawar,2024-03-15,0.0,12.76,43.6,0.71
Peshawar,2024-03-16,0.0,14.01,43.29,0.71
Peshawar,2024-03-17,0.0,15.46,49.19,0.7
Peshawar,2024-03-18,0.0,17.1,49.06,0.7
Peshawar,2024-03-19,0.0,17.63,50.16,0.69
Peshawar,2024-03-20,0.07,18.89,48.38,0.68
Peshawar,2024-03-21,4.44,16.65,68.68,0.68
Peshawar,2024-03-22,0.39,15.76,70.27,0.68
Peshawar,2024-03-23,0.64,17.28,61.43,0.68
Peshawar,2024-03-24,0.09,17.81,64.25,0.67
Peshawar,2024-03-25,0.0,18.99,48.77,0.67
Peshawar,2024-03-26,0.4,18.4,59.39,0.66
Peshawar,2024-03-27,6.89,17.17,76.61,0.67
Peshawar,2024-03-28,0.51,16.97,76.41,0.67
Peshawar,2024-03-29,17.56,16.09,78.26,0.68
Peshawar,2024-03-30,14.85,14.14,76.78,0.71
Peshawar,2024-03-31,0.0,13.84,56.49,0.71
Peshawar,2024-04-01,0.0,16.25,41.76,0.7
Peshawar,2024-04-02,1.09,16.73,47.4,0.69
Peshawar,2024-04-03,1.96,17.16,51.38,0.69
Peshawar,2024-04-04,0.07,17.92,49.92,0.69
Peshawar,2024-04-05,0.0,17.74,46.44,0.68
Peshawar,2024-04-06,0.0,19.41,41.91,0.67
Peshawar,2024-04-07,0.0,19.67,43.0,0.67
Peshawar,2024-04-08,0.0,20.57,40.17,0.66
Peshawar,2024-04-09,0.0,21.23,45.46,0.65
Peshawar,2024-04-10,1.1,19.96,55.56,0.65
Peshawar,2024-04-11,1.07,19.4,58.84,0.65
Peshawar,2024-04-12,6.32,17.58,67.5,0.64
Peshawar,2024-04-13,45.97,14.28,84.05,0.68
Peshawar,2024-04-14,4.44,15.49,81.79,0.72
Peshawar,2024-04-15,31.97,15.63,85.25,0.74
Peshawar,2024-04-16,1.0,17.53,63.14,0.76
Peshawar,2024-04-17,0.13,19.34,53.55,0.75
Peshawar,2024-04-18,7.94,17.16,65.71,0.75
Peshawar,2024-04-19,26.92,15.5,78.73,0.77
Peshawar,2024-04-20,2.17,16.42,77.54,0.78
Peshawar,2024-04-21,2.93,18.25,68.11,0.78
Peshawar,2024-04-22,0.93,18.67,62.71,0.77
Peshawar,2024-04-23,0.01,20.29,57.17,0.77
Peshawar,2024-04-24,0.0,20.87,57.49,0.76
Peshawar,2024-04-25,1.34,22.05,60.93,0.75
Peshawar,2024-04-26,4.78,19.92,69.6,0.75
Peshawar,2024-04-27,18.43,16.27,80.27,0.76
Peshawar,2024-04-28,22.4,15.66,79.58,0.78
Peshawar,2024-04-29,2.7,14.97,66.51,0.8
Peshawar,2024-04-30,1.69,13.34,63.4,0.79
Peshawar,2024-05-01,0.0,17.06,48.52,0.78
Peshawar,2024-05-02,0.0,19.58,49.38,0.77
Peshawar,2024-05-03,1.03,19.0,60.07,0.76
Peshawar,2024-05-04,0.82,19.19,66.17,0.76
Peshawar,2024-05-05,0.06,21.98,61.64,0.75
Peshawar,2024-05-06,0.0,23.84,45.47,0.74
Peshawar,2024-05-07,0.0,25.03,42.22,0.73
Peshawar,2024-05-08,0.0,26.93,44.96,0.72
Peshawar,2024-05-09,0.1,27.31,48.54,0.71
Peshawar,2024-05-10,6.66,22.29,68.96,0.71
Peshawar,2024-05-11,3.69,23.61,65.15,0.71
Peshawar,2024-05-12,6.06,21.6,63.46,0.71
Peshawar,2024-05-13,0.04,22.87,61.0,0.71
Peshawar,2024-05-14,0.0,25.11,54.61,0.7
Peshawar,2024-05-15,0.0,26.7,48.33,0.69
Peshawar,2024-05-16,0.0,27.4,51.66,0.68
Peshawar,2024-05-17,0.01,27.68,49.53,0.67
Peshawar,2024-05-18,0.04,26.7,49.6,0.66
Peshawar,2024-05-19,0.38,26.58,43.68,0.65
Peshawar,2024-05-20,2.38,26.92,47.24,0.65
Peshawar,2024-05-21,0.0,26.59,37.98,0.64
Peshawar,2024-05-22,0.0,28.29,34.9,0.63
Peshawar,2024-05-23,0.0,28.98,39.73,0.62
Peshawar,2024-05-24,0.27,29.32,41.89,0.62
Peshawar,2024-05-25,0.05,28.63,42.84,0.61
Peshawar,2024-05-26,0.0,27.25,35.07,0.6
Peshawar,2024-05-27,0.0,28.27,28.61,0.59
Peshawar,2024-05-28,0.0,27.18,25.92,0.58
Peshawar,2024-05-29,0.0,26.62,27.19,0.57
Peshawar,2024-05-30,0.0,27.06,28.54,0.57
Peshawar,2024-05-31,0.0,27.0,29.77,0.56
Peshawar,2024-06-01,0.0,27.59,29.19,0.55
Peshawar,2024-06-02,0.0,28.33,31.16,0.54
Peshawar,2024-06-03,0.0,29.75,37.74,0.54
Peshawar,2024-06-04,1.29,28.85,35.98,0.53
Peshawar,2024-06-05,6.0,27.09,45.73,0.53
Peshawar,2024-06-06,4.64,25.09,51.62,0.54
Peshawar,2024-06-07,0.03,25.21,42.89,0.54
Peshawar,2024-06-08,0.35,25.47,42.19,0.53
Peshawar,2024-06-09,0.48,27.96,34.43,0.53
Peshawar,2024-06-10,0.0,28.54,30.69,0.52
Peshawar,2024-06-11,0.37,29.67,32.45,0.52
Peshawar,2024-06-12,0.66,30.5,32.19,0.51
Peshawar,2024-06-13,0.11,31.3,31.24,0.51
Peshawar,2024-06-14,0.6,31.27,31.23,0.5
Peshawar,2024-06-15,0.23,31.74,32.52,0.5
Peshawar,2024-06-16,0.0,33.3,28.48,0.5
Peshawar,2024-06-17,0.85,33.62,28.09,0.49
Peshawar,2024-06-18,1.56,32.43,25.87,0.49
Peshawar,2024-06-19,0.93,31.2,24.44,0.49
Peshawar,2024-06-20,1.63,31.57,27.27,0.49
Peshawar,2024-06-21,14.52,25.83,50.72,0.5
Peshawar,2024-06-22,0.22,27.79,49.36,0.51
Peshawar,2024-06-23,0.57,29.22,47.35,0.5
Peshawar,2024-06-24,0.07,30.5,38.32,0.5
Peshawar,2024-06-25,1.04,31.65,36.37,0.49
Peshawar,2024-06-26,0.07,32.84,35.19,0.49
Peshawar,2024-06-27,0.1,33.31,35.36,0.49
Peshawar,2024-06-28,0.16,32.88,36.01,0.48
Peshawar,2024-06-29,0.3,33.04,36.7,0.48
Peshawar,2024-06-30,0.0,34.13,30.1,0.48
Peshawar,2024-07-01,0.23,34.01,26.18,0.48
Peshawar,2024-07-02,2.46,33.52,25.11,0.48
Peshawar,2024-07-03,0.0,35.36,22.51,0.48
Peshawar,2024-07-04,0.68,34.97,37.1,0.48
Peshawar,2024-07-05,0.51,33.66,35.29,0.48
Peshawar,2024-07-06,5.99,30.4,37.56,0.48
Peshawar,2024-07-07,5.66,29.25,55.72,0.49
Peshawar,2024-07-08,2.8,30.04,57.42,0.49
Peshawar,2024-07-09,3.8,29.85,63.01,0.49
Peshawar,2024-07-10,5.24,30.67,60.79,0.5
Peshawar,2024-07-11,0.82,31.5,51.23,0.49
Peshawar,2024-07-12,0.03,30.72,42.11,0.49
Peshawar,2024-07-13,4.59,29.52,54.29,0.49
Peshawar,2024-07-14,0.21,29.5,50.25,0.49
Peshawar,2024-07-15,4.21,29.47,56.51,0.49
Peshawar,2024-07-16,1.18,29.72,58.67,0.49
Peshawar,2024-07-17,0.09,29.58,51.13,0.49
Peshawar,2024-07-18,10.39,30.35,50.54,0.49
Peshawar,2024-07-19,10.57,29.76,61.4,0.51
Peshawar,2024-07-20,0.89,31.11,56.11,0.51
Peshawar,2024-07-21,0.21,31.91,53.03,0.51
Peshawar,2024-07-22,0.37,32.33,53.44,0.5
Peshawar,2024-07-23,58.29,31.66,58.46,0.51
Peshawar,2024-07-24,1.61,30.05,63.48,0.58
Peshawar,2024-07-25,3.12,31.5,58.28,0.57
Peshawar,2024-07-26,0.02,31.93,53.15,0.56
Peshawar,2024-07-27,0.03,31.44,55.39,0.55
Peshawar,2024-07-28,1.27,31.43,62.76,0.55
Peshawar,2024-07-29,12.85,30.58,69.23,0.55
Peshawar,2024-07-30,17.54,29.93,73.31,0.58
Peshawar,2024-07-31,5.85,30.49,70.32,0.59
Peshawar,2024-08-01,9.7,29.75,67.22,0.59
Peshawar,2024-08-02,25.61,27.0,78.02,0.63
Peshawar,2024-08-03,4.77,27.66,75.61,0.63
Peshawar,2024-08-04,3.54,26.93,81.29,0.63
Peshawar,2024-08-05,5.24,27.24,78.73,0.63
Peshawar,2024-08-06,14.62,28.49,73.6,0.64
Peshawar,2024-08-07,3.32,28.92,68.24,0.65
Peshawar,2024-08-08,3.93,29.34,69.88,0.64
Peshawar,2024-08-09,5.54,28.91,73.31,0.64
Peshawar,2024-08-10,2.03,29.23,68.49,0.64
Peshawar,2024-08-11,3.05,29.2,63.72,0.64
Peshawar,2024-08-12,0.06,28.07,71.43,0.63
Peshawar,2024-08-13,0.0,29.18,71.31,0.62
Peshawar,2024-08-14,0.47,29.66,71.3,0.61
Peshawar,2024-08-15,2.51,28.95,75.9,0.61
Peshawar,2024-08-16,3.38,27.35,74.79,0.61
Peshawar,2024-08-17,6.2,26.19,77.05,0.62
Peshawar,2024-08-18,1.46,27.37,74.76,0.62
Peshawar,2024-08-19,0.78,28.61,68.69,0.61
Peshawar,2024-08-20,3.7,27.84,71.91,0.61
Peshawar,2024-08-21,6.98,26.37,69.67,0.61
Peshawar,2024-08-22,2.2,27.42,68.93,0.61
Peshawar,2024-08-23,0.01,27.23,63.18,0.61
Peshawar,2024-08-24,0.38,27.55,69.94,0.6
Peshawar,2024-08-25,0.56,28.56,65.65,0.6
Peshawar,2024-08-26,0.73,28.35,61.05,0.59
Peshawar,2024-08-27,11.46,26.2,78.09,0.59
Peshawar,2024-08-28,2.8,24.28,78.0,0.6
Peshawar,2024-08-29,4.2,24.95,74.11,0.6
Peshawar,2024-08-30,20.75,22.56,84.64,0.63
Peshawar,2024-08-31,0.04,26.04,66.04,0.63
Peshawar,2024-09-01,0.0,27.54,64.56,0.62
Peshawar,2024-09-02,2.07,27.35,68.85,0.62
Peshawar,2024-09-03,1.69,25.17,61.64,0.62
Peshawar,2024-09-04,0.15,26.34,64.26,0.61
Peshawar,2024-09-05,0.01,25.68,59.15,0.6
Peshawar,2024-09-06,0.55,26.4,64.0,0.6
Peshawar,2024-09-07,1.16,26.76,63.97,0.59
Peshawar,2024-09-08,0.1,26.41,58.59,0.59
Peshawar,2024-09-09,0.0,26.41,52.5,0.58
Peshawar,2024-09-10,0.37,25.79,47.15,0.58
Peshawar,2024-09-11,0.46,26.4,51.54,0.57
Peshawar,2024-09-12,0.11,27.1,51.99,0.57
Peshawar,2024-09-13,0.68,26.87,63.94,0.56
Peshawar,2024-09-14,1.34,24.28,66.71,0.56
Peshawar,2024-09-15,0.1,24.89,64.82,0.56
Peshawar,2024-09-16,0.0,25.23,64.2,0.55
Peshawar,2024-09-17,0.0,24.61,61.03,0.55
Peshawar,2024-09-18,0.0,26.24,59.03,0.55
Peshawar,2024-09-19,0.0,26.64,57.76,0.54
Peshawar,2024-09-20,0.0,27.27,53.35,0.54
Peshawar,2024-09-21,0.0,27.76,53.14,0.53
Peshawar,2024-09-22,0.0,27.96,58.57,0.53
Peshawar,2024-09-23,0.0,28.39,55.65,0.53
Peshawar,2024-09-24,0.0,28.15,54.95,0.52
Peshawar,2024-09-25,0.0,27.99,59.12,0.52
Peshawar,2024-09-26,4.64,27.04,67.26,0.52
Peshawar,2024-09-27,3.58,25.85,67.6,0.52
Peshawar,2024-09-28,0.73,24.56,63.67,0.52
Peshawar,2024-09-29,0.02,25.19,68.1,0.52
Peshawar,2024-09-30,0.0,26.26,59.28,0.52
Peshawar,2024-10-01,0.0,26.13,47.75,0.51
Peshawar,2024-10-02,0.0,25.93,40.79,0.51
Peshawar,2024-10-03,0.0,25.12,37.02,0.51
Peshawar,2024-10-04,0.0,24.57,41.17,0.5
Peshawar,2024-10-05,7.92,24.46,54.22,0.5
Peshawar,2024-10-06,7.25,22.02,64.93,0.52
Peshawar,2024-10-07,2.39,23.28,61.76,0.52
Peshawar,2024-10-08,3.65,22.02,64.13,0.53
Peshawar,2024-10-09,0.73,21.31,57.58,0.53
Peshawar,2024-10-10,0.0,21.68,53.69,0.52
Peshawar,2024-10-11,0.0,22.49,47.6,0.52
Peshawar,2024-10-12,0.0,22.28,44.72,0.52
Peshawar,2024-10-13,0.03,21.91,48.15,0.51
Peshawar,2024-10-14,0.0,21.68,49.52,0.51
Peshawar,2024-10-15,0.0,22.13,46.63,0.51
Peshawar,2024-10-16,0.0,22.33,43.54,0.5
Peshawar,2024-10-17,0.01,21.75,50.1,0.5
Peshawar,2024-10-18,0.0,21.62,50.03,0.5
Peshawar,2024-10-19,0.0,21.83,45.31,0.5
Peshawar,2024-10-20,0.0,21.24,41.22,0.49
Peshawar,2024-10-21,0.0,20.88,49.79,0.49
Peshawar,2024-10-22,1.6,20.56,58.22,0.49
Peshawar,2024-10-23,0.33,19.7,66.15,0.49
Peshawar,2024-10-24,0.0,20.36,51.39,0.49
Peshawar,2024-10-25,0.0,21.81,36.13,0.49
Peshawar,2024-10-26,0.0,22.67,36.64,0.49
Peshawar,2024-10-27,0.0,22.72,36.88,0.49
Peshawar,2024-10-28,8.55,21.29,48.29,0.49
Peshawar,2024-10-29,4.41,20.13,65.76,0.51
Peshawar,2024-10-30,0.24,19.38,59.45,0.51
Peshawar,2024-10-31,0.0,20.22,46.42,0.5
Peshawar,2024-11-01,0.0,20.06,35.17,0.5
Peshawar,2024-11-02,0.0,19.8,36.62,0.5
Peshawar,2024-11-03,0.0,19.68,41.19,0.5
Peshawar,2024-11-04,0.0,20.66,39.8,0.49
Peshawar,2024-11-05,0.0,20.51,43.36,0.49
Peshawar,2024-11-06,0.0,21.13,43.45,0.49
Peshawar,2024-11-07,0.0,20.14,42.78,0.49
Peshawar,2024-11-08,0.0,20.3,41.79,0.49
Peshawar,2024-11-09,0.0,19.46,42.23,0.49
Peshawar,2024-11-10,0.8,18.96,48.34,0.49
Peshawar,2024-11-11,3.96,16.92,61.43,0.49
Peshawar,2024-11-12,0.12,15.26,54.41,0.49
Peshawar,2024-11-13,0.2,15.57,51.84,0.49
Peshawar,2024-11-14,2.36,15.3,61.29,0.49
Peshawar,2024-11-15,10.86,13.67,73.33,0.5
Peshawar,2024-11-16,0.85,13.31,64.51,0.52
Peshawar,2024-11-17,0.0,13.92,48.76,0.51
Peshawar,2024-11-18,0.0,14.17,42.51,0.51
Peshawar,2024-11-19,0.0,14.44,39.45,0.51
Peshawar,2024-11-20,0.0,14.89,41.66,0.51
Peshawar,2024-11-21,0.0,15.39,44.48,0.5
Peshawar,2024-11-22,0.0,14.56,46.14,0.5
Peshawar,2024-11-23,0.0,14.4,51.34,0.5
Peshawar,2024-11-24,0.0,13.57,56.17,0.5
Peshawar,2024-11-25,0.0,13.53,47.35,0.5
Peshawar,2024-11-26,0.0,13.59,36.3,0.5
Peshawar,2024-11-27,0.0,13.6,33.22,0.5
Peshawar,2024-11-28,0.0,13.97,32.89,0.49
Peshawar,2024-11-29,1.46,12.86,47.63,0.49
Peshawar,2024-11-30,0.0,12.75,56.82,0.5
Peshawar,2024-12-01,0.1,12.72,55.32,0.49
Peshawar,2024-12-02,0.88,12.29,59.42,0.49
Peshawar,2024-12-03,0.11,11.46,59.32,0.49
Peshawar,2024-12-04,0.0,11.6,38.39,0.49
Peshawar,2024-12-05,0.09,11.22,30.12,0.49
Peshawar,2024-12-06,0.0,9.76,28.72,0.49
Peshawar,2024-12-07,0.0,9.58,28.08,0.49
Peshawar,2024-12-08,0.02,7.77,26.19,0.49
Peshawar,2024-12-09,0.02,6.22,18.34,0.49
Peshawar,2024-12-10,0.0,7.05,24.65,0.49
Peshawar,2024-12-11,0.0,8.45,35.77,0.49
Peshawar,2024-12-12,0.0,7.92,36.54,0.49
Peshawar,2024-12-13,0.0,8.08,31.31,0.49
Peshawar,2024-12-14,0.0,10.13,21.91,0.48
Peshawar,2024-12-15,0.0,11.01,22.18,0.48
Peshawar,2024-12-16,0.0,10.6,34.72,0.48
Peshawar,2024-12-17,0.0,10.3,28.84,0.48
Peshawar,2024-12-18,0.0,9.94,28.21,0.48
Peshawar,2024-12-19,0.0,8.82,26.35,0.48
Peshawar,2024-12-20,0.0,8.21,26.24,0.48
Peshawar,2024-12-21,0.0,8.7,24.32,0.48
Peshawar,2024-12-22,0.0,9.48,28.41,0.48
Peshawar,2024-12-23,0.0,8.24,33.59,0.48
Peshawar,2024-12-24,0.04,7.82,32.1,0.48
Peshawar,2024-12-25,0.0,9.0,24.43,0.48
Peshawar,2024-12-26,0.0,9.44,22.77,0.48
Peshawar,2024-12-27,0.0,9.37,29.38,0.48
Peshawar,2024-12-28,0.0,8.68,31.28,0.48
Peshawar,2024-12-29,0.0,8.62,34.89,0.48
Peshawar,2024-12-30,0.0,9.8,25.2,0.48
Peshawar,2024-12-31,0.0,9.8,31.15,0.48
Quetta,2020-01-01,0.0,2.0,58.12,0.48
Quetta,2020-01-02,0.0,2.92,82.07,0.48
Quetta,2020-01-03,0.59,4.43,77.88,0.48
Quetta,2020-01-04,1.36,4.05,76.79,0.48
Quetta,2020-01-05,28.45,4.52,92.18,0.51
Quetta,2020-01-06,17.13,4.7,94.66,0.56
Quetta,2020-01-07,0.11,0.6,69.8,0.57
Quetta,2020-01-08,0.0,-1.14,53.41,0.56
Quetta,2020-01-09,0.0,2.73,34.82,0.56
Quetta,2020-01-10,0.0,3.28,45.99,0.56
Quetta,2020-01-11,3.25,2.17,73.77,0.56
Quetta,2020-01-12,11.26,0.44,91.98,0.57
Quetta,2020-01-13,0.29,-3.79,80.74,0.57
Quetta,2020-01-14,0.0,-2.37,68.78,0.58
Quetta,2020-01-15,0.0,-2.57,69.49,0.58
Quetta,2020-01-16,0.0,-1.56,64.64,0.58
Quetta,2020-01-17,0.0,-1.92,56.82,0.58
Quetta,2020-01-18,0.0,-0.37,51.95,0.58
Quetta,2020-01-19,0.0,3.93,44.2,0.58
Quetta,2020-01-20,1.68,2.25,83.97,0.58
Quetta,2020-01-21,0.52,1.72,76.65,0.58
Quetta,2020-01-22,0.02,2.48,67.31,0.58
Quetta,2020-01-23,0.0,4.44,63.32,0.58
Quetta,2020-01-24,1.9,5.25,78.96,0.58
Quetta,2020-01-25,2.69,5.29,84.98,0.58
Quetta,2020-01-26,0.68,5.19,67.92,0.58
Quetta,2020-01-27,1.56,0.73,81.98,0.58
Quetta,2020-01-28,0.05,-0.07,66.28,0.58
Quetta,2020-01-29,0.0,-0.36,54.16,0.58
Quetta,2020-01-30,0.0,2.65,37.55,0.58
Quetta,2020-01-31,0.0,0.54,53.05,0.58
Quetta,2020-02-01,0.0,2.8,49.75,0.58
Quetta,2020-02-02,0.0,4.08,49.92,0.57
Quetta,2020-02-03,12.16,3.87,82.31,0.58
Quetta,2020-02-04,1.53,0.2,57.81,0.59
Quetta,2020-02-05,0.06,2.6,37.1,0.59
Quetta,2020-02-06,0.0,2.25,44.71,0.59
Quetta,2020-02-07,0.0,4.57,42.99,0.59
Quetta,2020-02-08,0.0,6.69,38.0,0.59
Quetta,2020-02-09,0.0,6.96,42.52,0.59
Quetta,2020-02-10,0.0,8.08,61.03,0.58
Quetta,2020-02-11,55.04,6.68,86.04,0.62
Quetta,2020-02-12,26.41,6.99,82.1,0.71
Quetta,2020-02-13,0.48,5.12,62.46,0.71
Quetta,2020-02-14,0.0,5.51,41.4,0.71
Quetta,2020-02-15,0.0,6.8,43.04,0.7
Quetta,2020-02-16,0.0,5.97,45.86,0.7
Quetta,2020-02-17,0.0,8.65,39.38,0.69
Quetta,2020-02-18,0.0,8.49,45.4,0.69
Quetta,2020-02-19,0.0,3.7,55.7,0.69
Quetta,2020-02-20,0.0,5.82,46.1,0.68
Quetta,2020-02-21,0.0,7.54,57.42,0.68
Quetta,2020-02-22,0.0,9.03,62.54,0.68
Quetta,2020-02-23,0.0,9.92,59.22,0.67
Quetta,2020-02-24,0.0,9.34,58.83,0.67
Quetta,2020-02-25,0.0,8.67,50.2,0.67
Quetta,2020-02-26,0.0,13.58,46.77,0.66
Quetta,2020-02-27,0.17,13.13,57.37,0.66
Quetta,2020-02-28,2.32,7.22,61.98,0.66
Quetta,2020-02-29,1.18,6.91,60.87,0.66
Quetta,2020-03-01,0.0,9.65,52.35,0.65
Quetta,2020-03-02,0.0,10.85,46.57,0.65
Quetta,2020-03-03,1.11,10.35,56.32,0.65
Quetta,2020-03-04,0.31,8.91,52.88,0.65
Quetta,2020-03-05,47.54,2.22,81.58,0.69
Quetta,2020-03-06,0.05,2.71,71.11,0.71
Quetta,2020-03-07,0.0,3.56,49.83,0.71
Quetta,2020-03-08,0.0,4.94,39.54,0.71
Quetta,2020-03-09,0.03,6.98,50.63,0.7
Quetta,2020-03-10,8.6,4.21,72.74,0.71
Quetta,2020-03-11,1.02,2.28,67.38,0.71
Quetta,2020-03-12,1.17,2.13,61.58,0.71
Quetta,2020-03-13,0.0,6.24,53.7,0.71
Quetta,2020-03-14,0.0,7.73,44.82,0.7
Quetta,2020-03-15,0.0,8.93,54.96,0.7
Quetta,2020-03-16,0.0,11.08,54.99,0.7
Quetta,2020-03-17,0.08,11.34,61.24,0.69
Quetta,2020-03-18,0.0,12.2,58.09,0.69
Quetta,2020-03-19,0.0,13.38,53.63,0.68
Quetta,2020-03-20,1.16,13.8,60.03,0.68
Quetta,2020-03-21,0.07,12.9,55.16,0.68
Quetta,2020-03-22,4.51,12.69,70.63,0.68
Quetta,2020-03-23,21.72,11.48,83.38,0.7
Quetta,2020-03-24,7.08,10.29,64.66,0.72
Quetta,2020-03-25,2.45,10.66,57.44,0.72
Quetta,2020-03-26,27.21,9.8,68.92,0.73
Quetta,2020-03-27,3.24,8.39,79.04,0.76
Quetta,2020-03-28,0.0,8.74,65.72,0.75
Quetta,2020-03-29,0.72,10.88,67.03,0.75
Quetta,2020-03-30,13.67,10.33,83.14,0.75
Quetta,2020-03-31,3.76,9.47,72.67,0.77
Quetta,2020-04-01,0.56,10.32,60.33,0.76
Quetta,2020-04-02,0.0,9.77,48.72,0.76
Quetta,2020-04-03,0.02,13.25,47.17,0.75
Quetta,2020-04-04,3.19,13.47,61.15,0.75
Quetta,2020-04-05,0.0,13.34,56.6,0.74
Quetta,2020-04-06,0.06,12.81,56.48,0.74
Quetta,2020-04-07,0.02,10.11,53.88,0.73
Quetta,2020-04-08,0.0,13.24,47.44,0.73
Quetta,2020-04-09,0.0,12.4,68.21,0.72
Quetta,2020-04-10,0.0,13.79,66.94,0.72
Quetta,2020-04-11,0.0,16.18,63.09,0.71
Quetta,2020-04-12,0.16,16.68,64.78,0.71
Quetta,2020-04-13,0.0,16.66,50.17,0.71
Quetta,2020-04-14,0.04,13.51,72.12,0.7
Quetta,2020-04-15,0.0,13.47,67.12,0.7
Quetta,2020-04-16,3.44,13.07,68.04,0.69
Quetta,2020-04-17,15.62,11.72,84.19,0.71
Quetta,2020-04-18,0.16,12.11,68.87,0.71
Quetta,2020-04-19,0.0,13.15,65.19,0.71
Quetta,2020-04-20,0.13,13.28,69.31,0.7
Quetta,2020-04-21,0.06,15.81,57.8,0.7
Quetta,2020-04-22,2.72,16.11,67.17,0.7
Quetta,2020-04-23,0.02,16.3,62.35,0.69
Quetta,2020-04-24,0.07,17.22,60.05,0.69
Quetta,2020-04-25,0.0,17.29,58.04,0.68
Quetta,2020-04-26,0.0,19.28,45.53,0.67
Quetta,2020-04-27,0.0,20.25,44.28,0.67
Quetta,2020-04-28,0.0,19.95,49.22,0.66
Quetta,2020-04-29,0.05,19.88,53.69,0.66
Quetta,2020-04-30,0.0,20.34,52.31,0.65
Quetta,2020-05-01,0.0,18.11,60.38,0.64
Quetta,2020-05-02,0.64,17.9,61.11,0.64
Quetta,2020-05-03,0.51,18.12,56.35,0.64
Quetta,2020-05-04,0.0,18.77,48.91,0.63
Quetta,2020-05-05,0.0,18.58,44.21,0.62
Quetta,2020-05-06,0.0,18.41,41.74,0.62
Quetta,2020-05-07,0.0,20.79,37.27,0.61
Quetta,2020-05-08,0.0,21.95,37.46,0.61
Quetta,2020-05-09,0.0,20.98,45.84,0.6
Quetta,2020-05-10,0.0,21.28,31.22,0.6
Quetta,2020-05-11,0.0,23.1,32.56,0.59
Quetta,2020-05-12,3.27,20.17,55.23,0.59
Quetta,2020-05-13,2.88,20.09,63.76,0.59
Quetta,2020-05-14,6.25,18.09,50.92,0.6
Quetta,2020-05-15,0.0,17.37,35.72,0.59
Quetta,2020-05-16,0.0,16.44,39.34,0.59
Quetta,2020-05-17,0.0,16.61,35.63,0.58
Quetta,2020-05-18,0.0,17.45,36.67,0.58
Quetta,2020-05-19,0.0,17.96,40.09,0.57
Quetta,2020-05-20,0.0,18.96,39.01,0.57
Quetta,2020-05-21,0.0,19.25,46.02,0.56
Quetta,2020-05-22,0.0,19.83,42.48,0.56
Quetta,2020-05-23,0.0,21.23,35.46,0.55
Quetta,2020-05-24,0.0,23.2,30.61,0.55
Quetta,2020-05-25,0.0,22.82,28.41,0.54
Quetta,2020-05-26,0.0,22.21,28.62,0.54
Quetta,2020-05-27,0.0,21.86,32.55,0.53
Quetta,2020-05-28,0.0,22.61,36.93,0.53
Quetta,2020-05-29,5.09,22.89,40.91,0.52
Quetta,2020-05-30,2.12,21.99,50.09,0.53
Quetta,2020-05-31,0.28,22.22,54.31,0.53
Quetta,2020-06-01,0.01,22.38,46.32,0.52
Quetta,2020-06-02,1.74,22.09,54.23,0.52
Quetta,2020-06-03,1.32,22.13,51.59,0.52
Quetta,2020-06-04,0.0,22.42,58.06,0.52
Quetta,2020-06-05,0.11,23.59,50.07,0.51
Quetta,2020-06-06,0.03,24.02,43.84,0.51
Quetta,2020-06-07,0.2,23.93,52.2,0.5
Quetta,2020-06-08,0.0,24.78,46.74,0.5
Quetta,2020-06-09,0.0,24.98,29.94,0.49
Quetta,2020-06-10,0.0,24.22,23.83,0.49
Quetta,2020-06-11,0.0,23.32,20.27,0.49
Quetta,2020-06-12,0.0,23.14,17.04,0.48
Quetta,2020-06-13,0.0,23.6,17.18,0.48
Quetta,2020-06-14,0.0,25.57,15.49,0.48
Quetta,2020-06-15,0.0,26.16,17.45,0.48
Quetta,2020-06-16,0.0,25.84,20.06,0.47
Quetta,2020-06-17,0.0,27.71,17.82,0.47
Quetta,2020-06-18,0.0,27.01,15.66,0.47
Quetta,2020-06-19,0.0,26.47,14.66,0.47
Quetta,2020-06-20,0.0,26.19,28.68,0.47
Quetta,2020-06-21,0.0,26.76,35.51,0.46
Quetta,2020-06-22,0.0,27.4,34.03,0.46
Quetta,2020-06-23,0.0,27.97,38.03,0.46
Quetta,2020-06-24,0.01,28.28,35.27,0.46
Quetta,2020-06-25,0.0,26.48,23.55,0.46
Quetta,2020-06-26,0.0,27.16,24.06,0.46
Quetta,2020-06-27,0.0,28.52,18.65,0.46
Quetta,2020-06-28,0.0,27.42,17.06,0.46
Quetta,2020-06-29,0.02,28.19,24.59,0.46
Quetta,2020-06-30,0.42,26.04,56.58,0.46
Quetta,2020-07-01,0.31,28.23,37.32,0.46
Quetta,2020-07-02,0.0,28.72,24.16,0.46
Quetta,2020-07-03,0.0,30.07,11.3,0.46
Quetta,2020-07-04,0.0,28.92,13.87,0.46
Quetta,2020-07-05,0.01,26.84,15.0,0.46
Quetta,2020-07-06,2.05,24.79,45.97,0.46
Quetta,2020-07-07,0.01,26.08,48.0,0.46
Quetta,2020-07-08,0.0,27.0,44.21,0.46
Quetta,2020-07-09,0.0,27.47,36.52,0.46
Quetta,2020-07-10,0.0,26.74,23.52,0.46
Quetta,2020-07-11,0.0,26.44,25.23,0.46
Quetta,2020-07-12,0.01,26.99,23.28,0.46
Quetta,2020-07-13,0.01,26.29,45.59,0.46
Quetta,2020-07-14,0.0,27.4,40.4,0.46
Quetta,2020-07-15,0.0,28.35,41.58,0.46
Quetta,2020-07-16,2.07,27.6,40.01,0.46
Quetta,2020-07-17,1.44,26.3,48.65,0.46
Quetta,2020-07-18,0.0,26.74,48.65,0.46
Quetta,2020-07-19,0.01,28.61,42.43,0.46
Quetta,2020-07-20,0.0,27.69,28.68,0.46
Quetta,2020-07-21,0.03,26.16,43.42,0.46
Quetta,2020-07-22,0.04,26.41,43.28,0.46
Quetta,2020-07-23,0.0,26.83,32.43,0.46
Quetta,2020-07-24,0.74,28.14,31.67,0.46
Quetta,2020-07-25,0.66,26.54,52.99,0.46
Quetta,2020-07-26,1.35,26.62,52.58,0.46
Quetta,2020-07-27,0.17,27.48,45.94,0.46
Quetta,2020-07-28,0.0,28.12,34.16,0.46
Quetta,2020-07-29,0.0,28.69,18.39,0.46
Quetta,2020-07-30,0.0,29.31,22.66,0.46
Quetta,2020-07-31,0.03,28.2,44.79,0.46
Quetta,2020-08-01,0.03,27.33,39.16,0.46
Quetta,2020-08-02,0.02,27.74,32.11,0.46
Quetta,2020-08-03,0.0,26.42,15.44,0.46
Quetta,2020-08-04,0.0,26.52,18.76,0.46
Quetta,2020-08-05,0.0,27.78,30.67,0.46
Quetta,2020-08-06,10.49,27.41,43.99,0.47
Quetta,2020-08-07,44.06,23.45,71.54,0.53
Quetta,2020-08-08,12.44,23.02,78.2,0.57
Quetta,2020-08-09,11.28,23.2,76.04,0.58
Quetta,2020-08-10,1.33,25.66,61.35,0.58
Quetta,2020-08-11,0.05,25.54,60.59,0.58
Quetta,2020-08-12,0.02,25.98,51.11,0.57
Quetta,2020-08-13,0.0,26.63,39.64,0.56
Quetta,2020-08-14,0.0,26.86,38.7,0.56
Quetta,2020-08-15,0.0,27.43,43.27,0.55
Quetta,2020-08-16,0.0,26.97,58.91,0.54
Quetta,2020-08-17,0.0,27.46,46.25,0.54
Quetta,2020-08-18,0.0,26.53,58.21,0.53
Quetta,2020-08-19,0.0,25.7,42.34,0.53
Quetta,2020-08-20,0.0,24.43,42.66,0.53
Quetta,2020-08-21,1.66,24.39,68.92,0.52
Quetta,2020-08-22,0.65,24.17,64.8,0.52
Quetta,2020-08-23,0.01,25.14,60.59,0.52
Quetta,2020-08-24,0.79,25.59,60.43,0.51
Quetta,2020-08-25,4.56,23.18,73.32,0.51
Quetta,2020-08-26,24.84,21.69,80.27,0.54
Quetta,2020-08-27,1.31,23.05,57.52,0.56
Quetta,2020-08-28,0.0,20.55,32.23,0.56
Quetta,2020-08-29,0.0,20.92,29.04,0.55
Quetta,2020-08-30,0.03,22.06,35.75,0.54
Quetta,2020-08-31,4.6,22.44,41.74,0.55
Quetta,2020-09-01,0.01,21.75,34.99,0.54
Quetta,2020-09-02,0.0,20.66,30.29,0.54
Quetta,2020-09-03,0.0,20.74,30.19,0.54
Quetta,2020-09-04,0.0,21.75,29.63,0.53
Quetta,2020-09-05,0.0,21.15,28.79,0.53
Quetta,2020-09-06,0.0,20.32,28.2,0.52
Quetta,2020-09-07,0.0,20.93,25.39,0.52
Quetta,2020-09-08,0.0,21.86,25.51,0.52
Quetta,2020-09-09,0.0,22.02,24.9,0.51
Quetta,2020-09-10,0.0,20.83,23.7,0.51
Quetta,2020-09-11,0.0,20.88,23.09,0.51
Quetta,2020-09-12,0.0,21.47,35.5,0.5
Quetta,2020-09-13,0.0,22.06,39.2,0.5
Quetta,2020-09-14,0.0,21.35,24.69,0.5
Quetta,2020-09-15,0.0,20.89,27.26,0.49
Quetta,2020-09-16,0.0,20.48,25.33,0.49
Quetta,2020-09-17,0.0,19.27,21.27,0.49
Quetta,2020-09-18,0.0,19.22,21.79,0.49
Quetta,2020-09-19,0.0,20.16,22.25,0.48
Quetta,2020-09-20,0.0,20.67,20.78,0.48
Quetta,2020-09-21,0.0,20.18,15.49,0.48
Quetta,2020-09-22,0.0,19.62,14.26,0.48
Quetta,2020-09-23,0.0,18.22,19.47,0.48
Quetta,2020-09-24,0.0,18.51,24.16,0.47
Quetta,2020-09-25,0.0,17.55,22.14,0.47
Quetta,2020-09-26,0.0,17.15,14.87,0.47
Quetta,2020-09-27,0.0,18.26,17.02,0.47
Quetta,2020-09-28,0.0,18.71,19.63,0.47
Quetta,2020-09-29,0.0,18.39,24.01,0.47
Quetta,2020-09-30,0.0,14.99,30.33,0.47
Quetta,2020-10-01,0.0,15.17,20.55,0.46
Quetta,2020-10-02,0.0,15.94,26.02,0.46
Quetta,2020-10-03,0.0,17.66,22.31,0.46
Quetta,2020-10-04,0.0,18.31,17.23,0.46
Quetta,2020-10-05,0.0,18.13,17.17,0.46
Quetta,2020-10-06,0.0,17.88,16.4,0.46
Quetta,2020-10-07,0.0,18.03,22.4,0.46
Quetta,2020-10-08,0.0,17.45,19.11,0.46
Quetta,2020-10-09,0.0,17.2,19.9,0.46
Quetta,2020-10-10,0.0,16.79,25.16,0.46
Quetta,2020-10-11,0.0,14.98,28.55,0.46
Quetta,2020-10-12,0.0,11.2,14.73,0.46
Quetta,2020-10-13,0.0,12.18,14.03,0.46
Quetta,2020-10-14,0.0,13.53,13.56,0.46
Quetta,2020-10-15,0.0,13.29,12.65,0.46
Quetta,2020-10-16,0.0,12.93,11.4,0.46
Quetta,2020-10-17,0.0,12.41,11.07,0.46
Quetta,2020-10-18,13.16,11.6,19.58,0.48
Quetta,2020-10-19,0.0,11.66,20.48,0.48
Quetta,2020-10-20,0.0,11.49,19.91,0.48
Quetta,2020-10-21,0.0,12.16,19.99,0.48
Quetta,2020-10-22,0.0,12.96,17.97,0.48
Quetta,2020-10-23,0.0,10.3,27.51,0.48
Quetta,2020-10-24,0.0,10.12,32.07,0.47
Quetta,2020-10-25,0.0,10.58,25.42,0.47
Quetta,2020-10-26,0.0,13.2,19.77,0.47
Quetta,2020-10-27,0.0,12.95,19.86,0.47
Quetta,2020-10-28,0.0,11.59,21.3,0.47
Quetta,2020-10-29,0.0,11.37,21.58,0.47
Quetta,2020-10-30,0.0,11.49,23.05,0.47
Quetta,2020-10-31,0.0,11.17,18.87,0.47
Quetta,2020-11-01,0.0,10.38,16.47,0.47
Quetta,2020-11-02,0.0,11.06,13.1,0.47
Quetta,2020-11-03,0.0,11.6,16.83,0.47
Quetta,2020-11-04,0.0,12.42,21.96,0.47
Quetta,2020-11-05,0.0,13.02,20.74,0.46
Quetta,2020-11-06,0.0,13.64,18.92,0.46
Quetta,2020-11-07,0.0,13.98,17.26,0.46
Quetta,2020-11-08,0.0,13.97,15.13,0.46
Quetta,2020-11-09,0.0,12.86,15.64,0.46
Quetta,2020-11-10,0.0,12.21,26.01,0.46
Quetta,2020-11-11,0.0,12.74,32.24,0.46
Quetta,2020-11-12,0.0,13.5,30.12,0.46
Quetta,2020-11-13,0.35,13.8,44.87,0.46
Quetta,2020-11-14,5.42,8.88,72.64,0.47
Quetta,2020-11-15,0.15,4.55,61.08,0.47
Quetta,2020-11-16,0.0,5.93,37.41,0.47
Quetta,2020-11-17,0.11,5.47,32.92,0.47
Quetta,2020-11-18,0.36,5.31,41.47,0.47
Quetta,2020-11-19,0.14,3.63,60.05,0.47
Quetta,2020-11-20,0.12,3.11,48.87,0.47
Quetta,2020-11-21,0.0,5.23,38.01,0.47
Quetta,2020-11-22,0.0,8.91,39.12,0.47
Quetta,2020-11-23,2.48,7.11,73.58,0.47
Quetta,2020-11-24,7.04,6.21,83.97,0.48
Quetta,2020-11-25,0.32,3.62,73.77,0.49
Quetta,2020-11-26,0.03,5.98,45.36,0.48
Quetta,2020-11-27,0.0,8.81,31.38,0.48
Quetta,2020-11-28,0.0,10.25,31.04,0.48
Quetta,2020-11-29,0.0,11.29,43.42,0.48
Quetta,2020-11-30,0.0,11.92,40.21,0.48
Quetta,2020-12-01,0.0,12.53,31.49,0.48
Quetta,2020-12-02,0.0,12.04,35.18,0.48
Quetta,2020-12-03,0.0,11.35,40.14,0.47
Quetta,2020-12-04,0.0,9.9,50.84,0.47
Quetta,2020-12-05,0.0,7.83,62.74,0.47
Quetta,2020-12-06,0.0,9.56,53.29,0.47
Quetta,2020-12-07,0.1,10.65,58.65,0.47
Quetta,2020-12-08,4.16,7.36,74.29,0.48
Quetta,2020-12-09,0.12,5.02,64.09,0.48
Quetta,2020-12-10,0.06,4.57,51.22,0.48
Quetta,2020-12-11,5.73,2.14,72.36,0.48
Quetta,2020-12-12,0.09,0.83,66.43,0.49
Quetta,2020-12-13,0.0,1.01,60.15,0.49
Quetta,2020-12-14,0.08,-2.41,55.73,0.49
Quetta,2020-12-15,0.0,-2.13,44.27,0.48
Quetta,2020-12-16,0.0,0.07,37.55,0.48
Quetta,2020-12-17,0.0,3.31,39.96,0.48
Quetta,2020-12-18,0.0,5.39,44.74,0.48
Quetta,2020-12-19,0.0,7.32,45.8,0.48
Quetta,2020-12-20,0.0,7.01,55.5,0.48
Quetta,2020-12-21,0.0,3.19,70.87,0.48
Quetta,2020-12-22,0.0,2.04,59.87,0.48
Quetta,2020-12-23,0.0,1.68,53.89,0.48
Quetta,2020-12-24,0.0,5.27,33.19,0.48
Quetta,2020-12-25,0.0,5.46,35.6,0.48
Quetta,2020-12-26,0.0,2.48,60.42,0.48
Quetta,2020-12-27,0.0,-3.44,63.51,0.47
Quetta,2020-12-28,0.0,-2.04,48.26,0.47
Quetta,2020-12-29,0.0,-0.39,35.94,0.47
Quetta,2020-12-30,0.0,1.66,32.62,0.47
Quetta,2020-12-31,0.0,3.0,30.8,0.47
Quetta,2021-01-01,0.0,1.99,34.34,0.47
Quetta,2021-01-02,0.0,2.41,38.31,0.47
Quetta,2021-01-03,0.0,2.5,40.77,0.47
Quetta,2021-01-04,0.0,2.83,40.29,0.47
Quetta,2021-01-05,0.0,1.21,51.0,0.47
Quetta,2021-01-06,0.0,0.85,49.48,0.47
Quetta,2021-01-07,0.0,-1.99,47.3,0.47
Quetta,2021-01-08,0.0,-1.81,51.99,0.47
Quetta,2021-01-09,0.0,1.03,36.65,0.47
Quetta,2021-01-10,0.0,2.49,27.92,0.47
Quetta,2021-01-11,0.0,3.4,23.42,0.47
Quetta,2021-01-12,0.0,4.95,23.01,0.47
Quetta,2021-01-13,0.0,5.85,23.13,0.47
Quetta,2021-01-14,0.0,8.25,16.1,0.46
Quetta,2021-01-15,0.0,7.18,18.42,0.46
Quetta,2021-01-16,0.0,8.86,16.43,0.46
Quetta,2021-01-17,0.0,8.11,18.09,0.46
Quetta,2021-01-18,0.0,8.25,24.07,0.46
Quetta,2021-01-19,0.02,8.45,51.47,0.46
Quetta,2021-01-20,0.0,8.45,36.15,0.46
Quetta,2021-01-21,0.0,9.48,31.73,0.46
Quetta,2021-01-22,0.0,4.43,46.33,0.46
Quetta,2021-01-23,0.0,-1.19,39.73,0.46
Quetta,2021-01-24,0.0,1.98,27.6,0.46
Quetta,2021-01-25,0.0,2.66,23.27,0.46
Quetta,2021-01-26,0.0,2.99,21.41,0.46
Quetta,2021-01-27,0.0,3.7,20.34,0.46
Quetta,2021-01-28,0.0,3.44,25.77,0.46
Quetta,2021-01-29,0.0,5.24,21.5,0.46
Quetta,2021-01-30,0.0,9.54,20.0,0.46
Quetta,2021-01-31,0.0,9.61,37.06,0.46
Quetta,2021-02-01,0.0,9.0,38.17,0.46
Quetta,2021-02-02,0.0,6.34,36.98,0.46
Quetta,2021-02-03,0.0,3.53,41.53,0.46
Quetta,2021-02-04,0.0,4.38,38.82,0.46
Quetta,2021-02-05,0.0,4.87,35.02,0.46
Quetta,2021-02-06,0.0,9.36,19.73,0.46
Quetta,2021-02-07,0.0,12.68,17.48,0.46
Quetta,2021-02-08,0.0,11.26,14.7,0.46
Quetta,2021-02-09,0.0,8.35,42.79,0.46
Quetta,2021-02-10,0.0,8.48,36.13,0.46
Quetta,2021-02-11,0.0,10.5,25.84,0.46
Quetta,2021-02-12,0.0,12.02,17.36,0.46
Quetta,2021-02-13,0.0,11.82,18.61,0.46
Quetta,2021-02-14,0.0,11.01,20.74,0.46
Quetta,2021-02-15,0.0,9.31,21.83,0.46
Quetta,2021-02-16,0.0,9.68,18.07,0.46
Quetta,2021-02-17,0.0,9.69,13.26,0.46
Quetta,2021-02-18,0.0,10.7,13.2,0.46
Quetta,2021-02-19,0.0,12.98,21.29,0.46
Quetta,2021-02-20,0.0,13.35,28.95,0.46
Quetta,2021-02-21,0.0,12.72,35.3,0.46
Quetta,2021-02-22,0.38,12.27,45.15,0.46
Quetta,2021-02-23,0.01,11.83,46.23,0.46
Quetta,2021-02-24,0.39,12.79,34.23,0.46
Quetta,2021-02-25,0.0,12.85,32.16,0.46
Quetta,2021-02-26,0.08,7.27,53.19,0.46
Quetta,2021-02-27,0.02,4.07,47.14,0.46
Quetta,2021-02-28,0.0,5.37,32.65,0.46
Quetta,2021-03-01,0.0,9.35,19.46,0.46
Quetta,2021-03-02,0.0,12.44,20.27,0.46
Quetta,2021-03-03,0.0,11.59,35.63,0.46
Quetta,2021-03-04,0.0,12.58,35.42,0.46
Quetta,2021-03-05,0.0,14.05,23.31,0.46
Quetta,2021-03-06,0.0,15.1,31.44,0.46
Quetta,2021-03-07,0.0,10.66,24.73,0.46
Quetta,2021-03-08,0.0,10.96,16.7,0.46
Quetta,2021-03-09,0.0,13.07,20.67,0.46
Quetta,2021-03-10,0.0,13.87,24.76,0.46
Quetta,2021-03-11,22.02,13.55,43.15,0.47
Quetta,2021-03-12,0.31,13.39,45.76,0.5
Quetta,2021-03-13,3.58,12.9,59.35,0.5
Quetta,2021-03-14,0.1,12.04,53.43,0.5
Quetta,2021-03-15,0.0,12.79,41.14,0.5
Quetta,2021-03-16,0.0,13.16,37.9,0.5
Quetta,2021-03-17,0.0,13.56,36.54,0.49
Quetta,2021-03-18,0.0,14.41,35.05,0.49
Quetta,2021-03-19,0.0,15.14,38.0,0.49
Quetta,2021-03-20,1.01,15.3,47.7,0.49
Quetta,2021-03-21,9.15,13.5,54.26,0.49
Quetta,2021-03-22,8.45,10.8,68.43,0.51
Quetta,2021-03-23,0.0,10.33,49.55,0.52
Quetta,2021-03-24,0.0,13.23,33.47,0.51
Quetta,2021-03-25,0.0,16.05,35.41,0.51
Quetta,2021-03-26,0.0,17.22,36.69,0.51
Quetta,2021-03-27,0.0,18.74,33.75,0.5
Quetta,2021-03-28,0.0,18.04,32.67,0.5
Quetta,2021-03-29,0.0,15.11,31.03,0.5
Quetta,2021-03-30,0.0,11.0,27.46,0.49
Quetta,2021-03-31,0.0,10.87,24.33,0.49
Quetta,2021-04-01,0.0,13.17,27.19,0.49
Quetta,2021-04-02,0.0,14.82,35.42,0.49
Quetta,2021-04-03,0.0,17.37,36.09,0.48
Quetta,2021-04-04,0.44,18.5,42.01,0.48
Quetta,2021-04-05,0.09,16.93,46.63,0.48
Quetta,2021-04-06,0.33,13.54,31.32,0.48
Quetta,2021-04-07,0.02,13.42,25.44,0.48
Quetta,2021-04-08,0.0,14.25,30.77,0.47
Quetta,2021-04-09,0.0,16.33,23.97,0.47
Quetta,2021-04-10,0.0,17.97,21.03,0.47
Quetta,2021-04-11,0.0,19.55,20.69,0.47
Quetta,2021-04-12,0.0,20.54,20.18,0.47
Quetta,2021-04-13,0.0,20.21,22.25,0.47
Quetta,2021-04-14,0.34,17.84,38.04,0.46
Quetta,2021-04-15,2.32,16.0,52.31,0.47
Quetta,2021-04-16,0.08,14.62,45.66,0.47
Quetta,2021-04-17,0.0,15.82,30.16,0.47
Quetta,2021-04-18,0.0,17.09,24.26,0.47
Quetta,2021-04-19,0.0,17.15,32.62,0.46
Quetta,2021-04-20,0.15,15.84,41.45,0.46
Quetta,2021-04-21,0.0,17.84,23.61,0.46
Quetta,2021-04-22,0.0,18.26,22.11,0.46
Quetta,2021-04-23,0.0,19.11,22.2,0.46
Quetta,2021-04-24,0.0,19.28,28.46,0.46
Quetta,2021-04-25,0.0,21.28,22.46,0.46
Quetta,2021-04-26,0.0,21.96,15.74,0.46
Quetta,2021-04-27,0.01,23.21,18.53,0.46
Quetta,2021-04-28,0.0,23.18,25.27,0.46
Quetta,2021-04-29,0.0,21.8,30.23,0.46
Quetta,2021-04-30,0.0,21.16,27.79,0.46
Quetta,2021-05-01,0.7,20.44,34.92,0.46
Quetta,2021-05-02,6.11,18.5,54.44,0.46
Quetta,2021-05-03,0.67,18.54,57.35,0.47
Quetta,2021-05-04,1.21,17.97,53.05,0.47
Quetta,2021-05-05,0.22,18.39,41.58,0.47
Quetta,2021-05-06,0.75,17.64,46.8,0.47
Quetta,2021-05-07,0.0,19.31,32.29,0.47
Quetta,2021-05-08,0.0,21.19,22.85,0.46
Quetta,2021-05-09,0.0,22.71,17.96,0.46
Quetta,2021-05-10,0.0,22.82,22.08,0.46
Quetta,2021-05-11,0.0,21.49,25.74,0.46
Quetta,2021-05-12,0.0,20.41,22.8,0.46
Quetta,2021-05-13,0.0,22.08,19.07,0.46
Quetta,2021-05-14,0.04,22.04,17.94,0.46
Quetta,2021-05-15,0.21,22.06,19.01,0.46
Quetta,2021-05-16,1.93,22.06,26.65,0.46
Quetta,2021-05-17,0.03,22.82,26.89,0.46
Quetta,2021-05-18,0.0,22.74,17.46,0.46
Quetta,2021-05-19,0.0,22.13,12.63,0.46
Quetta,2021-05-20,0.0,22.79,13.73,0.46
Quetta,2021-05-21,0.0,23.22,13.28,0.46
Quetta,2021-05-22,0.08,22.11,15.54,0.46
Quetta,2021-05-23,0.01,21.0,17.59,0.46
Quetta,2021-05-24,0.01,23.56,13.18,0.46
Quetta,2021-05-25,0.0,24.37,14.82,0.46
Quetta,2021-05-26,0.0,23.73,14.12,0.46
Quetta,2021-05-27,0.0,26.22,12.36,0.46
Quetta,2021-05-28,0.0,26.01,15.63,0.46
Quetta,2021-05-29,0.07,25.0,18.54,0.46
Quetta,2021-05-30,0.0,26.37,16.63,0.46
Quetta,2021-05-31,0.0,26.27,13.43,0.46
Quetta,2021-06-01,0.0,26.85,9.77,0.46
Quetta,2021-06-02,0.0,26.38,18.2,0.46
Quetta,2021-06-03,0.0,27.08,31.14,0.46
Quetta,2021-06-04,0.02,27.06,35.47,0.46
Quetta,2021-06-05,0.04,26.77,39.99,0.46
Quetta,2021-06-06,0.04,27.9,34.66,0.46
Quetta,2021-06-07,0.0,29.64,20.04,0.45
Quetta,2021-06-08,0.0,30.4,13.4,0.45
Quetta,2021-06-09,0.0,30.27,11.44,0.45
Quetta,2021-06-10,0.0,29.86,10.35,0.45
Quetta,2021-06-11,0.0,29.46,6.58,0.45
Quetta,2021-06-12,0.0,30.37,7.07,0.45
Quetta,2021-06-13,0.09,29.62,5.92,0.45
Quetta,2021-06-14,0.0,27.97,10.2,0.45
Quetta,2021-06-15,0.0,25.84,9.56,0.45
Quetta,2021-06-16,0.04,25.26,13.96,0.45
Quetta,2021-06-17,0.31,24.37,41.92,0.45
Quetta,2021-06-18,0.01,24.33,46.69,0.45
Quetta,2021-06-19,0.0,25.75,31.78,0.45
Quetta,2021-06-20,0.01,26.13,11.75,0.45
Quetta,2021-06-21,0.03,24.37,29.94,0.45
Quetta,2021-06-22,0.0,25.75,22.49,0.45
Quetta,2021-06-23,0.0,26.17,9.05,0.45
Quetta,2021-06-24,0.0,26.28,7.36,0.45
Quetta,2021-06-25,0.0,25.82,8.5,0.45
Quetta,2021-06-26,0.01,25.79,16.54,0.45
Quetta,2021-06-27,0.02,25.34,33.94,0.45
Quetta,2021-06-28,0.0,25.9,27.3,0.45
Quetta,2021-06-29,0.0,26.37,9.51,0.45
Quetta,2021-06-30,0.0,25.83,11.29,0.45
Quetta,2021-07-01,0.0,26.47,12.64,0.45
Quetta,2021-07-02,0.0,27.3,14.39,0.45
Quetta,2021-07-03,0.04,27.48,25.68,0.45
Quetta,2021-07-04,0.1,27.22,34.82,0.45
Quetta,2021-07-05,0.74,26.29,39.77,0.45
Quetta,2021-07-06,0.32,27.43,33.88,0.45
Quetta,2021-07-07,0.0,29.02,24.93,0.46
Quetta,2021-07-08,0.0,29.39,17.51,0.46
Quetta,2021-07-09,0.0,28.45,36.21,0.46
Quetta,2021-07-10,0.57,28.02,44.25,0.46
Quetta,2021-07-11,0.23,29.31,40.34,0.46
Quetta,2021-07-12,7.81,28.79,45.23,0.46
Quetta,2021-07-13,2.47,26.72,58.47,0.47
Quetta,2021-07-14,1.91,25.54,64.35,0.47
Quetta,2021-07-15,1.65,25.48,65.99,0.47
Quetta,2021-07-16,0.15,24.57,67.46,0.47
Quetta,2021-07-17,3.26,27.01,56.37,0.47
Quetta,2021-07-18,1.2,27.21,46.68,0.47
Quetta,2021-07-19,0.07,28.06,38.19,0.47
Quetta,2021-07-20,0.01,24.83,24.85,0.47
Quetta,2021-07-21,0.0,24.32,24.9,0.46
Quetta,2021-07-22,0.0,25.32,37.29,0.46
Quetta,2021-07-23,0.02,25.44,50.25,0.46
Quetta,2021-07-24,0.02,26.85,44.13,0.46
Quetta,2021-07-25,0.0,29.78,30.16,0.46
Quetta,2021-07-26,0.0,30.51,21.6,0.46
Quetta,2021-07-27,0.0,30.51,20.92,0.46
Quetta,2021-07-28,0.0,28.43,32.27,0.46
Quetta,2021-07-29,0.0,26.81,28.22,0.46
Quetta,2021-07-30,0.0,27.36,20.81,0.46
Quetta,2021-07-31,1.18,26.62,22.29,0.46
Quetta,2021-08-01,1.26,26.25,23.02,0.46
Quetta,2021-08-02,0.0,26.79,20.19,0.46
Quetta,2021-08-03,0.19,26.62,31.01,0.46
Quetta,2021-08-04,0.0,27.2,23.26,0.46
Quetta,2021-08-05,0.0,26.94,23.34,0.46
Quetta,2021-08-06,0.26,26.7,31.99,0.46
Quetta,2021-08-07,0.0,26.41,33.94,0.46
Quetta,2021-08-08,0.0,26.46,33.14,0.46
Quetta,2021-08-09,0.0,26.66,34.03,0.46
Quetta,2021-08-10,0.0,26.99,26.45,0.46
Quetta,2021-08-11,0.0,27.6,17.52,0.46
Quetta,2021-08-12,0.0,27.51,16.38,0.46
Quetta,2021-08-13,0.0,26.7,9.69,0.46
Quetta,2021-08-14,0.0,26.36,10.76,0.46
Quetta,2021-08-15,0.04,25.32,28.62,0.46
Quetta,2021-08-16,0.02,24.48,48.8,0.46
Quetta,2021-08-17,0.0,25.42,41.44,0.46
Quetta,2021-08-18,0.0,25.35,27.56,0.46
Quetta,2021-08-19,0.0,25.44,18.18,0.46
Quetta,2021-08-20,0.0,25.93,13.73,0.46
Quetta,2021-08-21,0.02,25.46,17.83,0.46
Quetta,2021-08-22,0.0,25.12,33.16,0.45
Quetta,2021-08-23,0.0,25.18,12.06,0.45
Quetta,2021-08-24,0.0,24.81,10.39,0.45
Quetta,2021-08-25,0.0,24.62,11.0,0.45
Quetta,2021-08-26,0.0,24.79,12.11,0.45
Quetta,2021-08-27,0.0,25.34,17.99,0.45
Quetta,2021-08-28,0.0,25.15,38.47,0.45
Quetta,2021-08-29,0.02,24.74,44.92,0.45
Quetta,2021-08-30,0.24,24.52,47.06,0.45
Quetta,2021-08-31,466.31,22.0,63.68,0.55
Quetta,2021-09-01,34.14,21.74,59.14,0.73
Quetta,2021-09-02,0.12,22.54,42.93,0.71
Quetta,2021-09-03,0.35,22.04,43.5,0.7
Quetta,2021-09-04,0.0,21.76,45.75,0.69
Quetta,2021-09-05,0.0,23.71,43.97,0.68
Quetta,2021-09-06,0.09,24.13,45.77,0.67
Quetta,2021-09-07,0.16,25.01,41.5,0.67
Quetta,2021-09-08,0.04,24.46,43.42,0.66
Quetta,2021-09-09,0.23,23.15,61.9,0.65
Quetta,2021-09-10,0.04,22.53,49.75,0.65
Quetta,2021-09-11,0.0,22.13,37.44,0.64
Quetta,2021-09-12,0.0,20.9,41.2,0.64
Quetta,2021-09-13,0.0,20.45,38.13,0.63
Quetta,2021-09-14,0.0,21.61,43.06,0.62
Quetta,2021-09-15,0.0,21.6,64.75,0.62
Quetta,2021-09-16,0.0,22.16,46.18,0.62
Quetta,2021-09-17,0.0,22.13,28.06,0.61
Quetta,2021-09-18,0.0,22.68,32.3,0.6
Quetta,2021-09-19,0.0,23.55,43.05,0.6
Quetta,2021-09-20,0.0,22.87,37.67,0.6
Quetta,2021-09-21,0.0,21.07,32.62,0.59
Quetta,2021-09-22,21.83,20.59,35.65,0.62
Quetta,2021-09-23,0.0,19.83,51.51,0.62
Quetta,2021-09-24,0.0,20.47,61.25,0.61
Quetta,2021-09-25,0.0,21.14,47.22,0.61
Quetta,2021-09-26,0.0,20.66,44.8,0.6
Quetta,2021-09-27,0.0,20.69,51.37,0.6
Quetta,2021-09-28,0.0,20.33,64.6,0.6
Quetta,2021-09-29,0.0,21.12,67.35,0.59
Quetta,2021-09-30,0.41,21.25,68.85,0.59
Quetta,2021-10-01,1.55,20.61,74.27,0.59
Quetta,2021-10-02,0.09,21.06,57.16,0.59
Quetta,2021-10-03,0.0,19.23,45.51,0.58
Quetta,2021-10-04,0.0,17.46,38.02,0.58
Quetta,2021-10-05,0.0,17.76,41.12,0.57
Quetta,2021-10-06,0.0,19.5,49.79,0.57
Quetta,2021-10-07,0.0,19.02,38.12,0.57
Quetta,2021-10-08,0.0,17.85,33.81,0.56
Quetta,2021-10-09,0.0,17.42,36.87,0.56
Quetta,2021-10-10,0.0,14.08,35.71,0.55
Quetta,2021-10-11,0.0,12.12,28.52,0.55
Quetta,2021-10-12,0.0,12.38,28.6,0.55
Quetta,2021-10-13,0.0,12.78,26.9,0.55
Quetta,2021-10-14,0.0,13.28,28.23,0.54
Quetta,2021-10-15,0.0,14.68,28.12,0.54
Quetta,2021-10-16,0.0,15.31,25.18,0.54
Quetta,2021-10-17,0.0,14.55,26.34,0.53
Quetta,2021-10-18,0.0,12.31,28.58,0.53
Quetta,2021-10-19,0.0,13.2,28.9,0.53
Quetta,2021-10-20,0.0,16.42,31.28,0.53
Quetta,2021-10-21,0.0,17.34,34.94,0.52
Quetta,2021-10-22,0.0,12.08,43.33,0.52
Quetta,2021-10-23,0.0,10.05,33.53,0.52
Quetta,2021-10-24,0.0,11.37,28.67,0.52
Quetta,2021-10-25,0.0,11.49,47.47,0.51
Quetta,2021-10-26,0.0,11.5,43.77,0.51
Quetta,2021-10-27,0.0,12.19,35.38,0.51
Quetta,2021-10-28,0.0,11.95,32.01,0.51
Quetta,2021-10-29,0.0,12.75,38.94,0.51
Quetta,2021-10-30,0.0,11.74,38.44,0.5
Quetta,2021-10-31,0.0,11.73,36.58,0.5
Quetta,2021-11-01,0.0,10.55,40.45,0.5
Quetta,2021-11-02,0.0,11.63,34.84,0.5
Quetta,2021-11-03,0.0,11.06,27.93,0.5
Quetta,2021-11-04,0.0,11.05,31.02,0.49
Quetta,2021-11-05,0.0,11.92,40.48,0.49
Quetta,2021-11-06,0.0,11.71,47.68,0.49
Quetta,2021-11-07,0.0,11.68,46.15,0.49
Quetta,2021-11-08,0.0,12.05,43.52,0.49
Quetta,2021-11-09,0.0,10.89,41.83,0.49
Quetta,2021-11-10,0.0,8.74,50.6,0.49
Quetta,2021-11-11,0.0,7.78,43.07,0.48
Quetta,2021-11-12,0.0,8.08,28.88,0.48
Quetta,2021-11-13,0.0,8.59,24.69,0.48
Quetta,2021-11-14,0.0,7.64,29.79,0.48
Quetta,2021-11-15,0.0,7.99,36.68,0.48
Quetta,2021-11-16,0.0,9.82,26.4,0.48
Quetta,2021-11-17,0.0,9.8,27.29,0.48
Quetta,2021-11-18,0.0,6.88,41.83,0.48
Quetta,2021-11-19,0.0,5.54,43.92,0.48
Quetta,2021-11-20,0.0,6.49,32.71,0.48
Quetta,2021-11-21,0.0,7.24,28.23,0.47
Quetta,2021-11-22,0.0,8.52,26.49,0.47
Quetta,2021-11-23,0.0,10.03,36.87,0.47
Quetta,2021-11-24,0.0,10.53,46.99,0.47
Quetta,2021-11-25,0.0,9.34,45.55,0.47
Quetta,2021-11-26,0.0,7.36,38.67,0.47
Quetta,2021-11-27,0.0,6.91,39.13,0.47
Quetta,2021-11-28,0.0,7.72,38.78,0.47
Quetta,2021-11-29,0.0,8.11,44.57,0.47
Quetta,2021-11-30,0.0,9.34,36.85,0.47
Quetta,2021-12-01,0.0,9.34,38.81,0.47
Quetta,2021-12-02,0.0,9.31,32.3,0.47
Quetta,2021-12-03,0.0,8.96,29.1,0.47
Quetta,2021-12-04,0.24,8.42,50.4,0.47
Quetta,2021-12-05,0.01,5.46,57.35,0.47
Quetta,2021-12-06,0.0,6.61,31.79,0.46
Quetta,2021-12-07,0.0,7.14,21.39,0.46
Quetta,2021-12-08,0.0,6.23,27.5,0.46
Quetta,2021-12-09,0.0,7.26,25.69,0.46
Quetta,2021-12-10,0.0,8.62,16.57,0.46
Quetta,2021-12-11,0.0,7.01,17.31,0.46
Quetta,2021-12-12,0.0,6.62,20.87,0.46
Quetta,2021-12-13,0.0,3.38,30.01,0.46
Quetta,2021-12-14,0.0,0.44,33.43,0.46
Quetta,2021-12-15,0.0,-0.56,29.59,0.46
Quetta,2021-12-16,0.0,-0.25,26.04,0.46
Quetta,2021-12-17,0.0,2.78,16.12,0.46
Quetta,2021-12-18,0.0,5.16,14.7,0.46
Quetta,2021-12-19,0.0,7.35,26.3,0.46
Quetta,2021-12-20,0.0,8.34,36.35,0.46
Quetta,2021-12-21,0.0,9.09,38.58,0.46
Quetta,2021-12-22,0.03,11.2,40.5,0.46
Quetta,2021-12-23,0.25,8.48,46.07,0.46
Quetta,2021-12-24,0.0,7.16,27.45,0.46
Quetta,2021-12-25,0.84,8.03,46.23,0.46
Quetta,2021-12-26,0.08,6.26,59.24,0.46
Quetta,2021-12-27,0.0,4.75,29.77,0.46
Quetta,2021-12-28,0.0,2.77,22.64,0.46
Quetta,2021-12-29,0.0,4.37,16.46,0.46
Quetta,2021-12-30,0.01,5.73,28.69,0.46
Quetta,2021-12-31,2.34,4.64,73.88,0.46
Quetta,2022-01-01,1.76,5.77,87.34,0.47
Quetta,2022-01-02,2.0,7.34,76.85,0.47
Quetta,2022-01-03,80.08,5.85,80.39,0.56
Quetta,2022-01-04,72.89,5.16,88.8,0.66
Quetta,2022-01-05,3.73,2.69,89.58,0.72
Quetta,2022-01-06,11.88,0.89,89.79,0.72
Quetta,2022-01-07,15.45,0.29,94.78,0.73
Quetta,2022-01-08,0.22,-1.79,88.14,0.74
Quetta,2022-01-09,0.0,-2.21,82.93,0.74
Quetta,2022-01-10,0.0,-0.87,74.99,0.75
Quetta,2022-01-11,0.0,0.56,64.17,0.75
Quetta,2022-01-12,0.0,1.23,60.23,0.75
Quetta,2022-01-13,0.0,1.59,65.65,0.75
Quetta,2022-01-14,0.0,4.09,58.88,0.74
Quetta,2022-01-15,0.0,3.76,64.67,0.74
Quetta,2022-01-16,1.52,5.36,70.47,0.74
Quetta,2022-01-17,4.86,5.02,90.71,0.75
Quetta,2022-01-18,5.6,7.85,88.5,0.75
Quetta,2022-01-19,0.98,5.84,87.57,0.76
Quetta,2022-01-20,0.1,3.23,72.57,0.75
Quetta,2022-01-21,39.2,3.52,74.15,0.79
Quetta,2022-01-22,5.31,-4.2,82.61,0.8
Quetta,2022-01-23,1.94,-3.7,70.27,0.8
Quetta,2022-01-24,0.0,-2.28,66.1,0.8
Quetta,2022-01-25,0.0,-0.91,59.06,0.8
Quetta,2022-01-26,0.0,-0.1,59.16,0.8
Quetta,2022-01-27,0.0,2.86,46.58,0.8
Quetta,2022-01-28,0.0,7.22,47.53,0.8
Quetta,2022-01-29,0.0,7.17,61.13,0.79
Quetta,2022-01-30,0.0,6.56,66.98,0.79
Quetta,2022-01-31,0.0,3.59,60.55,0.79
Quetta,2022-02-01,0.0,5.41,46.29,0.78
Quetta,2022-02-02,0.0,3.81,65.24,0.78
Quetta,2022-02-03,0.0,1.81,59.7,0.78
Quetta,2022-02-04,0.0,2.89,48.11,0.77
Quetta,2022-02-05,0.0,7.17,46.09,0.77
Quetta,2022-02-06,0.0,5.57,70.23,0.77
Quetta,2022-02-07,0.0,3.96,49.22,0.76
Quetta,2022-02-08,0.94,3.54,58.13,0.76
Quetta,2022-02-09,0.0,2.31,58.4,0.76
Quetta,2022-02-10,0.0,3.73,52.63,0.75
Quetta,2022-02-11,0.0,6.68,42.92,0.75
Quetta,2022-02-12,0.0,7.75,40.49,0.75
Quetta,2022-02-13,0.0,7.93,43.54,0.74
Quetta,2022-02-14,0.0,5.89,64.29,0.74
Quetta,2022-02-15,0.0,5.4,65.17,0.74
Quetta,2022-02-16,0.0,3.86,63.26,0.74
Quetta,2022-02-17,0.0,4.35,53.06,0.73
Quetta,2022-02-18,0.0,5.24,55.84,0.73
Quetta,2022-02-19,0.0,6.58,56.53,0.73
Quetta,2022-02-20,0.0,7.24,53.14,0.72
Quetta,2022-02-21,0.08,9.77,56.33,0.72
Quetta,2022-02-22,1.7,5.7,74.08,0.72
Quetta,2022-02-23,0.02,5.15,67.9,0.71
Quetta,2022-02-24,0.0,7.1,56.61,0.71
Quetta,2022-02-25,0.0,6.45,54.87,0.71
Quetta,2022-02-26,0.0,5.54,42.87,0.7
Quetta,2022-02-27,0.0,9.39,48.73,0.7
Quetta,2022-02-28,1.17,8.4,75.38,0.7
Quetta,2022-03-01,0.19,9.56,66.41,0.7
Quetta,2022-03-02,1.77,8.51,70.06,0.7
Quetta,2022-03-03,0.0,7.81,61.94,0.69
Quetta,2022-03-04,0.0,10.81,53.31,0.69
Quetta,2022-03-05,0.0,11.3,57.63,0.68
Quetta,2022-03-06,3.51,10.23,67.31,0.68
Quetta,2022-03-07,0.18,10.7,60.94,0.68
Quetta,2022-03-08,0.51,10.51,72.6,0.68
Quetta,2022-03-09,0.42,12.31,68.48,0.68
Quetta,2022-03-10,0.29,13.27,62.16,0.68
Quetta,2022-03-11,0.0,15.86,48.58,0.67
Quetta,2022-03-12,0.0,16.81,48.96,0.67
Quetta,2022-03-13,0.0,18.69,43.93,0.66
Quetta,2022-03-14,0.0,18.79,42.64,0.66
Quetta,2022-03-15,0.0,18.8,41.3,0.65
Quetta,2022-03-16,0.0,19.13,34.07,0.65
Quetta,2022-03-17,0.0,18.65,30.3,0.64
Quetta,2022-03-18,0.0,15.41,45.65,0.64
Quetta,2022-03-19,0.0,13.24,46.31,0.63
Quetta,2022-03-20,0.0,11.91,39.49,0.63
Quetta,2022-03-21,0.0,14.23,35.56,0.62
Quetta,2022-03-22,0.0,16.12,37.16,0.62
Quetta,2022-03-23,0.0,14.6,38.89,0.62
Quetta,2022-03-24,0.0,13.83,38.96,0.61
Quetta,2022-03-25,0.0,14.56,34.63,0.61
Quetta,2022-03-26,0.0,16.71,31.55,0.6
Quetta,2022-03-27,0.0,15.81,38.36,0.6
Quetta,2022-03-28,0.0,16.62,28.63,0.6
Quetta,2022-03-29,0.0,14.56,29.47,0.59
Quetta,2022-03-30,0.0,11.95,28.84,0.59
Quetta,2022-03-31,0.0,13.83,30.08,0.58
Quetta,2022-04-01,0.0,14.58,27.46,0.58
Quetta,2022-04-02,0.0,14.95,29.64,0.57
Quetta,2022-04-03,0.0,14.81,27.71,0.57
Quetta,2022-04-04,0.0,15.86,27.13,0.57
Quetta,2022-04-05,0.0,18.53,27.12,0.56
Quetta,2022-04-06,0.0,19.93,26.85,0.56
Quetta,2022-04-07,0.0,20.08,31.97,0.55
Quetta,2022-04-08,0.0,20.28,28.24,0.55
Quetta,2022-04-09,0.0,19.72,28.13,0.55
Quetta,2022-04-10,0.0,20.58,26.72,0.54
Quetta,2022-04-11,0.0,21.01,31.36,0.54
Quetta,2022-04-12,0.0,19.67,33.79,0.53
Quetta,2022-04-13,0.0,17.55,27.22,0.53
Quetta,2022-04-14,0.0,16.97,26.95,0.53
Quetta,2022-04-15,0.0,18.09,27.19,0.52
Quetta,2022-04-16,0.0,19.73,28.08,0.52
Quetta,2022-04-17,0.03,19.31,41.68,0.51
Quetta,2022-04-18,1.12,19.2,47.93,0.51
Quetta,2022-04-19,0.18,17.28,54.21,0.51
Quetta,2022-04-20,0.0,16.14,46.81,0.51
Quetta,2022-04-21,0.0,15.51,31.85,0.51
Quetta,2022-04-22,0.0,18.04,27.74,0.5
Quetta,2022-04-23,0.0,19.87,28.84,0.5
Quetta,2022-04-24,0.0,20.29,32.67,0.49
Quetta,2022-04-25,0.0,19.24,32.58,0.49
Quetta,2022-04-26,0.0,21.31,25.71,0.49
Quetta,2022-04-27,0.0,23.4,23.54,0.49
Quetta,2022-04-28,0.0,23.37,31.13,0.48
Quetta,2022-04-29,0.0,23.25,31.87,0.48
Quetta,2022-04-30,0.0,22.96,26.72,0.48
Quetta,2022-05-01,0.0,24.28,22.54,0.47
Quetta,2022-05-02,0.0,22.59,36.39,0.47
Quetta,2022-05-03,0.47,22.14,37.03,0.47
Quetta,2022-05-04,0.02,20.89,33.28,0.47
Quetta,2022-05-05,0.0,21.43,28.33,0.47
Quetta,2022-05-06,0.0,22.46,22.56,0.47
Quetta,2022-05-07,0.0,24.62,21.19,0.47
Quetta,2022-05-08,0.0,25.25,19.75,0.46
Quetta,2022-05-09,0.0,26.05,18.99,0.46
Quetta,2022-05-10,0.0,26.21,20.32,0.46
Quetta,2022-05-11,0.0,24.84,19.01,0.46
Quetta,2022-05-12,0.0,23.64,11.1,0.46
Quetta,2022-05-13,0.0,24.9,10.01,0.46
Quetta,2022-05-14,0.0,25.63,12.57,0.46
Quetta,2022-05-15,0.0,21.92,24.12,0.46
Quetta,2022-05-16,0.01,22.62,19.88,0.46
Quetta,2022-05-17,0.0,23.56,13.97,0.46
Quetta,2022-05-18,0.0,24.88,9.79,0.46
Quetta,2022-05-19,0.0,25.49,12.05,0.46
Quetta,2022-05-20,0.0,22.73,14.48,0.46
Quetta,2022-05-21,0.0,21.68,12.94,0.46
Quetta,2022-05-22,0.0,23.53,11.65,0.46
Quetta,2022-05-23,0.0,19.86,11.94,0.46
Quetta,2022-05-24,0.0,22.6,8.8,0.46
Quetta,2022-05-25,0.0,24.88,14.86,0.46
Quetta,2022-05-26,0.0,26.43,11.5,0.46
Quetta,2022-05-27,0.0,25.71,13.3,0.46
Quetta,2022-05-28,0.0,22.94,13.85,0.45
Quetta,2022-05-29,0.0,20.63,13.63,0.45
Quetta,2022-05-30,0.0,20.83,9.6,0.45
Quetta,2022-05-31,0.0,20.64,8.9,0.45
Quetta,2022-06-01,0.0,21.71,10.28,0.45
Quetta,2022-06-02,0.0,21.62,9.21,0.45
Quetta,2022-06-03,0.0,22.81,11.17,0.45
Quetta,2022-06-04,0.0,23.29,12.13,0.45
Quetta,2022-06-05,0.0,23.96,10.2,0.45
Quetta,2022-06-06,0.0,24.01,9.09,0.45
Quetta,2022-06-07,0.0,24.33,8.16,0.45
Quetta,2022-06-08,0.0,25.41,8.12,0.45
Quetta,2022-06-09,0.0,26.25,9.96,0.45
Quetta,2022-06-10,0.0,27.1,9.57,0.45
Quetta,2022-06-11,0.37,28.08,12.51,0.45
Quetta,2022-06-12,2.78,27.5,20.96,0.46
Quetta,2022-06-13,0.02,27.54,23.97,0.46
Quetta,2022-06-14,0.0,27.35,26.02,0.46
Quetta,2022-06-15,0.0,28.54,13.45,0.46
Quetta,2022-06-16,0.0,28.77,10.98,0.46
Quetta,2022-06-17,0.0,26.94,13.38,0.46
Quetta,2022-06-18,0.87,25.14,26.35,0.46
Quetta,2022-06-19,0.01,25.58,28.46,0.46
Quetta,2022-06-20,1.49,24.0,21.49,0.46
Quetta,2022-06-21,0.13,20.36,23.36,0.46
Quetta,2022-06-22,4.09,20.48,38.95,0.47
Quetta,2022-06-23,0.0,23.57,50.82,0.47
Quetta,2022-06-24,0.0,26.49,36.19,0.46
Quetta,2022-06-25,0.0,28.68,20.29,0.46
Quetta,2022-06-26,0.06,27.41,32.12,0.46
Quetta,2022-06-27,0.0,28.13,30.1,0.46
Quetta,2022-06-28,0.0,29.86,23.81,0.46
Quetta,2022-06-29,0.0,30.36,19.05,0.46
Quetta,2022-06-30,0.0,31.06,17.23,0.46
Quetta,2022-07-01,0.02,29.56,39.79,0.46
Quetta,2022-07-02,0.0,29.44,47.49,0.46
Quetta,2022-07-03,0.42,28.21,57.58,0.46
Quetta,2022-07-04,7.09,25.39,68.78,0.46
Quetta,2022-07-05,2.14,25.06,68.77,0.47
Quetta,2022-07-06,11.14,23.92,78.27,0.48
Quetta,2022-07-07,3.88,24.28,74.8,0.5
Quetta,2022-07-08,0.44,23.86,73.07,0.5
Quetta,2022-07-09,24.44,24.25,69.56,0.5
Quetta,2022-07-10,34.53,23.6,73.82,0.59
Quetta,2022-07-11,0.19,24.1,68.9,0.59
Quetta,2022-07-12,0.0,25.29,62.48,0.58
Quetta,2022-07-13,0.03,26.0,56.46,0.57
Quetta,2022-07-14,7.76,24.41,59.84,0.57
Quetta,2022-07-15,9.57,22.01,72.64,0.59
Quetta,2022-07-16,0.63,22.62,68.28,0.59
Quetta,2022-07-17,0.48,22.47,74.6,0.58
Quetta,2022-07-18,0.12,23.48,70.55,0.58
Quetta,2022-07-19,0.58,25.85,62.61,0.57
Quetta,2022-07-20,0.62,26.4,65.76,0.57
Quetta,2022-07-21,0.53,26.83,62.58,0.57
Quetta,2022-07-22,0.48,25.19,70.74,0.56
Quetta,2022-07-23,2.02,24.2,68.32,0.56
Quetta,2022-07-24,11.96,22.28,80.6,0.57
Quetta,2022-07-25,4.06,22.56,76.83,0.58
Quetta,2022-07-26,6.35,21.81,80.28,0.59
Quetta,2022-07-27,1.82,23.18,76.56,0.59
Quetta,2022-07-28,2.1,23.0,80.9,0.59
Quetta,2022-07-29,7.76,23.39,80.24,0.59
Quetta,2022-07-30,11.01,23.63,77.37,0.61
Quetta,2022-07-31,0.51,24.23,66.76,0.61
Quetta,2022-08-01,0.0,23.74,56.13,0.6
Quetta,2022-08-02,0.0,23.19,54.47,0.6
Quetta,2022-08-03,0.0,24.05,51.62,0.59
Quetta,2022-08-04,0.01,24.3,64.81,0.59
Quetta,2022-08-05,0.02,24.12,64.48,0.58
Quetta,2022-08-06,3.57,24.59,59.66,0.58
Quetta,2022-08-07,0.4,24.99,54.2,0.58
Quetta,2022-08-08,0.0,25.57,54.04,0.57
Quetta,2022-08-09,0.0,23.12,79.73,0.57
Quetta,2022-08-10,0.04,23.23,73.97,0.57
Quetta,2022-08-11,0.46,23.15,76.56,0.56
Quetta,2022-08-12,1.86,21.74,82.13,0.56
Quetta,2022-08-13,5.98,22.25,74.73,0.57
Quetta,2022-08-14,23.29,21.27,76.15,0.59
Quetta,2022-08-15,6.83,21.37,80.73,0.62
Quetta,2022-08-16,1.74,21.93,78.08,0.61
Quetta,2022-08-17,2.57,21.88,77.89,0.61
Quetta,2022-08-18,15.23,20.32,84.48,0.63
Quetta,2022-08-19,6.42,21.59,80.3,0.64
Quetta,2022-08-20,15.04,21.9,76.49,0.65
Quetta,2022-08-21,25.08,20.64,82.25,0.68
Quetta,2022-08-22,0.18,21.09,62.32,0.7
Quetta,2022-08-23,0.1,20.87,60.02,0.69
Quetta,2022-08-24,19.16,21.26,77.08,0.69
Quetta,2022-08-25,79.54,20.02,84.82,0.75
Quetta,2022-08-26,52.89,19.38,91.98,0.88
Quetta,2022-08-27,0.31,20.47,82.07,0.88
Quetta,2022-08-28,0.0,21.22,58.17,0.87
Quetta,2022-08-29,0.08,21.78,58.93,0.86
Quetta,2022-08-30,0.0,21.52,74.81,0.85
Quetta,2022-08-31,0.0,21.35,58.74,0.84
Quetta,2022-09-01,0.0,21.34,43.72,0.84
Quetta,2022-09-02,0.0,21.95,46.27,0.83
Quetta,2022-09-03,0.0,20.83,44.57,0.82
Quetta,2022-09-04,0.0,18.94,39.3,0.81
Quetta,2022-09-05,0.0,19.88,38.59,0.8
Quetta,2022-09-06,0.0,19.99,63.42,0.79
Quetta,2022-09-07,0.0,21.14,76.34,0.79
Quetta,2022-09-08,0.0,21.19,77.43,0.78
Quetta,2022-09-09,0.0,22.09,65.71,0.77
Quetta,2022-09-10,0.0,22.45,52.12,0.77
Quetta,2022-09-11,0.01,22.86,44.36,0.76
Quetta,2022-09-12,0.62,21.38,53.44,0.75
Quetta,2022-09-13,0.39,21.5,46.41,0.75
Quetta,2022-09-14,0.0,21.11,38.23,0.74
Quetta,2022-09-15,0.0,20.06,36.93,0.73
Quetta,2022-09-16,0.0,18.62,35.5,0.72
Quetta,2022-09-17,0.0,19.53,31.53,0.72
Quetta,2022-09-18,0.0,19.68,51.23,0.71
Quetta,2022-09-19,0.0,20.45,53.15,0.71
Quetta,2022-09-20,0.0,20.98,34.71,0.7
Quetta,2022-09-21,0.0,20.42,33.86,0.69
Quetta,2022-09-22,0.0,19.81,32.94,0.69
Quetta,2022-09-23,0.0,18.88,35.21,0.68
Quetta,2022-09-24,0.0,19.07,33.43,0.68
Quetta,2022-09-25,0.0,18.87,32.73,0.67
Quetta,2022-09-26,0.0,19.05,49.4,0.67
Quetta,2022-09-27,0.0,18.9,50.46,0.66
Quetta,2022-09-28,0.0,18.63,30.95,0.65
Quetta,2022-09-29,0.0,19.21,35.17,0.65
Quetta,2022-09-30,0.0,18.96,36.7,0.65
Quetta,2022-10-01,0.0,18.93,31.46,0.64
Quetta,2022-10-02,0.0,19.06,31.24,0.64
Quetta,2022-10-03,0.0,17.0,36.73,0.63
Quetta,2022-10-04,0.0,16.78,30.59,0.63
Quetta,2022-10-05,0.0,17.2,32.09,0.62
Quetta,2022-10-06,0.0,17.35,29.17,0.62
Quetta,2022-10-07,0.0,17.4,33.67,0.61
Quetta,2022-10-08,0.0,16.41,33.46,0.61
Quetta,2022-10-09,0.0,14.67,29.22,0.61
Quetta,2022-10-10,0.0,13.83,27.77,0.6
Quetta,2022-10-11,0.0,13.33,28.04,0.6
Quetta,2022-10-12,0.0,14.23,27.67,0.6
Quetta,2022-10-13,0.0,14.5,29.06,0.59
Quetta,2022-10-14,0.0,14.93,28.97,0.59
Quetta,2022-10-15,0.0,15.29,30.55,0.59
Quetta,2022-10-16,0.0,16.22,30.37,0.58
Quetta,2022-10-17,0.0,16.44,29.82,0.58
Quetta,2022-10-18,0.0,15.6,34.63,0.58
Quetta,2022-10-19,0.0,15.26,37.14,0.57
Quetta,2022-10-20,0.0,14.81,36.55,0.57
Quetta,2022-10-21,0.0,15.15,36.66,0.57
Quetta,2022-10-22,0.0,14.7,30.3,0.57
Quetta,2022-10-23,0.0,14.08,29.71,0.56
Quetta,2022-10-24,0.0,13.9,34.73,0.56
Quetta,2022-10-25,0.0,14.01,41.6,0.56
Quetta,2022-10-26,0.0,14.47,41.26,0.55
Quetta,2022-10-27,0.0,13.2,35.47,0.55
Quetta,2022-10-28,0.0,13.51,31.13,0.55
Quetta,2022-10-29,0.0,14.92,34.3,0.55
Quetta,2022-10-30,0.0,16.92,32.67,0.54
Quetta,2022-10-31,0.0,15.52,38.46,0.54
Quetta,2022-11-01,0.0,16.42,39.39,0.54
Quetta,2022-11-02,0.0,16.49,45.19,0.54
Quetta,2022-11-03,0.0,16.36,39.71,0.53
Quetta,2022-11-04,0.0,14.84,41.06,0.53
Quetta,2022-11-05,0.0,13.19,55.5,0.53
Quetta,2022-11-06,0.54,10.59,77.51,0.53
Quetta,2022-11-07,0.02,11.21,65.7,0.53
Quetta,2022-11-08,1.99,11.2,70.55,0.53
Quetta,2022-11-09,0.15,10.87,66.52,0.53
Quetta,2022-11-10,0.0,10.47,58.43,0.53
Quetta,2022-11-11,0.0,10.11,55.93,0.53
Quetta,2022-11-12,0.0,11.19,52.53,0.53
Quetta,2022-11-13,0.1,10.13,71.29,0.52
Quetta,2022-11-14,0.01,7.04,61.07,0.52
Quetta,2022-11-15,0.0,8.14,42.07,0.52
Quetta,2022-11-16,0.0,8.6,54.76,0.52
Quetta,2022-11-17,0.0,7.97,44.64,0.52
Quetta,2022-11-18,0.0,11.22,40.75,0.52
Quetta,2022-11-19,0.0,10.26,54.96,0.51
Quetta,2022-11-20,0.0,8.55,50.85,0.51
Quetta,2022-11-21,0.0,7.8,44.56,0.51
Quetta,2022-11-22,0.0,7.41,38.4,0.51
Quetta,2022-11-23,0.0,8.94,33.31,0.51
Quetta,2022-11-24,0.0,10.36,32.17,0.51
Quetta,2022-11-25,0.0,9.76,28.68,0.51
Quetta,2022-11-26,0.0,8.58,28.07,0.5
Quetta,2022-11-27,0.0,9.14,35.02,0.5
Quetta,2022-11-28,0.0,9.49,38.21,0.5
Quetta,2022-11-29,0.0,8.48,40.5,0.5
Quetta,2022-11-30,0.0,8.69,38.31,0.5
Quetta,2022-12-01,0.0,8.96,37.71,0.5
Quetta,2022-12-02,0.0,7.23,41.52,0.5
Quetta,2022-12-03,0.0,5.91,47.17,0.5
Quetta,2022-12-04,0.0,6.18,40.3,0.49
Quetta,2022-12-05,0.0,6.96,42.23,0.49
Quetta,2022-12-06,0.0,7.05,49.26,0.49
Quetta,2022-12-07,0.0,7.54,55.01,0.49
Quetta,2022-12-08,0.0,7.45,66.3,0.49
Quetta,2022-12-09,0.0,5.55,68.73,0.49
Quetta,2022-12-10,0.0,4.76,59.68,0.49
Quetta,2022-12-11,0.11,6.57,57.54,0.49
Quetta,2022-12-12,0.75,3.88,82.3,0.49
Quetta,2022-12-13,0.32,4.81,40.37,0.49
Quetta,2022-12-14,0.0,6.48,26.56,0.49
Quetta,2022-12-15,0.0,6.06,36.64,0.49
Quetta,2022-12-16,0.0,6.72,42.06,0.49
Quetta,2022-12-17,0.0,8.44,36.25,0.49
Quetta,2022-12-18,0.0,6.07,42.49,0.48
Quetta,2022-12-19,0.0,3.91,51.97,0.48
Quetta,2022-12-20,0.0,2.52,58.22,0.48
Quetta,2022-12-21,0.0,3.25,50.23,0.48
Quetta,2022-12-22,0.0,2.72,42.45,0.48
Quetta,2022-12-23,0.0,0.41,41.89,0.48
Quetta,2022-12-24,0.0,3.42,35.81,0.48
Quetta,2022-12-25,0.0,5.44,40.02,0.48
Quetta,2022-12-26,0.0,6.35,45.34,0.48
Quetta,2022-12-27,0.0,7.21,82.59,0.48
Quetta,2022-12-28,7.82,5.62,85.07,0.48
Quetta,2022-12-29,5.58,3.75,87.08,0.5
Quetta,2022-12-30,0.75,1.84,68.64,0.5
Quetta,2022-12-31,0.0,1.76,43.46,0.5
Quetta,2023-01-01,0.0,1.93,38.96,0.5
Quetta,2023-01-02,0.0,1.05,40.04,0.5
Quetta,2023-01-03,0.0,0.92,39.32,0.5
Quetta,2023-01-04,0.0,3.83,31.06,0.5
Quetta,2023-01-05,2.77,5.24,29.71,0.5
Quetta,2023-01-06,6.11,6.57,42.35,0.51
Quetta,2023-01-07,0.11,7.38,73.24,0.51
Quetta,2023-01-08,1.68,7.22,87.4,0.51
Quetta,2023-01-09,0.08,7.33,68.95,0.51
Quetta,2023-01-10,4.19,7.14,64.05,0.51
Quetta,2023-01-11,18.61,2.15,81.94,0.54
Quetta,2023-01-12,0.0,-4.79,59.64,0.55
Quetta,2023-01-13,0.47,-5.81,50.36,0.55
Quetta,2023-01-14,0.0,-3.42,44.98,0.55
Quetta,2023-01-15,0.0,-2.8,42.75,0.55
Quetta,2023-01-16,0.0,-0.39,38.42,0.54
Quetta,2023-01-17,0.0,1.98,48.83,0.54
Quetta,2023-01-18,9.2,1.09,80.23,0.55
Quetta,2023-01-19,3.55,1.47,85.68,0.56
Quetta,2023-01-20,1.65,-0.74,80.72,0.56
Quetta,2023-01-21,0.05,-1.96,62.52,0.56
Quetta,2023-01-22,0.0,-2.27,62.46,0.56
Quetta,2023-01-23,0.0,-2.67,58.95,0.56
Quetta,2023-01-24,0.0,-3.35,62.7,0.56
Quetta,2023-01-25,0.0,-2.86,53.8,0.56
Quetta,2023-01-26,0.0,-0.74,45.61,0.56
Quetta,2023-01-27,0.42,3.29,38.25,0.56
Quetta,2023-01-28,50.39,1.47,75.63,0.62
Quetta,2023-01-29,5.8,-1.2,90.57,0.64
Quetta,2023-01-30,0.06,0.09,62.38,0.64
Quetta,2023-01-31,0.0,4.86,48.24,0.64
Quetta,2023-02-01,0.0,6.64,51.4,0.64
Quetta,2023-02-02,0.0,7.58,66.05,0.64
Quetta,2023-02-03,0.0,7.95,76.08,0.64
Quetta,2023-02-04,0.0,7.44,66.52,0.64
Quetta,2023-02-05,0.0,7.15,63.27,0.64
Quetta,2023-02-06,0.0,4.52,61.06,0.63
Quetta,2023-02-07,0.0,7.48,42.96,0.63
Quetta,2023-02-08,0.0,8.56,63.16,0.63
Quetta,2023-02-09,0.0,7.5,66.99,0.63
Quetta,2023-02-10,0.0,3.31,53.13,0.62
Quetta,2023-02-11,0.0,0.94,59.5,0.62
Quetta,2023-02-12,0.0,2.83,43.35,0.62
Quetta,2023-02-13,0.0,8.04,47.93,0.62
Quetta,2023-02-14,0.0,10.98,54.21,0.61
Quetta,2023-02-15,0.0,13.04,44.18,0.61
Quetta,2023-02-16,0.0,12.73,35.36,0.61
Quetta,2023-02-17,0.0,14.01,35.66,0.6
Quetta,2023-02-18,0.0,12.72,43.44,0.6
Quetta,2023-02-19,0.0,11.5,57.23,0.6
Quetta,2023-02-20,0.0,8.16,56.62,0.6
Quetta,2023-02-21,0.0,7.91,32.41,0.59
Quetta,2023-02-22,0.0,10.45,40.22,0.59
Quetta,2023-02-23,0.0,10.76,36.21,0.59
Quetta,2023-02-24,0.0,12.23,46.9,0.59
Quetta,2023-02-25,0.0,11.31,50.09,0.58
Quetta,2023-02-26,0.0,11.47,51.43,0.58
Quetta,2023-02-27,0.0,11.53,50.79,0.58
Quetta,2023-02-28,0.55,8.66,66.41,0.58
Quetta,2023-03-01,5.52,8.53,79.63,0.58
Quetta,2023-03-02,1.89,9.04,77.9,0.59
Quetta,2023-03-03,3.41,9.24,84.52,0.59
Quetta,2023-03-04,0.12,9.99,71.84,0.59
Quetta,2023-03-05,0.0,10.42,60.45,0.59
Quetta,2023-03-06,0.0,10.68,56.91,0.58
Quetta,2023-03-07,0.0,11.88,48.72,0.58
Quetta,2023-03-08,0.0,12.63,39.25,0.58
Quetta,2023-03-09,0.0,13.67,35.95,0.57
Quetta,2023-03-10,0.0,14.22,37.34,0.57
Quetta,2023-03-11,0.0,15.11,45.6,0.57
Quetta,2023-03-12,0.0,15.08,48.66,0.57
Quetta,2023-03-13,0.0,14.01,48.14,0.56
Quetta,2023-03-14,0.0,13.27,37.31,0.56
Quetta,2023-03-15,0.0,14.61,38.73,0.56
Quetta,2023-03-16,1.55,13.29,49.9,0.56
Quetta,2023-03-17,1.4,12.71,57.95,0.56
Quetta,2023-03-18,4.6,11.04,75.17,0.56
Quetta,2023-03-19,0.09,12.27,58.56,0.56
Quetta,2023-03-20,0.5,12.02,47.76,0.56
Quetta,2023-03-21,2.12,12.99,47.11,0.56
Quetta,2023-03-22,3.52,11.68,61.22,0.56
Quetta,2023-03-23,31.1,10.0,79.86,0.59
Quetta,2023-03-24,0.68,6.89,74.46,0.62
Quetta,2023-03-25,0.02,9.01,65.26,0.61
Quetta,2023-03-26,0.0,11.11,56.38,0.61
Quetta,2023-03-27,0.0,11.88,52.74,0.6
Quetta,2023-03-28,8.06,13.25,56.57,0.6
Quetta,2023-03-29,21.15,10.26,79.26,0.63
Quetta,2023-03-30,7.9,10.03,79.1,0.65
Quetta,2023-03-31,0.39,10.84,69.59,0.65
Quetta,2023-04-01,0.0,12.97,51.86,0.65
Quetta,2023-04-02,0.07,13.96,54.53,0.64
Quetta,2023-04-03,0.11,13.61,53.04,0.64
Quetta,2023-04-04,0.0,13.28,43.17,0.63
Quetta,2023-04-05,4.49,12.4,52.97,0.63
Quetta,2023-04-06,0.11,12.84,40.73,0.63
Quetta,2023-04-07,0.23,14.61,49.54,0.63
Quetta,2023-04-08,0.0,15.62,39.27,0.62
Quetta,2023-04-09,0.0,15.94,44.49,0.62
Quetta,2023-04-10,0.0,15.92,44.26,0.61
Quetta,2023-04-11,0.0,16.86,46.09,0.61
Quetta,2023-04-12,0.0,17.93,40.28,0.6
Quetta,2023-04-13,0.0,18.53,36.97,0.6
Quetta,2023-04-14,0.0,19.59,32.16,0.6
Quetta,2023-04-15,0.95,19.94,41.26,0.59
Quetta,2023-04-16,0.11,19.32,49.88,0.59
Quetta,2023-04-17,2.33,17.04,59.56,0.59
Quetta,2023-04-18,0.49,14.56,61.16,0.59
Quetta,2023-04-19,0.0,11.74,50.11,0.58
Quetta,2023-04-20,0.0,10.99,32.35,0.58
Quetta,2023-04-21,0.0,13.1,28.56,0.57
Quetta,2023-04-22,0.0,15.61,28.36,0.57
Quetta,2023-04-23,0.0,17.99,26.6,0.57
Quetta,2023-04-24,0.0,17.88,33.07,0.56
Quetta,2023-04-25,0.0,18.34,44.68,0.56
Quetta,2023-04-26,0.21,14.32,67.73,0.55
Quetta,2023-04-27,0.18,16.3,58.08,0.55
Quetta,2023-04-28,1.33,15.31,63.43,0.55
Quetta,2023-04-29,3.75,13.88,74.7,0.55
Quetta,2023-04-30,1.34,16.02,64.33,0.56
Quetta,2023-05-01,2.44,17.5,56.0,0.56
Quetta,2023-05-02,0.12,17.43,51.89,0.56
Quetta,2023-05-03,0.0,19.22,38.47,0.55
Quetta,2023-05-04,0.03,19.29,48.07,0.55
Quetta,2023-05-05,4.25,19.13,51.66,0.55
Quetta,2023-05-06,0.25,16.82,41.86,0.55
Quetta,2023-05-07,0.0,15.44,28.26,0.54
Quetta,2023-05-08,0.0,15.36,30.26,0.54
Quetta,2023-05-09,0.0,18.83,24.76,0.53
Quetta,2023-05-10,0.0,21.45,23.3,0.53
Quetta,2023-05-11,0.0,21.95,30.32,0.53
Quetta,2023-05-12,0.0,22.72,31.78,0.52
Quetta,2023-05-13,0.0,21.88,29.93,0.52
Quetta,2023-05-14,0.0,20.29,28.78,0.51
Quetta,2023-05-15,0.01,21.78,32.33,0.51
Quetta,2023-05-16,0.0,22.39,35.73,0.5
Quetta,2023-05-17,0.05,22.23,36.99,0.5
Quetta,2023-05-18,0.0,20.86,27.47,0.5
Quetta,2023-05-19,0.0,22.46,23.29,0.49
Quetta,2023-05-20,0.0,23.46,25.07,0.49
Quetta,2023-05-21,0.0,25.5,24.49,0.49
Quetta,2023-05-22,0.35,24.46,35.49,0.48
Quetta,2023-05-23,1.46,22.76,50.55,0.48
Quetta,2023-05-24,0.0,21.54,43.35,0.48
Quetta,2023-05-25,0.0,21.77,27.79,0.48
Quetta,2023-05-26,0.0,21.24,22.32,0.47
Quetta,2023-05-27,0.0,22.78,21.16,0.47
Quetta,2023-05-28,0.24,22.87,28.55,0.47
Quetta,2023-05-29,0.06,21.88,33.99,0.47
Quetta,2023-05-30,0.81,21.29,49.46,0.47
Quetta,2023-05-31,0.01,21.56,35.38,0.47
Quetta,2023-06-01,0.02,21.57,23.29,0.47
Quetta,2023-06-02,0.0,23.62,16.54,0.46
Quetta,2023-06-03,0.01,24.18,19.32,0.46
Quetta,2023-06-04,0.03,24.17,21.19,0.46
Quetta,2023-06-05,0.0,24.16,20.09,0.46
Quetta,2023-06-06,0.0,25.52,15.95,0.46
Quetta,2023-06-07,0.0,25.81,16.71,0.46
Quetta,2023-06-08,0.0,26.31,25.2,0.46
Quetta,2023-06-09,0.0,27.09,22.07,0.46
Quetta,2023-06-10,0.11,25.96,23.91,0.46
Quetta,2023-06-11,0.02,25.23,23.08,0.46
Quetta,2023-06-12,0.0,26.52,17.77,0.46
Quetta,2023-06-13,0.0,26.64,31.16,0.46
Quetta,2023-06-14,0.07,26.12,42.42,0.46
Quetta,2023-06-15,0.73,24.82,53.47,0.46
Quetta,2023-06-16,2.53,25.25,50.29,0.46
Quetta,2023-06-17,1.24,26.95,42.87,0.46
Quetta,2023-06-18,0.0,28.0,36.06,0.46
Quetta,2023-06-19,0.0,29.12,28.55,0.46
Quetta,2023-06-20,0.0,29.35,25.51,0.46
Quetta,2023-06-21,0.0,28.99,32.62,0.46
Quetta,2023-06-22,0.0,29.69,43.28,0.46
Quetta,2023-06-23,0.0,30.82,36.68,0.46
Quetta,2023-06-24,0.05,31.25,34.73,0.46
Quetta,2023-06-25,0.57,29.48,45.06,0.46
Quetta,2023-06-26,0.56,28.26,49.63,0.46
Quetta,2023-06-27,0.52,27.71,48.36,0.46
Quetta,2023-06-28,0.03,27.67,42.67,0.46
Quetta,2023-06-29,0.0,27.58,43.63,0.46
Quetta,2023-06-30,0.25,27.48,32.98,0.46
Quetta,2023-07-01,1.14,27.92,29.1,0.46
Quetta,2023-07-02,0.02,28.7,42.46,0.46
Quetta,2023-07-03,0.0,30.24,35.68,0.46
Quetta,2023-07-04,0.0,29.56,19.24,0.46
Quetta,2023-07-05,0.33,26.74,27.34,0.46
Quetta,2023-07-06,1.44,25.12,55.9,0.46
Quetta,2023-07-07,7.67,25.34,53.27,0.46
Quetta,2023-07-08,7.76,23.72,62.16,0.49
Quetta,2023-07-09,0.0,25.06,51.03,0.48
Quetta,2023-07-10,0.0,25.23,48.15,0.48
Quetta,2023-07-11,0.0,26.23,51.13,0.48
Quetta,2023-07-12,0.0,28.09,24.36,0.47
Quetta,2023-07-13,0.0,28.36,19.21,0.47
Quetta,2023-07-14,0.0,27.93,28.9,0.47
Quetta,2023-07-15,0.0,28.13,32.99,0.47
Quetta,2023-07-16,0.0,27.71,36.35,0.46
Quetta,2023-07-17,0.01,27.65,46.29,0.46
Quetta,2023-07-18,0.0,28.67,39.56,0.46
Quetta,2023-07-19,0.04,29.71,32.36,0.46
Quetta,2023-07-20,0.17,27.8,49.88,0.46
Quetta,2023-07-21,1.77,27.74,50.77,0.46
Quetta,2023-07-22,3.28,25.32,65.26,0.47
Quetta,2023-07-23,3.92,23.76,68.08,0.47
Quetta,2023-07-24,3.86,22.89,70.02,0.48
Quetta,2023-07-25,24.22,23.0,73.86,0.5
Quetta,2023-07-26,4.84,24.63,64.57,0.53
Quetta,2023-07-27,3.81,25.21,62.29,0.52
Quetta,2023-07-28,0.33,25.53,58.78,0.52
Quetta,2023-07-29,0.08,24.96,48.64,0.52
Quetta,2023-07-30,0.08,25.02,47.42,0.51
Quetta,2023-07-31,0.01,24.86,55.53,0.51
Quetta,2023-08-01,0.0,26.37,35.72,0.5
Quetta,2023-08-02,0.0,27.31,24.44,0.5
Quetta,2023-08-03,0.0,26.93,30.92,0.49
Quetta,2023-08-04,0.0,26.78,34.56,0.49
Quetta,2023-08-05,0.0,27.22,37.74,0.49
Quetta,2023-08-06,0.0,27.14,26.14,0.48
Quetta,2023-08-07,0.0,25.94,25.05,0.48
Quetta,2023-08-08,0.0,25.89,25.33,0.48
Quetta,2023-08-09,0.0,26.67,30.23,0.47
Quetta,2023-08-10,0.04,26.71,38.14,0.47
Quetta,2023-08-11,0.01,26.52,45.22,0.47
Quetta,2023-08-12,0.0,27.16,24.76,0.47
Quetta,2023-08-13,0.0,25.89,21.89,0.47
Quetta,2023-08-14,0.0,25.67,21.16,0.46
Quetta,2023-08-15,3.9,25.17,27.93,0.47
Quetta,2023-08-16,0.0,24.5,31.05,0.47
Quetta,2023-08-17,0.0,23.96,18.38,0.46
Quetta,2023-08-18,0.0,24.85,16.28,0.46
Quetta,2023-08-19,0.0,25.23,16.7,0.46
Quetta,2023-08-20,0.01,25.34,28.72,0.46
Quetta,2023-08-21,0.0,26.57,25.44,0.46
Quetta,2023-08-22,0.0,26.1,13.21,0.46
Quetta,2023-08-23,0.0,25.37,14.76,0.46
Quetta,2023-08-24,0.0,24.87,17.8,0.46
Quetta,2023-08-25,0.0,24.39,20.69,0.46
Quetta,2023-08-26,0.05,23.77,39.1,0.46
Quetta,2023-08-27,0.0,24.92,21.06,0.46
Quetta,2023-08-28,0.0,25.29,16.25,0.46
Quetta,2023-08-29,0.0,24.84,17.16,0.46
Quetta,2023-08-30,0.0,25.36,24.7,0.46
Quetta,2023-08-31,0.0,25.74,40.07,0.46
Quetta,2023-09-01,0.0,26.44,40.27,0.46
Quetta,2023-09-02,0.0,26.92,25.23,0.46
Quetta,2023-09-03,0.02,26.19,15.05,0.46
Quetta,2023-09-04,0.0,25.25,11.49,0.46
Quetta,2023-09-05,0.0,25.4,15.68,0.46
Quetta,2023-09-06,0.0,24.78,39.75,0.46
Quetta,2023-09-07,0.0,25.43,31.24,0.46
Quetta,2023-09-08,0.0,25.56,16.39,0.45
Quetta,2023-09-09,0.0,25.68,12.53,0.45
Quetta,2023-09-10,0.0,24.69,9.04,0.45
Quetta,2023-09-11,0.0,26.03,7.86,0.45
Quetta,2023-09-12,0.0,26.57,10.11,0.45
Quetta,2023-09-13,0.0,26.3,10.48,0.45
Quetta,2023-09-14,0.0,25.61,21.82,0.45
Quetta,2023-09-15,0.0,25.45,35.35,0.45
Quetta,2023-09-16,0.0,24.95,32.13,0.45
Quetta,2023-09-17,0.04,24.27,29.44,0.45
Quetta,2023-09-18,0.03,24.28,19.61,0.45
Quetta,2023-09-19,0.0,23.75,32.86,0.45
Quetta,2023-09-20,0.0,23.95,19.47,0.45
Quetta,2023-09-21,0.0,23.52,11.07,0.45
Quetta,2023-09-22,0.0,21.35,10.19,0.45
Quetta,2023-09-23,0.0,19.93,10.64,0.45
Quetta,2023-09-24,0.0,17.97,12.29,0.45
Quetta,2023-09-25,0.0,18.94,11.39,0.45
Quetta,2023-09-26,0.0,19.74,13.92,0.45
Quetta,2023-09-27,0.0,18.95,10.04,0.45
Quetta,2023-09-28,0.0,18.88,17.8,0.45
Quetta,2023-09-29,0.0,15.79,18.82,0.45
Quetta,2023-09-30,0.0,15.65,15.32,0.45
Quetta,2023-10-01,0.0,15.85,13.92,0.45
Quetta,2023-10-02,0.0,16.67,14.5,0.45
Quetta,2023-10-03,0.0,18.36,16.94,0.45
Quetta,2023-10-04,0.0,19.81,20.84,0.45
Quetta,2023-10-05,0.0,20.77,23.37,0.45
Quetta,2023-10-06,0.0,21.49,23.43,0.45
Quetta,2023-10-07,0.0,18.89,21.55,0.45
Quetta,2023-10-08,0.0,17.79,13.96,0.45
Quetta,2023-10-09,0.0,17.26,14.99,0.45
Quetta,2023-10-10,0.0,18.24,16.93,0.45
Quetta,2023-10-11,0.0,19.03,13.19,0.45
Quetta,2023-10-12,0.0,19.98,16.36,0.45
Quetta,2023-10-13,0.0,20.03,21.95,0.45
Quetta,2023-10-14,0.0,17.12,29.78,0.45
Quetta,2023-10-15,1.18,14.48,46.37,0.45
Quetta,2023-10-16,0.07,13.81,47.01,0.46
Quetta,2023-10-17,0.0,14.37,23.41,0.46
Quetta,2023-10-18,0.34,15.87,34.67,0.46
Quetta,2023-10-19,0.0,16.62,36.0,0.46
Quetta,2023-10-20,0.03,17.05,35.02,0.46
Quetta,2023-10-21,0.19,17.53,34.26,0.46
Quetta,2023-10-22,0.0,16.45,28.78,0.46
Quetta,2023-10-23,0.0,15.34,28.79,0.46
Quetta,2023-10-24,0.0,14.87,28.03,0.46
Quetta,2023-10-25,0.0,15.56,24.15,0.46
Quetta,2023-10-26,0.0,16.62,22.79,0.46
Quetta,2023-10-27,0.0,16.98,34.12,0.46
Quetta,2023-10-28,0.01,14.46,59.65,0.46
Quetta,2023-10-29,0.0,16.57,43.15,0.46
Quetta,2023-10-30,2.25,17.14,31.73,0.46
Quetta,2023-10-31,8.07,16.63,35.45,0.48
Quetta,2023-11-01,0.0,16.16,38.22,0.48
Quetta,2023-11-02,0.0,13.84,42.31,0.47
Quetta,2023-11-03,0.0,13.24,36.2,0.47
Quetta,2023-11-04,0.0,14.05,42.78,0.47
Quetta,2023-11-05,0.07,14.76,50.28,0.47
Quetta,2023-11-06,3.6,14.12,63.49,0.47
Quetta,2023-11-07,1.39,13.18,66.65,0.48
Quetta,2023-11-08,2.35,11.73,64.74,0.48
Quetta,2023-11-09,0.07,10.17,60.84,0.48
Quetta,2023-11-10,0.44,9.75,42.64,0.48
Quetta,2023-11-11,0.0,10.46,27.73,0.48
Quetta,2023-11-12,0.0,9.97,35.04,0.48
Quetta,2023-11-13,0.0,10.19,37.1,0.48
Quetta,2023-11-14,0.0,10.99,32.9,0.48
Quetta,2023-11-15,0.0,11.8,30.35,0.48
Quetta,2023-11-16,0.0,12.6,28.78,0.47
Quetta,2023-11-17,0.0,12.54,37.3,0.47
Quetta,2023-11-18,0.0,11.84,49.35,0.47
Quetta,2023-11-19,0.0,11.27,56.09,0.47
Quetta,2023-11-20,0.0,11.37,48.41,0.47
Quetta,2023-11-21,0.0,12.43,44.46,0.47
Quetta,2023-11-22,0.0,11.91,66.94,0.47
Quetta,2023-11-23,0.0,8.9,45.2,0.47
Quetta,2023-11-24,0.0,9.63,43.01,0.47
Quetta,2023-11-25,0.0,10.32,62.79,0.47
Quetta,2023-11-26,0.0,10.3,61.65,0.47
Quetta,2023-11-27,0.0,10.66,52.11,0.47
Quetta,2023-11-28,0.0,10.63,50.47,0.47
Quetta,2023-11-29,0.0,9.61,50.93,0.47
Quetta,2023-11-30,0.0,8.92,56.08,0.47
Quetta,2023-12-01,0.0,8.38,54.05,0.47
Quetta,2023-12-02,0.0,8.77,49.9,0.46
Quetta,2023-12-03,0.0,7.95,50.45,0.46
Quetta,2023-12-04,0.0,7.94,39.11,0.46
Quetta,2023-12-05,0.0,8.42,24.25,0.46
Quetta,2023-12-06,0.0,8.96,21.28,0.46
Quetta,2023-12-07,0.0,8.79,22.86,0.46
Quetta,2023-12-08,0.0,6.99,23.84,0.46
Quetta,2023-12-09,0.0,6.27,30.3,0.46
Quetta,2023-12-10,0.0,6.91,30.73,0.46
Quetta,2023-12-11,0.0,6.39,34.96,0.46
Quetta,2023-12-12,0.0,5.94,40.43,0.46
Quetta,2023-12-13,0.0,8.56,32.69,0.46
Quetta,2023-12-14,0.0,9.68,28.29,0.46
Quetta,2023-12-15,2.17,7.11,68.53,0.46
Quetta,2023-12-16,1.15,3.41,72.74,0.47
Quetta,2023-12-17,0.52,3.03,58.04,0.47
Quetta,2023-12-18,0.0,6.7,29.37,0.47
Quetta,2023-12-19,0.0,7.88,23.59,0.47
Quetta,2023-12-20,0.0,8.6,21.56,0.47
Quetta,2023-12-21,0.01,9.56,20.06,0.47
Quetta,2023-12-22,0.27,9.71,28.99,0.46
Quetta,2023-12-23,0.0,8.22,33.43,0.46
Quetta,2023-12-24,0.0,9.65,32.28,0.46
Quetta,2023-12-25,0.0,10.69,34.49,0.46
Quetta,2023-12-26,0.0,9.29,40.52,0.46
Quetta,2023-12-27,0.0,9.23,34.37,0.46
Quetta,2023-12-28,0.0,9.84,26.73,0.46
Quetta,2023-12-29,0.0,8.92,30.96,0.46
Quetta,2023-12-30,0.0,7.85,44.81,0.46
Quetta,2023-12-31,0.0,6.19,52.98,0.46
Quetta,2024-01-01,0.0,5.95,42.41,0.46
Quetta,2024-01-02,0.15,6.71,44.08,0.46
Quetta,2024-01-03,0.2,6.58,53.26,0.46
Quetta,2024-01-04,1.63,6.1,69.14,0.46
Quetta,2024-01-05,19.19,5.94,81.47,0.49
Quetta,2024-01-06,0.26,6.11,75.65,0.5
Quetta,2024-01-07,2.89,6.15,80.98,0.5
Quetta,2024-01-08,8.28,3.64,76.48,0.52
Quetta,2024-01-09,1.33,2.79,53.9,0.52
Quetta,2024-01-10,0.0,5.77,36.87,0.52
Quetta,2024-01-11,0.0,8.83,28.72,0.52
Quetta,2024-01-12,0.02,8.63,34.74,0.52
Quetta,2024-01-13,0.0,7.75,46.18,0.52
Quetta,2024-01-14,0.0,8.43,41.74,0.51
Quetta,2024-01-15,0.0,9.41,40.62,0.51
Quetta,2024-01-16,0.0,8.21,56.94,0.51
Quetta,2024-01-17,0.0,5.87,62.15,0.51
Quetta,2024-01-18,0.0,4.58,45.73,0.51
Quetta,2024-01-19,0.0,5.87,45.44,0.51
Quetta,2024-01-20,0.0,5.42,44.23,0.51
Quetta,2024-01-21,0.0,5.57,41.49,0.5
Quetta,2024-01-22,0.0,3.34,42.46,0.5
Quetta,2024-01-23,0.0,3.07,41.74,0.5
Quetta,2024-01-24,0.0,6.82,39.74,0.5
Quetta,2024-01-25,0.0,8.13,49.17,0.5
Quetta,2024-01-26,0.0,8.88,60.19,0.5
Quetta,2024-01-27,0.0,9.61,82.51,0.5
Quetta,2024-01-28,0.45,9.1,83.83,0.5
Quetta,2024-01-29,0.78,9.51,74.57,0.5
Quetta,2024-01-30,0.18,7.45,70.82,0.5
Quetta,2024-01-31,0.0,4.65,50.5,0.5
Quetta,2024-02-01,0.0,2.41,34.93,0.49
Quetta,2024-02-02,5.45,6.21,60.04,0.49
Quetta,2024-02-03,4.35,7.94,75.24,0.51
Quetta,2024-02-04,0.0,2.04,45.59,0.51
Quetta,2024-02-05,0.0,2.42,35.49,0.51
Quetta,2024-02-06,0.02,3.66,43.54,0.51
Quetta,2024-02-07,0.03,4.74,50.0,0.51
Quetta,2024-02-08,0.1,5.1,35.01,0.5
Quetta,2024-02-09,0.0,5.43,34.33,0.5
Quetta,2024-02-10,0.0,7.27,32.77,0.5
Quetta,2024-02-11,0.0,8.38,36.32,0.5
Quetta,2024-02-12,0.0,8.37,45.16,0.5
Quetta,2024-02-13,0.0,7.64,46.26,0.5
Quetta,2024-02-14,0.0,8.24,34.18,0.49
Quetta,2024-02-15,0.0,9.41,29.03,0.49
Quetta,2024-02-16,0.0,10.49,29.29,0.49
Quetta,2024-02-17,0.0,11.72,36.43,0.49
Quetta,2024-02-18,0.14,12.47,61.77,0.49
Quetta,2024-02-19,0.04,5.86,58.5,0.49
Quetta,2024-02-20,0.0,3.6,40.72,0.49
Quetta,2024-02-21,0.0,3.75,44.85,0.48
Quetta,2024-02-22,0.0,2.78,36.39,0.48
Quetta,2024-02-23,0.0,3.27,32.08,0.48
Quetta,2024-02-24,0.0,3.79,38.17,0.48
Quetta,2024-02-25,0.61,4.23,50.63,0.48
Quetta,2024-02-26,9.83,3.07,75.61,0.49
Quetta,2024-02-27,5.34,4.97,83.39,0.5
Quetta,2024-02-28,2.47,8.05,77.67,0.51
Quetta,2024-02-29,38.3,6.76,88.25,0.54
Quetta,2024-03-01,5.64,2.78,83.44,0.59
Quetta,2024-03-02,0.1,-4.92,66.37,0.58
Quetta,2024-03-03,0.03,-3.51,60.6,0.58
Quetta,2024-03-04,0.0,1.69,42.8,0.58
Quetta,2024-03-05,1.24,4.82,54.98,0.58
Quetta,2024-03-06,5.96,5.47,78.74,0.59
Quetta,2024-03-07,0.05,5.4,59.07,0.59
Quetta,2024-03-08,0.0,6.81,48.07,0.59
Quetta,2024-03-09,0.0,9.88,47.16,0.58
Quetta,2024-03-10,3.55,10.16,72.67,0.58
Quetta,2024-03-11,5.09,9.01,77.19,0.59
Quetta,2024-03-12,8.74,9.27,64.89,0.59
Quetta,2024-03-13,1.27,5.19,72.6,0.61
Quetta,2024-03-14,0.0,6.74,42.61,0.6
Quetta,2024-03-15,0.0,8.34,40.79,0.6
Quetta,2024-03-16,0.0,10.85,38.52,0.6
Quetta,2024-03-17,0.0,12.32,41.25,0.59
Quetta,2024-03-18,0.0,13.18,46.21,0.59
Quetta,2024-03-19,0.0,14.23,41.99,0.59
Quetta,2024-03-20,0.0,14.2,49.87,0.58
Quetta,2024-03-21,0.48,14.24,59.17,0.58
Quetta,2024-03-22,0.0,13.64,48.16,0.58
Quetta,2024-03-23,0.0,14.91,49.75,0.57
Quetta,2024-03-24,0.0,15.36,54.49,0.57
Quetta,2024-03-25,2.01,16.03,46.38,0.57
Quetta,2024-03-26,0.0,16.24,63.13,0.57
Quetta,2024-03-27,2.22,15.47,67.39,0.57
Quetta,2024-03-28,4.51,15.05,66.76,0.57
Quetta,2024-03-29,8.77,13.44,66.08,0.58
Quetta,2024-03-30,2.0,8.9,52.23,0.59
Quetta,2024-03-31,0.0,10.75,44.48,0.59
Quetta,2024-04-01,0.0,11.9,37.48,0.58
Quetta,2024-04-02,0.0,12.65,41.74,0.58
Quetta,2024-04-03,0.0,11.47,37.62,0.57
Quetta,2024-04-04,0.0,11.33,32.55,0.57
Quetta,2024-04-05,0.0,12.83,35.81,0.57
Quetta,2024-04-06,0.0,13.82,36.33,0.56
Quetta,2024-04-07,0.0,15.14,34.3,0.56
Quetta,2024-04-08,0.0,16.78,31.39,0.55
Quetta,2024-04-09,0.0,18.56,33.45,0.55
Quetta,2024-04-10,0.0,18.2,34.79,0.55
Quetta,2024-04-11,0.0,17.91,39.38,0.54
Quetta,2024-04-12,5.69,16.61,52.06,0.54
Quetta,2024-04-13,7.91,15.93,71.45,0.56
Quetta,2024-04-14,17.06,13.43,82.39,0.57
Quetta,2024-04-15,21.38,12.54,71.68,0.61
Quetta,2024-04-16,0.13,13.22,48.62,0.62
Quetta,2024-04-17,6.72,13.87,67.48,0.62
Quetta,2024-04-18,6.63,13.59,71.53,0.63
Quetta,2024-04-19,16.21,10.77,77.68,0.65
Quetta,2024-04-20,0.0,11.6,58.05,0.65
Quetta,2024-04-21,0.0,13.27,53.73,0.64
Quetta,2024-04-22,0.0,14.31,39.02,0.64
Quetta,2024-04-23,0.0,16.21,39.64,0.63
Quetta,2024-04-24,0.0,18.22,36.64,0.63
Quetta,2024-04-25,1.39,16.76,54.02,0.62
Quetta,2024-04-26,35.44,13.2,77.74,0.65
Quetta,2024-04-27,4.24,11.85,76.61,0.69
Quetta,2024-04-28,0.05,11.36,57.24,0.68
Quetta,2024-04-29,0.0,8.6,42.73,0.67
Quetta,2024-04-30,0.0,7.91,44.48,0.66
Quetta,2024-05-01,0.0,11.7,43.1,0.66
Quetta,2024-05-02,0.0,17.33,32.48,0.65
Quetta,2024-05-03,1.2,15.24,63.56,0.65
Quetta,2024-05-04,0.0,17.32,57.39,0.65
Quetta,2024-05-05,0.01,18.59,51.4,0.64
Quetta,2024-05-06,0.0,19.07,47.27,0.64
Quetta,2024-05-07,0.0,21.19,39.28,0.63
Quetta,2024-05-08,0.0,22.48,34.53,0.62
Quetta,2024-05-09,0.14,22.58,40.59,0.62
Quetta,2024-05-10,0.39,21.7,52.92,0.61
Quetta,2024-05-11,0.05,19.07,39.5,0.61
Quetta,2024-05-12,0.01,16.9,31.93,0.6
Quetta,2024-05-13,0.0,19.82,28.65,0.6
Quetta,2024-05-14,0.0,21.66,32.1,0.59
Quetta,2024-05-15,0.16,22.83,39.41,0.59
Quetta,2024-05-16,0.36,22.93,46.31,0.58
Quetta,2024-05-17,0.0,23.05,47.25,0.58
Quetta,2024-05-18,5.61,21.01,55.96,0.57
Quetta,2024-05-19,0.02,21.52,45.29,0.58
Quetta,2024-05-20,0.88,22.52,42.19,0.57
Quetta,2024-05-21,0.0,21.62,38.6,0.57
Quetta,2024-05-22,0.0,22.82,31.73,0.56
Quetta,2024-05-23,0.0,24.38,31.45,0.56
Quetta,2024-05-24,0.0,25.18,34.69,0.55
Quetta,2024-05-25,0.0,25.41,35.8,0.54
Quetta,2024-05-26,0.0,24.69,34.36,0.54
Quetta,2024-05-27,0.0,24.46,31.91,0.53
Quetta,2024-05-28,0.0,22.46,24.8,0.53
Quetta,2024-05-29,0.0,21.59,26.63,0.52
Quetta,2024-05-30,0.0,21.81,26.02,0.52
Quetta,2024-05-31,0.0,21.63,26.27,0.51
Quetta,2024-06-01,0.0,23.0,24.48,0.51
Quetta,2024-06-02,0.02,24.44,23.45,0.5
Quetta,2024-06-03,0.0,25.25,19.72,0.5
Quetta,2024-06-04,0.0,25.75,23.87,0.49
Quetta,2024-06-05,0.0,24.44,28.19,0.49
Quetta,2024-06-06,0.0,23.61,30.87,0.49
Quetta,2024-06-07,0.02,22.47,29.85,0.48
Quetta,2024-06-08,0.0,22.53,21.12,0.48
Quetta,2024-06-09,0.0,22.85,21.43,0.48
Quetta,2024-06-10,0.0,23.55,19.38,0.47
Quetta,2024-06-11,0.0,24.73,20.05,0.47
Quetta,2024-06-12,0.0,25.96,18.23,0.47
Quetta,2024-06-13,0.0,26.93,15.61,0.47
Quetta,2024-06-14,0.0,27.62,16.24,0.46
Quetta,2024-06-15,0.0,27.58,23.74,0.46
Quetta,2024-06-16,0.0,28.06,23.7,0.46
Quetta,2024-06-17,0.0,27.62,19.04,0.46
Quetta,2024-06-18,0.0,26.95,16.29,0.46
Quetta,2024-06-19,0.0,26.33,19.05,0.46
Quetta,2024-06-20,0.0,26.91,18.37,0.46
Quetta,2024-06-21,2.2,24.26,37.11,0.46
Quetta,2024-06-22,0.01,24.17,45.56,0.46
Quetta,2024-06-23,0.0,26.44,32.96,0.46
Quetta,2024-06-24,0.0,27.6,21.92,0.46
Quetta,2024-06-25,0.0,27.89,21.77,0.46
Quetta,2024-06-26,0.54,27.43,28.9,0.46
Quetta,2024-06-27,0.56,28.39,29.89,0.46
Quetta,2024-06-28,0.48,28.28,44.84,0.46
Quetta,2024-06-29,0.03,28.28,45.95,0.46
Quetta,2024-06-30,0.0,29.72,39.19,0.46
Quetta,2024-07-01,0.0,29.79,30.3,0.46
Quetta,2024-07-02,0.0,30.21,23.26,0.46
Quetta,2024-07-03,0.0,30.58,26.14,0.46
Quetta,2024-07-04,0.02,31.35,31.56,0.46
Quetta,2024-07-05,0.03,30.79,33.72,0.46
Quetta,2024-07-06,0.0,27.82,22.03,0.46
Quetta,2024-07-07,1.7,25.12,43.95,0.46
Quetta,2024-07-08,0.04,26.85,50.35,0.46
Quetta,2024-07-09,0.0,28.39,44.02,0.46
Quetta,2024-07-10,0.01,29.08,41.71,0.46
Quetta,2024-07-11,0.0,28.14,40.84,0.46
Quetta,2024-07-12,0.0,28.35,31.99,0.46
Quetta,2024-07-13,2.14,26.0,39.21,0.46
Quetta,2024-07-14,0.5,26.23,40.37,0.46
Quetta,2024-07-15,16.12,26.08,60.21,0.48
Quetta,2024-07-16,0.45,27.37,49.15,0.49
Quetta,2024-07-17,0.03,28.48,34.04,0.48
Quetta,2024-07-18,2.39,27.1,35.88,0.48
Quetta,2024-07-19,9.48,25.27,61.05,0.49
Quetta,2024-07-20,0.83,25.45,62.41,0.49
Quetta,2024-07-21,0.03,26.86,55.5,0.49
Quetta,2024-07-22,0.01,27.89,46.96,0.48
Quetta,2024-07-23,0.26,28.0,49.98,0.48
Quetta,2024-07-24,7.31,27.19,49.76,0.48
Quetta,2024-07-25,2.47,26.9,50.96,0.49
Quetta,2024-07-26,0.0,27.34,56.52,0.49
Quetta,2024-07-27,0.05,29.18,46.81,0.48
Quetta,2024-07-28,0.0,29.28,47.11,0.48
Quetta,2024-07-29,3.89,27.76,54.16,0.48
Quetta,2024-07-30,6.43,25.84,65.78,0.49
Quetta,2024-07-31,6.84,25.94,62.13,0.49
Quetta,2024-08-01,0.03,26.7,53.18,0.5
Quetta,2024-08-02,0.69,25.34,64.36,0.5
Quetta,2024-08-03,5.43,24.36,67.82,0.5
Quetta,2024-08-04,11.52,23.58,75.26,0.51
Quetta,2024-08-05,2.29,23.77,72.42,0.52
Quetta,2024-08-06,12.17,25.17,68.42,0.53
Quetta,2024-08-07,0.64,26.19,63.05,0.54
Quetta,2024-08-08,1.27,26.59,63.0,0.53
Quetta,2024-08-09,0.86,26.94,59.25,0.53
Quetta,2024-08-10,0.01,27.27,49.25,0.53
Quetta,2024-08-11,0.0,27.44,40.15,0.52
Quetta,2024-08-12,0.85,25.43,68.63,0.52
Quetta,2024-08-13,0.21,27.33,61.95,0.51
Quetta,2024-08-14,0.0,26.94,62.75,0.51
Quetta,2024-08-15,2.3,27.36,60.95,0.51
Quetta,2024-08-16,0.82,25.38,67.4,0.51
Quetta,2024-08-17,19.07,24.08,71.43,0.51
Quetta,2024-08-18,1.77,23.58,78.17,0.54
Quetta,2024-08-19,0.83,24.37,72.56,0.54
Quetta,2024-08-20,0.0,24.74,59.16,0.53
Quetta,2024-08-21,9.97,24.02,58.53,0.53
Quetta,2024-08-22,11.67,23.48,54.15,0.56
Quetta,2024-08-23,0.03,23.07,37.94,0.56
Quetta,2024-08-24,0.0,23.53,54.18,0.55
Quetta,2024-08-25,0.08,24.18,47.68,0.55
Quetta,2024-08-26,0.1,24.0,41.79,0.54
Quetta,2024-08-27,1.79,22.94,68.48,0.54
Quetta,2024-08-28,0.36,22.97,65.33,0.54
Quetta,2024-08-29,1.53,22.23,68.03,0.53
Quetta,2024-08-30,13.85,20.53,76.49,0.55
Quetta,2024-08-31,6.59,21.64,76.7,0.56
Quetta,2024-09-01,0.21,23.07,67.52,0.56
Quetta,2024-09-02,1.62,24.16,64.58,0.56
Quetta,2024-09-03,0.73,23.46,64.65,0.56
Quetta,2024-09-04,0.0,22.92,52.26,0.55
Quetta,2024-09-05,0.0,22.26,34.12,0.55
Quetta,2024-09-06,0.0,23.01,29.0,0.54
Quetta,2024-09-07,0.0,23.32,27.35,0.54
Quetta,2024-09-08,0.0,23.64,27.1,0.53
Quetta,2024-09-09,0.0,21.75,24.79,0.53
Quetta,2024-09-10,0.0,20.82,24.92,0.53
Quetta,2024-09-11,0.02,20.91,28.41,0.52
Quetta,2024-09-12,0.0,20.46,25.0,0.52
Quetta,2024-09-13,0.0,20.39,21.62,0.52
Quetta,2024-09-14,0.0,19.15,22.89,0.51
Quetta,2024-09-15,0.0,20.69,25.49,0.51
Quetta,2024-09-16,0.01,22.2,31.33,0.51
Quetta,2024-09-17,0.0,22.48,34.51,0.5
Quetta,2024-09-18,0.0,22.79,30.06,0.5
Quetta,2024-09-19,0.0,23.4,28.32,0.5
Quetta,2024-09-20,0.0,23.9,27.59,0.49
Quetta,2024-09-21,0.0,24.38,30.19,0.49
Quetta,2024-09-22,0.0,24.66,27.62,0.49
Quetta,2024-09-23,0.0,24.82,25.75,0.49
Quetta,2024-09-24,0.0,24.61,21.59,0.48
Quetta,2024-09-25,0.0,24.32,22.35,0.48
Quetta,2024-09-26,0.0,23.98,24.23,0.48
Quetta,2024-09-27,0.0,22.88,20.98,0.48
Quetta,2024-09-28,0.0,22.4,26.41,0.47
Quetta,2024-09-29,0.0,21.95,38.26,0.47
Quetta,2024-09-30,0.01,21.73,42.45,0.47
Quetta,2024-10-01,0.0,20.97,33.81,0.47
Quetta,2024-10-02,0.0,20.51,30.3,0.47
Quetta,2024-10-03,0.0,20.23,24.26,0.47
Quetta,2024-10-04,0.0,20.86,21.26,0.47
Quetta,2024-10-05,0.0,21.2,18.7,0.47
Quetta,2024-10-06,0.0,20.67,32.24,0.47
Quetta,2024-10-07,2.19,17.48,65.1,0.47
Quetta,2024-10-08,0.0,17.88,39.29,0.47
Quetta,2024-10-09,0.0,17.11,27.1,0.47
Quetta,2024-10-10,0.0,16.2,22.24,0.47
Quetta,2024-10-11,0.0,16.79,19.93,0.46
Quetta,2024-10-12,0.0,17.59,19.15,0.46
Quetta,2024-10-13,0.0,17.99,17.36,0.46
Quetta,2024-10-14,0.0,17.99,14.36,0.46
Quetta,2024-10-15,0.0,18.22,16.18,0.46
Quetta,2024-10-16,0.0,17.84,19.92,0.46
Quetta,2024-10-17,0.0,18.13,21.54,0.46
Quetta,2024-10-18,0.0,17.12,21.47,0.46
Quetta,2024-10-19,0.0,17.2,21.26,0.46
Quetta,2024-10-20,0.0,17.77,18.82,0.46
Quetta,2024-10-21,0.0,18.7,18.45,0.46
Quetta,2024-10-22,0.0,18.17,29.9,0.46
Quetta,2024-10-23,0.0,18.5,37.95,0.46
Quetta,2024-10-24,0.0,18.43,30.64,0.46
Quetta,2024-10-25,0.0,18.8,35.86,0.46
Quetta,2024-10-26,0.0,18.15,34.89,0.46
Quetta,2024-10-27,0.0,17.22,23.97,0.46
Quetta,2024-10-28,0.0,16.2,30.26,0.46
Quetta,2024-10-29,0.0,15.4,39.67,0.46
Quetta,2024-10-30,0.0,14.54,36.17,0.46
Quetta,2024-10-31,0.0,15.59,21.08,0.46
Quetta,2024-11-01,0.0,16.0,23.56,0.46
Quetta,2024-11-02,0.0,17.24,29.46,0.46
Quetta,2024-11-03,0.0,18.09,29.57,0.46
Quetta,2024-11-04,0.0,18.08,28.76,0.46
Quetta,2024-11-05,0.0,19.18,24.69,0.46
Quetta,2024-11-06,0.0,19.99,20.64,0.46
Quetta,2024-11-07,0.0,18.05,21.25,0.46
Quetta,2024-11-08,0.0,16.54,28.66,0.46
Quetta,2024-11-09,0.0,15.56,29.12,0.46
Quetta,2024-11-10,0.0,14.62,26.76,0.46
Quetta,2024-11-11,0.0,11.83,33.59,0.46
Quetta,2024-11-12,0.0,11.4,24.71,0.46
Quetta,2024-11-13,0.0,12.16,27.1,0.46
Quetta,2024-11-14,0.0,13.06,29.84,0.46
Quetta,2024-11-15,0.02,11.16,41.45,0.46
Quetta,2024-11-16,0.0,8.42,55.77,0.46
Quetta,2024-11-17,0.0,9.74,38.63,0.46
Quetta,2024-11-18,0.0,9.9,32.17,0.46
Quetta,2024-11-19,0.0,10.49,30.78,0.46
Quetta,2024-11-20,0.0,11.54,31.63,0.46
Quetta,2024-11-21,0.0,12.05,33.27,0.46
Quetta,2024-11-22,0.0,11.15,37.43,0.46
Quetta,2024-11-23,0.0,10.38,41.62,0.46
Quetta,2024-11-24,0.0,10.01,33.89,0.46
Quetta,2024-11-25,0.0,10.92,39.33,0.46
Quetta,2024-11-26,0.0,10.33,36.17,0.46
Quetta,2024-11-27,0.0,11.02,31.82,0.46
Quetta,2024-11-28,0.0,12.72,33.54,0.46
Quetta,2024-11-29,25.46,11.71,65.42,0.48
Quetta,2024-11-30,1.69,10.37,75.74,0.51
Quetta,2024-12-01,0.32,8.31,72.49,0.51
Quetta,2024-12-02,0.05,7.0,54.86,0.51
Quetta,2024-12-03,0.03,6.74,54.12,0.5
Quetta,2024-12-04,0.0,5.97,51.81,0.5
Quetta,2024-12-05,0.0,4.52,45.18,0.5
Quetta,2024-12-06,0.0,3.84,37.59,0.5
Quetta,2024-12-07,0.0,2.47,34.44,0.5
Quetta,2024-12-08,0.0,-0.42,45.43,0.5
Quetta,2024-12-09,0.0,1.75,29.25,0.5
Quetta,2024-12-10,0.0,3.0,28.79,0.5
Quetta,2024-12-11,0.0,1.28,47.7,0.49
Quetta,2024-12-12,0.0,0.72,43.42,0.49
Quetta,2024-12-13,0.0,5.36,25.08,0.49
Quetta,2024-12-14,0.0,6.25,30.75,0.49
Quetta,2024-12-15,0.0,6.16,58.28,0.49
Quetta,2024-12-16,0.0,1.82,63.92,0.49
Quetta,2024-12-17,0.0,2.53,32.2,0.49
Quetta,2024-12-18,0.0,2.94,27.74,0.49
Quetta,2024-12-19,0.0,2.68,30.25,0.49
Quetta,2024-12-20,0.0,2.88,32.56,0.49
Quetta,2024-12-21,0.0,5.17,27.03,0.48
Quetta,2024-12-22,0.0,4.15,30.7,0.48
Quetta,2024-12-23,0.0,2.22,40.29,0.48
Quetta,2024-12-24,0.0,2.66,45.9,0.48
Quetta,2024-12-25,0.0,4.62,35.79,0.48
Quetta,2024-12-26,0.0,3.16,38.23,0.48
Quetta,2024-12-27,0.0,1.7,41.35,0.48
Quetta,2024-12-28,0.0,3.11,36.29,0.48
Quetta,2024-12-29,0.0,7.26,19.92,0.48
Quetta,2024-12-30,0.0,7.61,27.73,0.48
Quetta,2024-12-31,0.0,7.99,54.29,0.48
Hyderabad,2020-01-01,0.0,11.39,34.01,0.38
Hyderabad,2020-01-02,0.0,12.2,39.86,0.38
Hyderabad,2020-01-03,0.0,14.03,50.99,0.38
Hyderabad,2020-01-04,0.0,17.79,49.67,0.38
Hyderabad,2020-01-05,0.0,19.12,58.79,0.38
Hyderabad,2020-01-06,0.0,18.08,42.58,0.38
Hyderabad,2020-01-07,0.0,14.31,66.26,0.38
Hyderabad,2020-01-08,0.0,13.96,40.66,0.38
Hyderabad,2020-01-09,0.0,12.87,24.44,0.38
Hyderabad,2020-01-10,0.0,13.05,32.5,0.38
Hyderabad,2020-01-11,0.0,14.91,31.37,0.38
Hyderabad,2020-01-12,0.98,14.44,50.26,0.38
Hyderabad,2020-01-13,0.72,12.96,52.86,0.39
Hyderabad,2020-01-14,0.0,12.29,36.98,0.39
Hyderabad,2020-01-15,0.0,11.49,46.17,0.39
Hyderabad,2020-01-16,0.0,12.39,40.42,0.39
Hyderabad,2020-01-17,0.0,14.44,30.16,0.38
Hyderabad,2020-01-18,0.0,13.07,27.56,0.38
Hyderabad,2020-01-19,0.0,13.78,25.62,0.38
Hyderabad,2020-01-20,0.0,15.6,27.75,0.38
Hyderabad,2020-01-21,0.0,16.51,39.18,0.38
Hyderabad,2020-01-22,0.0,16.02,43.46,0.38
Hyderabad,2020-01-23,0.0,15.73,50.39,0.38
Hyderabad,2020-01-24,0.0,17.13,47.77,0.38
Hyderabad,2020-01-25,0.0,20.07,39.61,0.38
Hyderabad,2020-01-26,0.0,20.23,51.92,0.38
Hyderabad,2020-01-27,0.03,20.08,44.33,0.38
Hyderabad,2020-01-28,0.0,16.74,36.13,0.38
Hyderabad,2020-01-29,0.0,15.72,30.44,0.38
Hyderabad,2020-01-30,0.0,15.16,26.36,0.38
Hyderabad,2020-01-31,0.0,16.22,29.95,0.38
Hyderabad,2020-02-01,0.0,15.64,30.21,0.38
Hyderabad,2020-02-02,0.0,15.6,28.17,0.38
Hyderabad,2020-02-03,0.0,16.71,33.93,0.38
Hyderabad,2020-02-04,0.1,16.96,62.75,0.38
Hyderabad,2020-02-05,0.0,16.25,43.83,0.38
Hyderabad,2020-02-06,0.0,17.7,36.08,0.38
Hyderabad,2020-02-07,0.0,16.73,27.27,0.38
Hyderabad,2020-02-08,0.0,17.35,21.54,0.38
Hyderabad,2020-02-09,0.0,17.52,20.3,0.38
Hyderabad,2020-02-10,0.0,17.48,21.0,0.38
Hyderabad,2020-02-11,0.0,19.33,19.26,0.38
Hyderabad,2020-02-12,0.0,21.25,20.08,0.38
Hyderabad,2020-02-13,0.0,22.61,32.06,0.38
Hyderabad,2020-02-14,0.0,20.75,23.37,0.38
Hyderabad,2020-02-15,0.0,22.61,16.29,0.38
Hyderabad,2020-02-16,0.0,22.87,15.29,0.38
Hyderabad,2020-02-17,0.0,22.62,14.81,0.38
Hyderabad,2020-02-18,0.0,23.79,14.41,0.38
Hyderabad,2020-02-19,0.0,23.89,18.09,0.38
Hyderabad,2020-02-20,0.0,21.17,21.25,0.38
Hyderabad,2020-02-21,0.0,20.07,29.61,0.38
Hyderabad,2020-02-22,0.0,20.61,31.72,0.38
Hyderabad,2020-02-23,0.0,21.98,35.22,0.38
Hyderabad,2020-02-24,0.0,23.79,32.41,0.38
Hyderabad,2020-02-25,0.0,24.84,37.72,0.38
Hyderabad,2020-02-26,0.0,25.54,36.34,0.38
Hyderabad,2020-02-27,0.0,25.81,42.46,0.38
Hyderabad,2020-02-28,0.0,25.45,58.07,0.38
Hyderabad,2020-02-29,0.0,23.82,48.83,0.38
Hyderabad,2020-03-01,0.0,24.29,41.07,0.38
Hyderabad,2020-03-02,0.0,24.55,35.36,0.38
Hyderabad,2020-03-03,0.0,24.32,41.63,0.38
Hyderabad,2020-03-04,0.0,23.36,59.46,0.38
Hyderabad,2020-03-05,0.03,21.82,55.89,0.38
Hyderabad,2020-03-06,0.74,19.72,39.76,0.38
Hyderabad,2020-03-07,0.0,22.0,41.21,0.38
Hyderabad,2020-03-08,0.0,22.48,35.9,0.38
Hyderabad,2020-03-09,0.0,22.63,31.43,0.38
Hyderabad,2020-03-10,0.0,23.04,34.07,0.38
Hyderabad,2020-03-11,0.0,20.25,42.75,0.38
Hyderabad,2020-03-12,0.81,19.7,20.41,0.38
Hyderabad,2020-03-13,0.0,20.25,32.59,0.38
Hyderabad,2020-03-14,1.87,22.39,26.94,0.39
Hyderabad,2020-03-15,2.02,22.23,33.95,0.39
Hyderabad,2020-03-16,0.0,23.91,34.25,0.39
Hyderabad,2020-03-17,0.0,26.21,27.94,0.39
Hyderabad,2020-03-18,0.0,27.3,26.85,0.39
Hyderabad,2020-03-19,0.0,27.33,27.82,0.39
Hyderabad,2020-03-20,0.0,26.58,49.02,0.38
Hyderabad,2020-03-21,0.0,28.22,54.35,0.38
Hyderabad,2020-03-22,0.11,28.5,46.86,0.38
Hyderabad,2020-03-23,0.0,26.27,50.92,0.38
Hyderabad,2020-03-24,0.0,26.09,59.58,0.38
Hyderabad,2020-03-25,0.01,26.9,42.56,0.38
Hyderabad,2020-03-26,2.09,25.17,37.1,0.38
Hyderabad,2020-03-27,0.04,24.38,44.76,0.39
Hyderabad,2020-03-28,0.0,25.65,48.67,0.39
Hyderabad,2020-03-29,0.0,26.99,34.7,0.39
Hyderabad,2020-03-30,0.0,28.75,27.28,0.38
Hyderabad,2020-03-31,0.0,27.65,37.68,0.38
Hyderabad,2020-04-01,0.0,28.13,53.13,0.38
Hyderabad,2020-04-02,0.0,28.65,36.34,0.38
Hyderabad,2020-04-03,0.0,29.38,24.53,0.38
Hyderabad,2020-04-04,0.0,30.5,25.47,0.38
Hyderabad,2020-04-05,0.0,30.57,27.78,0.38
Hyderabad,2020-04-06,0.0,31.19,31.22,0.38
Hyderabad,2020-04-07,0.0,30.0,31.92,0.38
Hyderabad,2020-04-08,0.0,29.29,24.45,0.38
Hyderabad,2020-04-09,0.0,30.89,31.35,0.38
Hyderabad,2020-04-10,0.0,31.26,33.4,0.38
Hyderabad,2020-04-11,0.0,32.2,26.6,0.38
Hyderabad,2020-04-12,0.0,33.11,22.38,0.38
Hyderabad,2020-04-13,0.0,31.65,26.05,0.38
Hyderabad,2020-04-14,0.0,28.88,52.82,0.38
Hyderabad,2020-04-15,0.0,31.69,47.06,0.38
Hyderabad,2020-04-16,0.02,31.06,30.67,0.38
Hyderabad,2020-04-17,0.0,30.98,37.53,0.38
Hyderabad,2020-04-18,0.0,31.09,43.78,0.38
Hyderabad,2020-04-19,0.0,31.45,41.45,0.38
Hyderabad,2020-04-20,0.0,31.69,45.9,0.38
Hyderabad,2020-04-21,0.0,33.07,33.35,0.38
Hyderabad,2020-04-22,0.39,33.67,39.75,0.38
Hyderabad,2020-04-23,0.0,33.03,45.63,0.38
Hyderabad,2020-04-24,0.46,31.71,47.07,0.38
Hyderabad,2020-04-25,0.0,33.28,45.31,0.38
Hyderabad,2020-04-26,0.0,34.06,43.15,0.38
Hyderabad,2020-04-27,0.0,33.04,43.44,0.38
Hyderabad,2020-04-28,0.0,32.95,45.0,0.38
Hyderabad,2020-04-29,0.0,33.94,37.47,0.38
Hyderabad,2020-04-30,0.0,33.57,32.69,0.38
Hyderabad,2020-05-01,0.0,32.82,44.25,0.38
Hyderabad,2020-05-02,0.0,32.57,53.65,0.38
Hyderabad,2020-05-03,0.0,34.01,50.94,0.38
Hyderabad,2020-05-04,4.07,34.59,47.9,0.38
Hyderabad,2020-05-05,13.11,33.03,50.2,0.41
Hyderabad,2020-05-06,0.0,33.07,42.22,0.4
Hyderabad,2020-05-07,0.0,33.09,40.58,0.4
Hyderabad,2020-05-08,0.0,33.33,49.51,0.4
Hyderabad,2020-05-09,0.0,32.92,50.89,0.39
Hyderabad,2020-05-10,0.0,33.03,54.6,0.39
Hyderabad,2020-05-11,0.0,33.08,56.07,0.39
Hyderabad,2020-05-12,0.0,32.54,55.74,0.39
Hyderabad,2020-05-13,0.0,32.22,54.95,0.39
Hyderabad,2020-05-14,0.0,32.62,52.25,0.39
Hyderabad,2020-05-15,0.0,33.26,45.74,0.39
Hyderabad,2020-05-16,0.0,33.62,44.03,0.39
Hyderabad,2020-05-17,13.53,32.36,50.79,0.39
Hyderabad,2020-05-18,454.21,29.79,70.21,0.59
Hyderabad,2020-05-19,0.0,29.98,63.47,0.6
Hyderabad,2020-05-20,0.0,30.15,66.25,0.58
Hyderabad,2020-05-21,0.0,30.21,69.13,0.57
Hyderabad,2020-05-22,0.0,31.57,62.79,0.56
Hyderabad,2020-05-23,0.0,31.29,65.66,0.55
Hyderabad,2020-05-24,0.0,30.68,64.65,0.55
Hyderabad,2020-05-25,0.0,30.88,67.49,0.54
Hyderabad,2020-05-26,0.0,31.56,65.38,0.54
Hyderabad,2020-05-27,0.0,32.52,64.03,0.53
Hyderabad,2020-05-28,0.0,31.86,64.1,0.52
Hyderabad,2020-05-29,0.0,31.76,67.62,0.52
Hyderabad,2020-05-30,0.01,30.88,69.96,0.51
Hyderabad,2020-05-31,0.02,30.87,66.85,0.51
Hyderabad,2020-06-01,0.0,31.65,63.37,0.5
Hyderabad,2020-06-02,0.0,31.33,68.76,0.5
Hyderabad,2020-06-03,0.0,32.23,64.25,0.49
Hyderabad,2020-06-04,0.0,32.62,59.62,0.49
Hyderabad,2020-06-05,0.0,32.58,59.53,0.48
Hyderabad,2020-06-06,1.0,31.58,65.31,0.48
Hyderabad,2020-06-07,0.0,32.09,64.22,0.48
Hyderabad,2020-06-08,0.0,32.22,63.97,0.47
Hyderabad,2020-06-09,0.0,32.49,64.24,0.47
Hyderabad,2020-06-10,0.0,31.91,66.77,0.46
Hyderabad,2020-06-11,0.0,32.34,66.77,0.46
Hyderabad,2020-06-12,0.0,32.87,62.78,0.46
Hyderabad,2020-06-13,0.0,32.82,62.13,0.45
Hyderabad,2020-06-14,0.0,33.96,59.79,0.45
Hyderabad,2020-06-15,0.0,34.73,56.8,0.44
Hyderabad,2020-06-16,0.0,34.27,56.47,0.44
Hyderabad,2020-06-17,0.0,33.29,61.42,0.43
Hyderabad,2020-06-18,0.0,32.97,59.54,0.43
Hyderabad,2020-06-19,0.0,33.58,61.94,0.43
Hyderabad,2020-06-20,0.0,33.29,62.17,0.42
Hyderabad,2020-06-21,0.0,33.09,60.72,0.42
Hyderabad,2020-06-22,0.0,33.96,57.56,0.42
Hyderabad,2020-06-23,0.0,34.75,54.64,0.41
Hyderabad,2020-06-24,0.12,35.08,55.03,0.41
Hyderabad,2020-06-25,0.03,33.54,61.01,0.41
Hyderabad,2020-06-26,0.0,32.94,62.13,0.4
Hyderabad,2020-06-27,0.0,32.69,66.84,0.4
Hyderabad,2020-06-28,0.0,32.76,63.33,0.4
Hyderabad,2020-06-29,0.0,33.03,62.8,0.4
Hyderabad,2020-06-30,0.0,33.87,59.16,0.4
Hyderabad,2020-07-01,0.03,34.11,56.76,0.4
Hyderabad,2020-07-02,2.28,33.07,61.74,0.4
Hyderabad,2020-07-03,0.0,33.59,61.78,0.4
Hyderabad,2020-07-04,0.0,34.22,61.58,0.4
Hyderabad,2020-07-05,0.42,33.57,63.78,0.4
Hyderabad,2020-07-06,1.39,32.39,66.95,0.4
Hyderabad,2020-07-07,0.11,35.0,52.5,0.4
Hyderabad,2020-07-08,0.15,34.84,53.57,0.39
Hyderabad,2020-07-09,0.06,33.99,55.67,0.39
Hyderabad,2020-07-10,3.42,33.97,61.17,0.39
Hyderabad,2020-07-11,2.11,32.58,67.01,0.4
Hyderabad,2020-07-12,0.01,32.76,63.04,0.4
Hyderabad,2020-07-13,0.11,33.04,61.33,0.39
Hyderabad,2020-07-14,0.03,34.11,57.24,0.39
Hyderabad,2020-07-15,2.15,34.53,56.24,0.39
Hyderabad,2020-07-16,4.36,32.71,63.69,0.4
Hyderabad,2020-07-17,1.14,35.01,54.27,0.4
Hyderabad,2020-07-18,3.64,34.57,56.95,0.4
Hyderabad,2020-07-19,0.07,33.62,60.5,0.4
Hyderabad,2020-07-20,0.01,33.09,65.08,0.4
Hyderabad,2020-07-21,0.01,31.92,66.73,0.39
Hyderabad,2020-07-22,0.01,32.58,61.3,0.39
Hyderabad,2020-07-23,0.0,33.22,60.49,0.39
Hyderabad,2020-07-24,0.0,33.43,59.03,0.39
Hyderabad,2020-07-25,1.3,32.61,63.02,0.39
Hyderabad,2020-07-26,10.22,30.6,72.79,0.4
Hyderabad,2020-07-27,3.52,31.51,69.93,0.41
Hyderabad,2020-07-28,0.02,31.8,67.59,0.41
Hyderabad,2020-07-29,0.0,32.75,63.64,0.41
Hyderabad,2020-07-30,0.0,33.33,64.32,0.4
Hyderabad,2020-07-31,0.0,32.82,64.44,0.4
Hyderabad,2020-08-01,0.0,33.05,63.76,0.4
Hyderabad,2020-08-02,0.0,32.78,63.65,0.4
Hyderabad,2020-08-03,0.0,33.3,62.61,0.39
Hyderabad,2020-08-04,0.0,33.65,60.12,0.39
Hyderabad,2020-08-05,0.0,34.96,57.08,0.39
Hyderabad,2020-08-06,21.96,32.88,66.14,0.4
Hyderabad,2020-08-07,32.6,30.96,75.46,0.45
Hyderabad,2020-08-08,2.53,31.53,72.83,0.49
Hyderabad,2020-08-09,1.32,31.52,72.05,0.48
Hyderabad,2020-08-10,0.01,32.19,68.08,0.48
Hyderabad,2020-08-11,0.02,31.17,74.0,0.47
Hyderabad,2020-08-12,0.01,30.98,76.66,0.47
Hyderabad,2020-08-13,0.0,31.47,72.5,0.47
Hyderabad,2020-08-14,0.0,32.05,72.09,0.46
Hyderabad,2020-08-15,0.25,31.01,74.99,0.46
Hyderabad,2020-08-16,0.89,31.71,71.19,0.46
Hyderabad,2020-08-17,3.05,31.64,73.79,0.46
Hyderabad,2020-08-18,6.72,31.13,74.71,0.47
Hyderabad,2020-08-19,0.0,30.79,74.3,0.47
Hyderabad,2020-08-20,0.0,32.24,69.08,0.47
Hyderabad,2020-08-21,12.37,30.6,73.33,0.47
Hyderabad,2020-08-22,5.1,31.86,69.2,0.49
Hyderabad,2020-08-23,1.57,31.88,70.32,0.49
Hyderabad,2020-08-24,24.7,30.74,75.33,0.5
Hyderabad,2020-08-25,84.01,28.9,82.42,0.58
Hyderabad,2020-08-26,6.4,28.98,81.83,0.67
Hyderabad,2020-08-27,17.38,28.29,87.71,0.66
Hyderabad,2020-08-28,1.5,28.07,87.96,0.67
Hyderabad,2020-08-29,3.42,30.43,75.83,0.67
Hyderabad,2020-08-30,16.15,29.13,81.15,0.67
Hyderabad,2020-08-31,24.43,27.75,85.24,0.7
Hyderabad,2020-09-01,4.11,28.3,79.96,0.72
Hyderabad,2020-09-02,0.0,28.21,79.54,0.71
Hyderabad,2020-09-03,0.0,29.84,75.16,0.7
Hyderabad,2020-09-04,4.95,30.36,73.77,0.69
Hyderabad,2020-09-05,3.1,29.8,76.64,0.7
Hyderabad,2020-09-06,0.0,29.15,76.68,0.69
Hyderabad,2020-09-07,0.0,28.65,77.73,0.68
Hyderabad,2020-09-08,0.0,28.96,77.87,0.67
Hyderabad,2020-09-09,0.0,28.74,77.35,0.66
Hyderabad,2020-09-10,0.0,28.74,76.88,0.65
Hyderabad,2020-09-11,0.0,29.15,76.39,0.65
Hyderabad,2020-09-12,0.32,29.5,73.93,0.64
Hyderabad,2020-09-13,0.13,30.06,73.96,0.63
Hyderabad,2020-09-14,3.49,30.35,74.24,0.63
Hyderabad,2020-09-15,1.31,29.9,76.22,0.63
Hyderabad,2020-09-16,0.0,29.52,77.25,0.62
Hyderabad,2020-09-17,0.0,29.07,77.27,0.62
Hyderabad,2020-09-18,0.0,29.22,75.46,0.61
Hyderabad,2020-09-19,0.0,29.18,70.82,0.6
Hyderabad,2020-09-20,0.0,30.06,69.91,0.6
Hyderabad,2020-09-21,0.0,31.36,66.7,0.59
Hyderabad,2020-09-22,0.0,30.66,68.63,0.59
Hyderabad,2020-09-23,0.0,30.72,65.84,0.58
Hyderabad,2020-09-24,0.0,30.24,70.37,0.57
Hyderabad,2020-09-25,0.0,28.8,74.67,0.57
Hyderabad,2020-09-26,0.0,27.62,67.94,0.56
Hyderabad,2020-09-27,0.0,27.36,71.12,0.55
Hyderabad,2020-09-28,0.0,27.41,74.33,0.55
Hyderabad,2020-09-29,0.0,27.9,72.96,0.54
Hyderabad,2020-09-30,0.0,28.21,73.96,0.54
Hyderabad,2020-10-01,0.0,28.64,72.43,0.54
Hyderabad,2020-10-02,0.0,29.06,66.26,0.53
Hyderabad,2020-10-03,0.0,28.51,71.62,0.53
Hyderabad,2020-10-04,0.0,28.7,70.05,0.52
Hyderabad,2020-10-05,0.0,28.81,68.17,0.52
Hyderabad,2020-10-06,0.0,28.4,66.27,0.52
Hyderabad,2020-10-07,0.0,27.74,65.84,0.51
Hyderabad,2020-10-08,0.0,27.89,64.7,0.51
Hyderabad,2020-10-09,0.0,28.48,65.64,0.5
Hyderabad,2020-10-10,0.0,29.4,54.96,0.5
Hyderabad,2020-10-11,0.0,29.32,45.45,0.5
Hyderabad,2020-10-12,0.0,28.7,36.57,0.49
Hyderabad,2020-10-13,0.0,26.37,31.45,0.49
Hyderabad,2020-10-14,0.0,26.22,31.12,0.48
Hyderabad,2020-10-15,0.0,26.45,33.56,0.48
Hyderabad,2020-10-16,0.0,26.77,34.11,0.48
Hyderabad,2020-10-17,0.0,27.03,33.7,0.47
Hyderabad,2020-10-18,0.01,28.56,39.52,0.47
Hyderabad,2020-10-19,0.0,28.87,42.95,0.46
Hyderabad,2020-10-20,0.0,26.57,37.38,0.46
Hyderabad,2020-10-21,0.0,25.67,28.1,0.46
Hyderabad,2020-10-22,0.0,25.81,28.38,0.45
Hyderabad,2020-10-23,0.0,25.1,33.72,0.45
Hyderabad,2020-10-24,0.0,24.25,44.58,0.45
Hyderabad,2020-10-25,0.0,24.9,50.77,0.45
Hyderabad,2020-10-26,0.0,25.6,43.0,0.44
Hyderabad,2020-10-27,0.0,24.94,42.31,0.44
Hyderabad,2020-10-28,0.0,24.71,48.32,0.44
Hyderabad,2020-10-29,0.0,25.24,48.3,0.44
Hyderabad,2020-10-30,0.0,26.06,46.13,0.43
Hyderabad,2020-10-31,0.0,26.02,34.19,0.43
Hyderabad,2020-11-01,0.0,25.48,32.6,0.43
Hyderabad,2020-11-02,0.0,24.06,35.98,0.43
Hyderabad,2020-11-03,0.0,22.91,38.0,0.43
Hyderabad,2020-11-04,0.0,22.37,59.09,0.42
Hyderabad,2020-11-05,0.0,22.99,61.59,0.42
Hyderabad,2020-11-06,0.0,23.33,43.92,0.42
Hyderabad,2020-11-07,0.0,24.4,32.88,0.42
Hyderabad,2020-11-08,0.0,24.78,33.33,0.41
Hyderabad,2020-11-09,0.0,23.76,42.41,0.41
Hyderabad,2020-11-10,0.0,24.23,39.03,0.41
Hyderabad,2020-11-11,0.0,23.38,37.71,0.41
Hyderabad,2020-11-12,0.0,20.86,39.6,0.41
Hyderabad,2020-11-13,0.0,22.06,38.15,0.41
Hyderabad,2020-11-14,0.0,23.72,37.09,0.41
Hyderabad,2020-11-15,0.0,22.58,50.14,0.4
Hyderabad,2020-11-16,0.0,20.11,29.13,0.4
Hyderabad,2020-11-17,0.0,19.32,50.62,0.4
Hyderabad,2020-11-18,0.0,19.66,42.73,0.4
Hyderabad,2020-11-19,0.0,20.98,36.97,0.4
Hyderabad,2020-11-20,0.0,19.07,30.28,0.4
Hyderabad,2020-11-21,0.0,18.93,23.65,0.4
Hyderabad,2020-11-22,0.0,20.4,25.62,0.4
Hyderabad,2020-11-23,0.0,20.65,53.49,0.4
Hyderabad,2020-11-24,0.01,19.41,55.58,0.4
Hyderabad,2020-11-25,1.07,17.78,59.63,0.4
Hyderabad,2020-11-26,0.0,17.87,54.07,0.4
Hyderabad,2020-11-27,0.0,17.49,55.28,0.4
Hyderabad,2020-11-28,0.0,17.61,46.12,0.39
Hyderabad,2020-11-29,0.0,19.12,37.02,0.39
Hyderabad,2020-11-30,0.0,21.9,25.61,0.39
Hyderabad,2020-12-01,0.0,22.14,24.85,0.39
Hyderabad,2020-12-02,0.0,22.35,25.38,0.39
Hyderabad,2020-12-03,0.0,22.6,40.73,0.39
Hyderabad,2020-12-04,0.0,23.22,49.57,0.39
Hyderabad,2020-12-05,0.0,22.51,44.46,0.39
Hyderabad,2020-12-06,0.0,22.13,34.56,0.39
Hyderabad,2020-12-07,0.0,21.7,36.28,0.39
Hyderabad,2020-12-08,0.0,23.0,36.55,0.39
Hyderabad,2020-12-09,0.0,20.41,48.97,0.39
Hyderabad,2020-12-10,0.0,20.08,50.3,0.39
Hyderabad,2020-12-11,0.0,19.27,52.27,0.39
Hyderabad,2020-12-12,0.0,17.04,44.33,0.39
Hyderabad,2020-12-13,0.0,14.92,28.14,0.39
Hyderabad,2020-12-14,0.0,14.76,31.23,0.38
Hyderabad,2020-12-15,0.0,13.23,23.26,0.38
Hyderabad,2020-12-16,0.0,13.05,27.57,0.38
Hyderabad,2020-12-17,0.0,13.05,31.74,0.38
Hyderabad,2020-12-18,0.0,14.47,24.98,0.38
Hyderabad,2020-12-19,0.0,15.66,22.94,0.38
Hyderabad,2020-12-20,0.0,17.59,21.62,0.38
Hyderabad,2020-12-21,0.0,18.17,21.54,0.38
Hyderabad,2020-12-22,0.0,17.36,27.37,0.38
Hyderabad,2020-12-23,0.0,16.91,30.33,0.38
Hyderabad,2020-12-24,0.0,16.12,30.82,0.38
Hyderabad,2020-12-25,0.0,16.27,33.2,0.38
Hyderabad,2020-12-26,0.0,17.88,30.07,0.38
Hyderabad,2020-12-27,0.0,15.62,20.46,0.38
Hyderabad,2020-12-28,0.0,13.41,15.79,0.38
Hyderabad,2020-12-29,0.0,12.72,21.45,0.38
Hyderabad,2020-12-30,0.0,12.72,29.5,0.38
Hyderabad,2020-12-31,0.0,12.61,34.32,0.38
Hyderabad,2021-01-01,0.0,13.3,29.42,0.38
Hyderabad,2021-01-02,0.0,13.99,23.92,0.38
Hyderabad,2021-01-03,0.0,13.82,24.83,0.38
Hyderabad,2021-01-04,0.0,14.31,28.89,0.38
Hyderabad,2021-01-05,0.0,16.02,39.13,0.38
Hyderabad,2021-01-06,0.0,15.1,34.37,0.38
Hyderabad,2021-01-07,0.0,14.44,27.89,0.38
Hyderabad,2021-01-08,0.0,12.74,19.57,0.38
Hyderabad,2021-01-09,0.0,13.18,27.77,0.38
Hyderabad,2021-01-10,0.0,14.05,34.28,0.38
Hyderabad,2021-01-11,0.0,15.15,25.35,0.38
Hyderabad,2021-01-12,0.0,17.45,16.36,0.38
Hyderabad,2021-01-13,0.0,19.65,12.36,0.38
Hyderabad,2021-01-14,0.0,20.36,15.64,0.38
Hyderabad,2021-01-15,0.0,17.17,15.14,0.38
Hyderabad,2021-01-16,0.0,15.88,18.21,0.38
Hyderabad,2021-01-17,0.0,17.1,18.54,0.38
Hyderabad,2021-01-18,0.0,14.96,29.62,0.38
Hyderabad,2021-01-19,0.0,15.38,31.66,0.38
Hyderabad,2021-01-20,0.0,18.16,32.9,0.38
Hyderabad,2021-01-21,0.0,19.8,58.41,0.38
Hyderabad,2021-01-22,0.0,21.66,67.92,0.38
Hyderabad,2021-01-23,0.0,17.97,17.3,0.38
Hyderabad,2021-01-24,0.0,15.15,9.59,0.38
Hyderabad,2021-01-25,0.0,15.8,11.29,0.38
Hyderabad,2021-01-26,0.0,16.43,12.31,0.38
Hyderabad,2021-01-27,0.0,16.59,13.47,0.38
Hyderabad,2021-01-28,0.0,16.88,15.34,0.38
Hyderabad,2021-01-29,0.0,17.78,17.72,0.38
Hyderabad,2021-01-30,0.0,17.28,29.78,0.38
Hyderabad,2021-01-31,0.0,19.29,51.8,0.38
Hyderabad,2021-02-01,0.0,21.12,55.81,0.38
Hyderabad,2021-02-02,0.0,20.72,51.41,0.38
Hyderabad,2021-02-03,0.0,20.37,47.36,0.38
Hyderabad,2021-02-04,0.0,17.96,28.95,0.38
Hyderabad,2021-02-05,0.0,19.01,27.47,0.38
Hyderabad,2021-02-06,0.0,19.58,23.74,0.38
Hyderabad,2021-02-07,0.0,20.71,20.89,0.38
Hyderabad,2021-02-08,0.0,20.88,22.61,0.38
Hyderabad,2021-02-09,0.0,22.23,24.83,0.38
Hyderabad,2021-02-10,0.0,22.42,26.16,0.38
Hyderabad,2021-02-11,0.0,21.96,16.03,0.38
Hyderabad,2021-02-12,0.0,23.47,15.94,0.38
Hyderabad,2021-02-13,0.0,22.52,21.17,0.38
Hyderabad,2021-02-14,0.0,22.52,37.48,0.38
Hyderabad,2021-02-15,0.0,22.53,50.03,0.38
Hyderabad,2021-02-16,0.0,23.15,39.72,0.38
Hyderabad,2021-02-17,0.0,22.82,29.71,0.38
Hyderabad,2021-02-18,0.0,23.43,23.78,0.38
Hyderabad,2021-02-19,0.0,23.49,17.02,0.38
Hyderabad,2021-02-20,0.0,25.2,13.85,0.38
Hyderabad,2021-02-21,0.0,24.57,16.9,0.38
Hyderabad,2021-02-22,0.0,25.08,21.22,0.38
Hyderabad,2021-02-23,0.0,24.87,41.16,0.38
Hyderabad,2021-02-24,0.0,25.26,58.94,0.38
Hyderabad,2021-02-25,0.0,26.32,56.54,0.38
Hyderabad,2021-02-26,0.0,27.72,51.47,0.38
Hyderabad,2021-02-27,0.0,26.0,36.26,0.38
Hyderabad,2021-02-28,0.0,24.2,20.26,0.38
Hyderabad,2021-03-01,0.0,24.23,13.17,0.38
Hyderabad,2021-03-02,0.0,24.71,13.71,0.38
Hyderabad,2021-03-03,0.0,25.94,37.13,0.38
Hyderabad,2021-03-04,0.0,27.34,42.06,0.38
Hyderabad,2021-03-05,0.0,28.91,29.69,0.38
Hyderabad,2021-03-06,0.0,29.05,37.96,0.38
Hyderabad,2021-03-07,0.0,27.98,57.55,0.38
Hyderabad,2021-03-08,0.0,27.31,43.09,0.38
Hyderabad,2021-03-09,0.0,27.06,41.26,0.38
Hyderabad,2021-03-10,0.0,26.53,37.23,0.38
Hyderabad,2021-03-11,0.0,25.3,55.16,0.38
Hyderabad,2021-03-12,0.0,27.04,51.77,0.38
Hyderabad,2021-03-13,0.0,27.17,29.03,0.38
Hyderabad,2021-03-14,0.0,28.0,27.16,0.38
Hyderabad,2021-03-15,0.0,28.46,30.66,0.38
Hyderabad,2021-03-16,0.0,29.25,39.43,0.38
Hyderabad,2021-03-17,0.0,29.55,37.77,0.38
Hyderabad,2021-03-18,0.0,29.24,32.83,0.38
Hyderabad,2021-03-19,0.0,29.23,32.51,0.38
Hyderabad,2021-03-20,0.0,29.88,26.35,0.38
Hyderabad,2021-03-21,0.04,28.27,44.9,0.38
Hyderabad,2021-03-22,1.39,27.62,55.32,0.38
Hyderabad,2021-03-23,0.0,27.25,50.56,0.38
Hyderabad,2021-03-24,0.0,28.21,39.16,0.38
Hyderabad,2021-03-25,0.0,28.02,21.89,0.38
Hyderabad,2021-03-26,0.0,29.78,21.28,0.38
Hyderabad,2021-03-27,0.0,30.31,28.66,0.38
Hyderabad,2021-03-28,0.0,30.04,51.0,0.38
Hyderabad,2021-03-29,0.0,30.97,53.61,0.38
Hyderabad,2021-03-30,0.0,31.0,40.8,0.38
Hyderabad,2021-03-31,0.0,30.86,8.59,0.38
Hyderabad,2021-04-01,0.0,29.53,7.59,0.38
Hyderabad,2021-04-02,0.0,31.21,14.13,0.38
Hyderabad,2021-04-03,0.0,31.96,20.43,0.38
Hyderabad,2021-04-04,0.0,32.42,23.72,0.38
Hyderabad,2021-04-05,0.0,30.56,54.56,0.38
Hyderabad,2021-04-06,0.0,30.59,53.29,0.38
Hyderabad,2021-04-07,0.0,29.94,30.2,0.38
Hyderabad,2021-04-08,0.0,29.21,17.01,0.38
Hyderabad,2021-04-09,0.0,29.82,24.74,0.38
Hyderabad,2021-04-10,0.0,30.44,30.72,0.38
Hyderabad,2021-04-11,0.0,31.99,23.83,0.38
Hyderabad,2021-04-12,0.0,32.36,21.34,0.38
Hyderabad,2021-04-13,0.0,31.3,31.16,0.38
Hyderabad,2021-04-14,0.0,29.54,46.19,0.38
Hyderabad,2021-04-15,0.04,28.64,58.82,0.38
Hyderabad,2021-04-16,0.19,30.38,47.68,0.38
Hyderabad,2021-04-17,0.0,31.5,39.54,0.38
Hyderabad,2021-04-18,0.2,32.19,39.53,0.38
Hyderabad,2021-04-19,6.65,30.32,48.48,0.39
Hyderabad,2021-04-20,0.01,30.21,38.75,0.39
Hyderabad,2021-04-21,21.69,28.31,55.62,0.42
Hyderabad,2021-04-22,0.0,29.69,55.2,0.42
Hyderabad,2021-04-23,0.0,30.87,51.93,0.42
Hyderabad,2021-04-24,0.0,30.09,34.25,0.41
Hyderabad,2021-04-25,0.0,31.61,34.86,0.41
Hyderabad,2021-04-26,0.0,31.91,33.02,0.41
Hyderabad,2021-04-27,0.0,31.72,40.61,0.4
Hyderabad,2021-04-28,0.0,31.19,37.13,0.4
Hyderabad,2021-04-29,0.0,30.73,48.32,0.4
Hyderabad,2021-04-30,0.0,32.07,47.4,0.39
Hyderabad,2021-05-01,0.14,31.9,46.33,0.39
Hyderabad,2021-05-02,0.0,31.46,42.62,0.39
Hyderabad,2021-05-03,0.2,30.09,48.13,0.39
Hyderabad,2021-05-04,0.0,31.87,47.46,0.39
Hyderabad,2021-05-05,0.01,32.84,47.01,0.39
Hyderabad,2021-05-06,4.36,31.97,50.56,0.39
Hyderabad,2021-05-07,0.0,33.23,41.29,0.39
Hyderabad,2021-05-08,0.0,34.49,35.11,0.39
Hyderabad,2021-05-09,0.0,34.43,29.26,0.39
Hyderabad,2021-05-10,0.0,33.11,50.18,0.38
Hyderabad,2021-05-11,0.0,33.23,48.43,0.38
Hyderabad,2021-05-12,0.0,33.03,52.34,0.38
Hyderabad,2021-05-13,0.0,33.61,45.92,0.38
Hyderabad,2021-05-14,0.0,33.46,51.1,0.38
Hyderabad,2021-05-15,0.42,34.3,41.87,0.38
Hyderabad,2021-05-16,20.98,35.26,33.17,0.39
Hyderabad,2021-05-17,69.36,31.08,52.88,0.46
Hyderabad,2021-05-18,0.0,32.42,44.53,0.47
Hyderabad,2021-05-19,0.0,32.77,46.18,0.46
Hyderabad,2021-05-20,0.0,31.98,56.21,0.46
Hyderabad,2021-05-21,0.0,31.92,62.44,0.45
Hyderabad,2021-05-22,0.07,31.35,64.56,0.45
Hyderabad,2021-05-23,2.33,31.03,64.2,0.45
Hyderabad,2021-05-24,0.0,30.98,61.04,0.44
Hyderabad,2021-05-25,0.0,31.83,63.11,0.44
Hyderabad,2021-05-26,0.0,33.66,57.08,0.43
Hyderabad,2021-05-27,0.0,33.68,60.65,0.43
Hyderabad,2021-05-28,0.0,32.8,62.47,0.43
Hyderabad,2021-05-29,0.0,32.65,62.11,0.42
Hyderabad,2021-05-30,0.0,33.58,58.0,0.42
Hyderabad,2021-05-31,0.0,33.53,58.72,0.42
Hyderabad,2021-06-01,0.0,33.0,61.54,0.41
Hyderabad,2021-06-02,0.0,32.83,59.96,0.41
Hyderabad,2021-06-03,0.0,32.15,61.17,0.41
Hyderabad,2021-06-04,0.0,32.32,59.53,0.4
Hyderabad,2021-06-05,0.35,32.49,58.21,0.4
Hyderabad,2021-06-06,1.18,32.62,58.64,0.4
Hyderabad,2021-06-07,0.0,32.73,57.84,0.4
Hyderabad,2021-06-08,0.0,32.59,58.58,0.4
Hyderabad,2021-06-09,0.0,32.45,59.26,0.4
Hyderabad,2021-06-10,0.0,32.62,60.26,0.4
Hyderabad,2021-06-11,0.0,32.8,61.47,0.4
Hyderabad,2021-06-12,0.0,33.35,61.75,0.39
Hyderabad,2021-06-13,0.0,33.37,60.7,0.39
Hyderabad,2021-06-14,0.0,33.3,60.13,0.39
Hyderabad,2021-06-15,0.0,33.58,59.44,0.39
Hyderabad,2021-06-16,0.11,34.65,54.62,0.39
Hyderabad,2021-06-17,0.26,34.45,50.67,0.39
Hyderabad,2021-06-18,0.82,34.29,50.49,0.39
Hyderabad,2021-06-19,4.93,33.94,51.55,0.39
Hyderabad,2021-06-20,2.46,32.73,56.52,0.4
Hyderabad,2021-06-21,0.0,33.07,55.75,0.39
Hyderabad,2021-06-22,0.0,32.96,55.27,0.39
Hyderabad,2021-06-23,0.0,32.71,54.83,0.39
Hyderabad,2021-06-24,0.0,32.61,57.05,0.39
Hyderabad,2021-06-25,0.0,32.6,55.63,0.39
Hyderabad,2021-06-26,0.0,33.03,55.75,0.39
Hyderabad,2021-06-27,0.0,32.92,54.37,0.39
Hyderabad,2021-06-28,0.0,33.88,52.67,0.39
Hyderabad,2021-06-29,0.0,33.18,53.42,0.38
Hyderabad,2021-06-30,0.0,33.02,56.8,0.38
Hyderabad,2021-07-01,0.0,33.34,57.27,0.38
Hyderabad,2021-07-02,0.0,33.09,58.96,0.38
Hyderabad,2021-07-03,0.0,32.78,58.36,0.38
Hyderabad,2021-07-04,0.0,32.81,56.4,0.38
Hyderabad,2021-07-05,0.0,32.7,54.51,0.38
Hyderabad,2021-07-06,0.0,32.89,54.31,0.38
Hyderabad,2021-07-07,0.0,32.22,56.16,0.38
Hyderabad,2021-07-08,0.0,32.41,58.6,0.38
Hyderabad,2021-07-09,0.0,33.23,59.71,0.38
Hyderabad,2021-07-10,0.0,34.18,56.04,0.38
Hyderabad,2021-07-11,0.04,34.92,52.64,0.38
Hyderabad,2021-07-12,31.47,30.59,74.08,0.42
Hyderabad,2021-07-13,3.66,31.46,74.91,0.45
Hyderabad,2021-07-14,1.88,33.32,61.76,0.44
Hyderabad,2021-07-15,9.47,31.58,76.66,0.45
Hyderabad,2021-07-16,5.11,32.48,72.99,0.46
Hyderabad,2021-07-17,0.86,33.32,65.13,0.46
Hyderabad,2021-07-18,0.0,31.81,69.29,0.46
Hyderabad,2021-07-19,0.0,31.12,72.14,0.45
Hyderabad,2021-07-20,0.0,30.08,73.95,0.45
Hyderabad,2021-07-21,0.0,31.48,67.81,0.45
Hyderabad,2021-07-22,0.01,32.9,61.14,0.44
Hyderabad,2021-07-23,0.18,32.85,61.43,0.44
Hyderabad,2021-07-24,0.58,32.31,65.26,0.44
Hyderabad,2021-07-25,0.0,31.63,68.54,0.43
Hyderabad,2021-07-26,0.0,31.26,67.65,0.43
Hyderabad,2021-07-27,0.0,31.26,68.18,0.43
Hyderabad,2021-07-28,0.0,31.02,69.29,0.43
Hyderabad,2021-07-29,0.0,30.39,68.97,0.42
Hyderabad,2021-07-30,0.0,30.79,67.65,0.42
Hyderabad,2021-07-31,0.0,30.95,66.43,0.42
Hyderabad,2021-08-01,0.0,30.41,68.35,0.42
Hyderabad,2021-08-02,0.0,30.62,66.49,0.42
Hyderabad,2021-08-03,0.0,30.23,67.9,0.41
Hyderabad,2021-08-04,0.0,30.94,64.84,0.41
Hyderabad,2021-08-05,0.0,31.27,63.87,0.41
Hyderabad,2021-08-06,0.0,31.84,61.1,0.41
Hyderabad,2021-08-07,0.0,31.75,61.21,0.4
Hyderabad,2021-08-08,0.0,31.43,59.95,0.4
Hyderabad,2021-08-09,0.0,30.8,60.2,0.4
Hyderabad,2021-08-10,0.0,30.34,61.95,0.4
Hyderabad,2021-08-11,0.0,30.57,61.73,0.4
Hyderabad,2021-08-12,0.0,30.71,61.68,0.4
Hyderabad,2021-08-13,0.0,30.87,61.13,0.4
Hyderabad,2021-08-14,0.0,30.76,60.99,0.39
Hyderabad,2021-08-15,0.0,30.4,61.6,0.39
Hyderabad,2021-08-16,0.0,31.07,59.8,0.39
Hyderabad,2021-08-17,0.0,31.12,55.99,0.39
Hyderabad,2021-08-18,0.0,30.94,55.97,0.39
Hyderabad,2021-08-19,0.0,30.7,58.5,0.39
Hyderabad,2021-08-20,0.0,31.47,58.21,0.39
Hyderabad,2021-08-21,0.0,31.9,56.05,0.39
Hyderabad,2021-08-22,0.0,30.81,57.4,0.39
Hyderabad,2021-08-23,0.0,31.73,57.2,0.39
Hyderabad,2021-08-24,0.0,31.1,58.37,0.39
Hyderabad,2021-08-25,0.0,30.48,60.9,0.38
Hyderabad,2021-08-26,0.0,30.04,61.32,0.38
Hyderabad,2021-08-27,0.0,30.77,58.92,0.38
Hyderabad,2021-08-28,0.0,31.1,56.78,0.38
Hyderabad,2021-08-29,0.0,31.32,53.35,0.38
Hyderabad,2021-08-30,0.0,31.94,52.48,0.38
Hyderabad,2021-08-31,3.72,31.9,54.61,0.38
Hyderabad,2021-09-01,1.06,33.59,52.37,0.39
Hyderabad,2021-09-02,1.78,33.89,51.2,0.39
Hyderabad,2021-09-03,16.6,31.69,61.83,0.4
Hyderabad,2021-09-04,1.56,32.28,59.92,0.42
Hyderabad,2021-09-05,0.03,32.33,59.07,0.41
Hyderabad,2021-09-06,0.0,32.31,60.1,0.41
Hyderabad,2021-09-07,0.0,32.02,62.04,0.41
Hyderabad,2021-09-08,1.56,32.92,60.8,0.41
Hyderabad,2021-09-09,4.79,31.48,69.24,0.41
Hyderabad,2021-09-10,3.9,31.89,65.17,0.41
Hyderabad,2021-09-11,2.01,31.57,66.01,0.42
Hyderabad,2021-09-12,0.11,33.14,58.45,0.42
Hyderabad,2021-09-13,0.0,33.81,53.62,0.41
Hyderabad,2021-09-14,2.58,33.75,54.01,0.41
Hyderabad,2021-09-15,8.5,32.86,64.27,0.41
Hyderabad,2021-09-16,0.97,33.7,58.29,0.42
Hyderabad,2021-09-17,0.0,33.49,59.07,0.42
Hyderabad,2021-09-18,0.0,32.67,59.79,0.41
Hyderabad,2021-09-19,0.0,32.13,61.27,0.41
Hyderabad,2021-09-20,0.0,31.69,62.93,0.41
Hyderabad,2021-09-21,0.08,31.45,62.64,0.41
Hyderabad,2021-09-22,0.47,31.96,60.01,0.4
Hyderabad,2021-09-23,3.25,32.46,59.83,0.4
Hyderabad,2021-09-24,8.55,32.28,60.29,0.41
Hyderabad,2021-09-25,1.65,31.34,65.57,0.42
Hyderabad,2021-09-26,0.0,32.32,59.14,0.42
Hyderabad,2021-09-27,1.69,32.45,56.73,0.41
Hyderabad,2021-09-28,32.46,30.54,72.0,0.46
Hyderabad,2021-09-29,0.5,31.79,62.34,0.47
Hyderabad,2021-09-30,1.57,29.27,73.74,0.47
Hyderabad,2021-10-01,0.44,29.04,75.72,0.46
Hyderabad,2021-10-02,0.02,29.65,69.68,0.46
Hyderabad,2021-10-03,0.0,30.15,67.41,0.46
Hyderabad,2021-10-04,0.0,29.55,62.62,0.45
Hyderabad,2021-10-05,0.0,28.26,61.94,0.45
Hyderabad,2021-10-06,0.01,28.32,59.1,0.45
Hyderabad,2021-10-07,2.96,29.96,60.99,0.45
Hyderabad,2021-10-08,0.0,29.83,55.58,0.45
Hyderabad,2021-10-09,0.0,29.38,63.11,0.44
Hyderabad,2021-10-10,0.0,28.07,66.86,0.44
Hyderabad,2021-10-11,0.0,29.25,62.71,0.44
Hyderabad,2021-10-12,0.0,29.26,45.59,0.43
Hyderabad,2021-10-13,0.0,28.41,46.6,0.43
Hyderabad,2021-10-14,0.0,28.0,35.72,0.43
Hyderabad,2021-10-15,0.0,27.14,30.97,0.43
Hyderabad,2021-10-16,0.0,26.22,34.1,0.42
Hyderabad,2021-10-17,0.0,26.65,33.83,0.42
Hyderabad,2021-10-18,0.0,26.29,40.82,0.42
Hyderabad,2021-10-19,0.0,26.39,46.33,0.42
Hyderabad,2021-10-20,0.0,26.42,65.46,0.41
Hyderabad,2021-10-21,0.0,26.23,68.78,0.41
Hyderabad,2021-10-22,0.0,27.1,63.42,0.41
Hyderabad,2021-10-23,0.0,26.49,56.04,0.41
Hyderabad,2021-10-24,0.0,25.83,43.12,0.41
Hyderabad,2021-10-25,0.0,24.79,42.95,0.41
Hyderabad,2021-10-26,0.0,25.07,40.35,0.4
Hyderabad,2021-10-27,0.0,26.3,45.5,0.4
Hyderabad,2021-10-28,0.0,26.24,41.81,0.4
Hyderabad,2021-10-29,0.0,26.6,36.72,0.4
Hyderabad,2021-10-30,0.0,27.01,34.31,0.4
Hyderabad,2021-10-31,0.0,26.66,33.02,0.4
Hyderabad,2021-11-01,0.0,25.81,48.65,0.4
Hyderabad,2021-11-02,0.0,26.02,42.74,0.4
Hyderabad,2021-11-03,0.0,24.51,34.23,0.4
Hyderabad,2021-11-04,0.0,24.5,31.0,0.39
Hyderabad,2021-11-05,0.0,25.32,35.73,0.39
Hyderabad,2021-11-06,0.0,26.32,35.16,0.39
Hyderabad,2021-11-07,0.0,25.7,29.96,0.39
Hyderabad,2021-11-08,0.0,26.81,27.48,0.39
Hyderabad,2021-11-09,0.0,27.29,25.05,0.39
Hyderabad,2021-11-10,0.0,26.22,26.59,0.39
Hyderabad,2021-11-11,0.0,25.36,25.31,0.39
Hyderabad,2021-11-12,0.0,24.94,22.62,0.39
Hyderabad,2021-11-13,0.0,24.39,21.31,0.39
Hyderabad,2021-11-14,0.0,24.69,27.87,0.39
Hyderabad,2021-11-15,0.0,22.11,17.38,0.38
Hyderabad,2021-11-16,0.0,22.35,18.53,0.38
Hyderabad,2021-11-17,0.0,21.32,21.54,0.38
Hyderabad,2021-11-18,0.0,21.04,23.92,0.38
Hyderabad,2021-11-19,0.0,20.19,21.91,0.38
Hyderabad,2021-11-20,0.0,20.65,20.88,0.38
Hyderabad,2021-11-21,0.0,21.5,24.33,0.38
Hyderabad,2021-11-22,0.0,21.66,20.29,0.38
Hyderabad,2021-11-23,0.0,22.82,23.4,0.38
Hyderabad,2021-11-24,0.0,23.5,38.64,0.38
Hyderabad,2021-11-25,0.0,24.21,30.07,0.38
Hyderabad,2021-11-26,0.0,23.39,23.68,0.38
Hyderabad,2021-11-27,0.0,21.54,28.21,0.38
Hyderabad,2021-11-28,0.0,21.29,24.03,0.38
Hyderabad,2021-11-29,0.0,21.49,29.01,0.38
Hyderabad,2021-11-30,0.0,21.18,27.86,0.38
Hyderabad,2021-12-01,0.0,21.24,28.93,0.38
Hyderabad,2021-12-02,0.0,20.7,40.04,0.38
Hyderabad,2021-12-03,0.0,19.99,30.91,0.38
Hyderabad,2021-12-04,0.0,19.48,27.89,0.38
Hyderabad,2021-12-05,0.0,21.29,33.43,0.38
Hyderabad,2021-12-06,0.0,20.07,44.28,0.38
Hyderabad,2021-12-07,0.0,18.86,31.14,0.38
Hyderabad,2021-12-08,0.0,18.55,33.37,0.38
Hyderabad,2021-12-09,0.0,18.19,29.12,0.38
Hyderabad,2021-12-10,0.0,17.82,25.63,0.38
Hyderabad,2021-12-11,0.0,18.67,21.66,0.38
Hyderabad,2021-12-12,0.0,19.49,18.69,0.38
Hyderabad,2021-12-13,0.0,17.6,22.04,0.38
Hyderabad,2021-12-14,0.0,16.34,20.51,0.38
Hyderabad,2021-12-15,0.0,16.21,15.79,0.38
Hyderabad,2021-12-16,0.0,14.36,13.22,0.38
Hyderabad,2021-12-17,0.0,14.19,15.74,0.38
Hyderabad,2021-12-18,0.0,14.11,18.99,0.38
Hyderabad,2021-12-19,0.0,16.02,15.25,0.38
Hyderabad,2021-12-20,0.0,18.91,40.51,0.38
Hyderabad,2021-12-21,0.0,20.34,54.58,0.38
Hyderabad,2021-12-22,0.0,19.52,52.57,0.38
Hyderabad,2021-12-23,0.0,21.43,66.67,0.38
Hyderabad,2021-12-24,0.0,21.08,45.22,0.38
Hyderabad,2021-12-25,0.0,19.81,30.58,0.38
Hyderabad,2021-12-26,2.34,20.12,68.78,0.38
Hyderabad,2021-12-27,2.38,18.62,62.55,0.39
Hyderabad,2021-12-28,1.37,17.31,63.83,0.39
Hyderabad,2021-12-29,0.0,15.56,50.11,0.39
Hyderabad,2021-12-30,0.0,15.91,46.04,0.39
Hyderabad,2021-12-31,0.0,16.64,32.42,0.39
Hyderabad,2022-01-01,0.0,15.92,30.68,0.39
Hyderabad,2022-01-02,0.0,17.08,29.29,0.39
Hyderabad,2022-01-03,0.0,19.06,32.02,0.39
Hyderabad,2022-01-04,13.17,20.32,43.89,0.39
Hyderabad,2022-01-05,13.28,18.05,86.71,0.44
Hyderabad,2022-01-06,0.13,16.86,71.98,0.44
Hyderabad,2022-01-07,11.32,14.31,75.99,0.45
Hyderabad,2022-01-08,0.01,14.3,61.0,0.45
Hyderabad,2022-01-09,0.0,12.94,57.92,0.45
Hyderabad,2022-01-10,0.0,15.03,45.91,0.45
Hyderabad,2022-01-11,0.0,14.17,50.02,0.45
Hyderabad,2022-01-12,0.0,14.49,49.21,0.45
Hyderabad,2022-01-13,0.0,15.33,48.88,0.45
Hyderabad,2022-01-14,0.0,14.6,47.2,0.44
Hyderabad,2022-01-15,0.0,14.41,52.03,0.44
Hyderabad,2022-01-16,0.0,14.88,52.02,0.44
Hyderabad,2022-01-17,0.0,17.62,45.99,0.44
Hyderabad,2022-01-18,0.0,19.62,40.71,0.44
Hyderabad,2022-01-19,0.0,19.96,56.7,0.44
Hyderabad,2022-01-20,0.0,21.03,65.16,0.44
Hyderabad,2022-01-21,0.0,19.92,69.19,0.43
Hyderabad,2022-01-22,0.0,14.88,35.97,0.43
Hyderabad,2022-01-23,0.0,12.93,37.29,0.43
Hyderabad,2022-01-24,0.0,12.69,39.95,0.43
Hyderabad,2022-01-25,0.0,14.22,33.86,0.43
Hyderabad,2022-01-26,0.0,14.2,47.0,0.43
Hyderabad,2022-01-27,0.0,16.79,29.67,0.43
Hyderabad,2022-01-28,0.0,16.64,47.15,0.42
Hyderabad,2022-01-29,0.0,17.7,67.1,0.42
Hyderabad,2022-01-30,0.0,19.28,71.68,0.42
Hyderabad,2022-01-31,0.0,21.09,60.36,0.42
Hyderabad,2022-02-01,0.0,19.98,37.63,0.42
Hyderabad,2022-02-02,0.0,20.78,45.21,0.42
Hyderabad,2022-02-03,0.0,18.23,32.65,0.41
Hyderabad,2022-02-04,0.0,18.13,27.43,0.41
Hyderabad,2022-02-05,0.0,18.2,46.66,0.41
Hyderabad,2022-02-06,0.0,18.84,72.23,0.41
Hyderabad,2022-02-07,0.0,20.27,69.17,0.41
Hyderabad,2022-02-08,0.01,19.87,70.14,0.41
Hyderabad,2022-02-09,0.0,18.75,60.1,0.41
Hyderabad,2022-02-10,0.0,19.24,36.14,0.4
Hyderabad,2022-02-11,0.0,19.75,35.64,0.4
Hyderabad,2022-02-12,0.0,19.39,34.86,0.4
Hyderabad,2022-02-13,0.0,19.06,55.15,0.4
Hyderabad,2022-02-14,0.0,20.02,50.45,0.4
Hyderabad,2022-02-15,0.0,19.85,36.2,0.4
Hyderabad,2022-02-16,0.0,21.21,35.43,0.4
Hyderabad,2022-02-17,0.0,20.84,32.1,0.4
Hyderabad,2022-02-18,0.0,21.65,31.89,0.39
Hyderabad,2022-02-19,0.0,21.11,34.92,0.39
Hyderabad,2022-02-20,0.0,22.49,31.12,0.39
Hyderabad,2022-02-21,0.0,24.48,38.85,0.39
Hyderabad,2022-02-22,0.0,23.8,61.06,0.39
Hyderabad,2022-02-23,0.0,21.97,45.02,0.39
Hyderabad,2022-02-24,0.0,23.03,33.47,0.39
Hyderabad,2022-02-25,0.0,23.52,51.66,0.39
Hyderabad,2022-02-26,0.0,21.75,41.53,0.39
Hyderabad,2022-02-27,0.0,21.23,37.79,0.39
Hyderabad,2022-02-28,0.0,22.65,31.92,0.39
Hyderabad,2022-03-01,0.0,24.28,41.19,0.38
Hyderabad,2022-03-02,0.04,23.74,50.41,0.38
Hyderabad,2022-03-03,0.0,22.94,42.3,0.38
Hyderabad,2022-03-04,0.0,24.01,40.3,0.38
Hyderabad,2022-03-05,0.0,25.03,24.87,0.38
Hyderabad,2022-03-06,0.0,23.55,34.0,0.38
Hyderabad,2022-03-07,0.0,25.45,50.6,0.38
Hyderabad,2022-03-08,0.0,25.35,29.66,0.38
Hyderabad,2022-03-09,0.0,26.9,29.48,0.38
Hyderabad,2022-03-10,0.0,26.67,31.48,0.38
Hyderabad,2022-03-11,0.0,28.71,33.21,0.38
Hyderabad,2022-03-12,0.0,29.97,26.57,0.38
Hyderabad,2022-03-13,0.0,30.6,29.75,0.38
Hyderabad,2022-03-14,0.0,30.15,35.72,0.38
Hyderabad,2022-03-15,0.0,29.63,46.15,0.38
Hyderabad,2022-03-16,0.0,29.94,50.79,0.38
Hyderabad,2022-03-17,0.0,29.4,45.4,0.38
Hyderabad,2022-03-18,0.0,29.46,46.61,0.38
Hyderabad,2022-03-19,0.0,29.61,49.68,0.38
Hyderabad,2022-03-20,0.0,28.16,46.01,0.38
Hyderabad,2022-03-21,0.0,27.87,49.4,0.38
Hyderabad,2022-03-22,0.0,25.42,56.12,0.38
Hyderabad,2022-03-23,0.0,26.72,58.55,0.38
Hyderabad,2022-03-24,0.0,28.79,52.11,0.38
Hyderabad,2022-03-25,0.0,29.86,20.93,0.38
Hyderabad,2022-03-26,0.0,31.32,18.69,0.38
Hyderabad,2022-03-27,0.0,31.66,19.98,0.38
Hyderabad,2022-03-28,0.0,30.16,45.32,0.38
Hyderabad,2022-03-29,0.0,30.8,45.21,0.38
Hyderabad,2022-03-30,0.0,30.73,23.62,0.38
Hyderabad,2022-03-31,0.0,31.19,11.65,0.38
Hyderabad,2022-04-01,0.0,31.41,11.0,0.38
Hyderabad,2022-04-02,0.0,32.19,14.72,0.38
Hyderabad,2022-04-03,0.0,31.71,24.82,0.38
Hyderabad,2022-04-04,0.0,31.51,30.42,0.38
Hyderabad,2022-04-05,0.0,31.63,43.02,0.38
Hyderabad,2022-04-06,0.0,33.0,28.94,0.38
Hyderabad,2022-04-07,0.0,33.16,30.26,0.38
Hyderabad,2022-04-08,0.0,33.02,35.63,0.38
Hyderabad,2022-04-09,0.0,33.22,31.91,0.38
Hyderabad,2022-04-10,0.0,33.37,39.87,0.38
Hyderabad,2022-04-11,0.0,31.51,45.82,0.38
Hyderabad,2022-04-12,0.0,30.68,53.42,0.38
Hyderabad,2022-04-13,0.0,32.0,50.0,0.38
Hyderabad,2022-04-14,0.0,32.17,46.15,0.38
Hyderabad,2022-04-15,0.0,32.8,36.76,0.38
Hyderabad,2022-04-16,0.0,33.15,49.11,0.38
Hyderabad,2022-04-17,0.0,32.02,54.67,0.38
Hyderabad,2022-04-18,0.0,31.15,55.58,0.38
Hyderabad,2022-04-19,0.0,31.51,50.51,0.38
Hyderabad,2022-04-20,0.0,31.02,45.39,0.38
Hyderabad,2022-04-21,0.0,32.51,38.28,0.38
Hyderabad,2022-04-22,0.0,31.81,46.4,0.38
Hyderabad,2022-04-23,0.0,32.16,46.26,0.38
Hyderabad,2022-04-24,0.0,32.22,45.79,0.38
Hyderabad,2022-04-25,0.0,32.08,50.7,0.38
Hyderabad,2022-04-26,0.0,33.67,49.53,0.38
Hyderabad,2022-04-27,0.0,33.92,44.68,0.38
Hyderabad,2022-04-28,0.0,34.48,39.14,0.38
Hyderabad,2022-04-29,0.0,34.41,49.85,0.38
Hyderabad,2022-04-30,0.0,36.34,39.8,0.38
Hyderabad,2022-05-01,0.0,34.21,42.76,0.38
Hyderabad,2022-05-02,0.0,32.36,42.43,0.38
Hyderabad,2022-05-03,0.0,32.05,56.0,0.38
Hyderabad,2022-05-04,0.0,32.48,51.46,0.38
Hyderabad,2022-05-05,0.0,32.51,48.45,0.38
Hyderabad,2022-05-06,0.0,33.38,42.16,0.38
Hyderabad,2022-05-07,0.0,32.5,50.8,0.38
Hyderabad,2022-05-08,0.0,32.05,53.89,0.38
Hyderabad,2022-05-09,0.0,32.4,57.95,0.38
Hyderabad,2022-05-10,0.0,33.88,51.71,0.38
Hyderabad,2022-05-11,0.0,36.0,40.82,0.38
Hyderabad,2022-05-12,0.0,37.37,28.69,0.38
Hyderabad,2022-05-13,0.0,36.32,40.5,0.38
Hyderabad,2022-05-14,0.0,35.9,31.48,0.38
Hyderabad,2022-05-15,0.0,32.95,51.71,0.38
Hyderabad,2022-05-16,0.0,33.74,43.01,0.38
Hyderabad,2022-05-17,0.0,34.95,37.17,0.38
Hyderabad,2022-05-18,0.0,34.62,44.19,0.38
Hyderabad,2022-05-19,0.0,33.94,51.27,0.38
Hyderabad,2022-05-20,0.0,32.58,58.89,0.38
Hyderabad,2022-05-21,0.0,33.24,55.59,0.38
Hyderabad,2022-05-22,0.0,34.03,53.32,0.38
Hyderabad,2022-05-23,0.0,35.27,42.23,0.38
Hyderabad,2022-05-24,0.0,34.2,37.38,0.38
Hyderabad,2022-05-25,0.0,33.09,55.55,0.38
Hyderabad,2022-05-26,0.0,33.08,56.41,0.38
Hyderabad,2022-05-27,0.0,32.82,57.0,0.38
Hyderabad,2022-05-28,0.0,34.23,52.28,0.38
Hyderabad,2022-05-29,0.0,33.97,51.46,0.38
Hyderabad,2022-05-30,0.0,33.87,52.13,0.38
Hyderabad,2022-05-31,0.0,32.58,57.02,0.38
Hyderabad,2022-06-01,0.0,33.24,53.44,0.38
Hyderabad,2022-06-02,0.0,34.36,42.49,0.38
Hyderabad,2022-06-03,0.0,33.31,44.33,0.38
Hyderabad,2022-06-04,0.0,33.11,49.11,0.38
Hyderabad,2022-06-05,0.0,32.17,58.55,0.38
Hyderabad,2022-06-06,0.0,32.9,52.83,0.38
Hyderabad,2022-06-07,0.0,31.95,54.29,0.38
Hyderabad,2022-06-08,0.0,31.05,58.57,0.38
Hyderabad,2022-06-09,0.0,31.56,61.34,0.38
Hyderabad,2022-06-10,0.0,31.96,60.63,0.38
Hyderabad,2022-06-11,0.0,32.12,61.23,0.38
Hyderabad,2022-06-12,0.0,32.62,58.85,0.38
Hyderabad,2022-06-13,0.0,33.27,56.29,0.38
Hyderabad,2022-06-14,0.0,34.01,53.11,0.38
Hyderabad,2022-06-15,0.0,33.23,57.73,0.38
Hyderabad,2022-06-16,0.0,32.8,58.56,0.38
Hyderabad,2022-06-17,0.0,33.24,58.42,0.38
Hyderabad,2022-06-18,0.0,33.42,58.3,0.38
Hyderabad,2022-06-19,0.0,33.48,56.68,0.38
Hyderabad,2022-06-20,0.01,32.27,59.23,0.38
Hyderabad,2022-06-21,0.0,34.42,46.51,0.38
Hyderabad,2022-06-22,0.77,33.77,52.49,0.38
Hyderabad,2022-06-23,0.43,35.72,41.8,0.38
Hyderabad,2022-06-24,0.0,36.55,42.03,0.38
Hyderabad,2022-06-25,0.0,34.23,52.36,0.38
Hyderabad,2022-06-26,0.0,35.67,50.55,0.38
Hyderabad,2022-06-27,0.0,35.46,53.83,0.38
Hyderabad,2022-06-28,0.0,34.64,53.69,0.38
Hyderabad,2022-06-29,0.0,33.37,57.25,0.38
Hyderabad,2022-06-30,0.0,33.77,58.57,0.38
Hyderabad,2022-07-01,0.0,33.18,62.48,0.38
Hyderabad,2022-07-02,0.0,33.12,61.18,0.38
Hyderabad,2022-07-03,0.0,34.89,54.72,0.38
Hyderabad,2022-07-04,2.01,32.53,61.59,0.38
Hyderabad,2022-07-05,3.87,34.2,57.25,0.39
Hyderabad,2022-07-06,51.06,30.49,78.56,0.45
Hyderabad,2022-07-07,6.05,31.57,71.42,0.49
Hyderabad,2022-07-08,13.6,28.98,83.59,0.5
Hyderabad,2022-07-09,16.48,29.96,77.14,0.52
Hyderabad,2022-07-10,31.9,29.35,82.06,0.57
Hyderabad,2022-07-11,1.04,29.78,79.22,0.57
Hyderabad,2022-07-12,0.65,31.25,74.01,0.57
Hyderabad,2022-07-13,0.17,30.71,75.8,0.56
Hyderabad,2022-07-14,11.5,31.15,75.71,0.56
Hyderabad,2022-07-15,19.32,30.13,79.5,0.59
Hyderabad,2022-07-16,14.59,28.86,88.47,0.61
Hyderabad,2022-07-17,12.84,29.95,80.85,0.62
Hyderabad,2022-07-18,1.7,29.65,79.44,0.62
Hyderabad,2022-07-19,0.6,30.02,77.9,0.62
Hyderabad,2022-07-20,0.0,30.37,78.62,0.61
Hyderabad,2022-07-21,0.41,28.88,84.31,0.6
Hyderabad,2022-07-22,0.46,30.19,79.88,0.6
Hyderabad,2022-07-23,1.28,29.97,78.46,0.59
Hyderabad,2022-07-24,70.23,27.85,90.58,0.65
Hyderabad,2022-07-25,10.33,27.79,84.71,0.71
Hyderabad,2022-07-26,6.85,28.32,83.76,0.71
Hyderabad,2022-07-27,0.91,28.74,80.09,0.7
Hyderabad,2022-07-28,1.3,27.45,86.97,0.69
Hyderabad,2022-07-29,2.53,28.17,82.41,0.69
Hyderabad,2022-07-30,37.69,28.07,82.84,0.73
Hyderabad,2022-07-31,0.05,27.99,84.99,0.73
Hyderabad,2022-08-01,0.12,29.02,82.87,0.72
Hyderabad,2022-08-02,0.01,29.39,80.84,0.71
Hyderabad,2022-08-03,0.0,29.46,81.17,0.7
Hyderabad,2022-08-04,0.0,28.79,82.59,0.69
Hyderabad,2022-08-05,5.63,29.41,81.35,0.69
Hyderabad,2022-08-06,11.86,29.3,78.78,0.7
Hyderabad,2022-08-07,2.03,30.19,78.68,0.71
Hyderabad,2022-08-08,2.67,30.54,80.34,0.7
Hyderabad,2022-08-09,4.22,30.75,83.69,0.7
Hyderabad,2022-08-10,22.02,30.13,86.39,0.71
Hyderabad,2022-08-11,11.16,30.14,84.3,0.74
Hyderabad,2022-08-12,0.95,29.01,87.33,0.73
Hyderabad,2022-08-13,25.67,28.37,85.96,0.75
Hyderabad,2022-08-14,7.55,28.15,83.38,0.77
Hyderabad,2022-08-15,5.75,28.57,85.73,0.76
Hyderabad,2022-08-16,12.42,28.58,87.25,0.76
Hyderabad,2022-08-17,55.87,28.53,86.13,0.79
Hyderabad,2022-08-18,56.11,26.51,90.43,0.87
Hyderabad,2022-08-19,24.65,27.07,91.05,0.91
Hyderabad,2022-08-20,10.84,27.64,86.68,0.91
Hyderabad,2022-08-21,6.05,28.12,85.28,0.9
Hyderabad,2022-08-22,0.3,28.3,83.76,0.9
Hyderabad,2022-08-23,45.27,27.61,86.81,0.91
Hyderabad,2022-08-24,76.14,27.38,87.47,0.96
Hyderabad,2022-08-25,30.51,27.28,87.55,0.98
Hyderabad,2022-08-26,3.35,26.86,86.2,0.97
Hyderabad,2022-08-27,0.03,26.7,85.34,0.96
Hyderabad,2022-08-28,0.0,27.11,84.48,0.95
Hyderabad,2022-08-29,0.0,27.63,84.97,0.95
Hyderabad,2022-08-30,0.12,27.31,84.44,0.94
Hyderabad,2022-08-31,0.13,27.85,84.44,0.93
Hyderabad,2022-09-01,0.0,27.69,84.34,0.92
Hyderabad,2022-09-02,0.0,28.18,83.4,0.92
Hyderabad,2022-09-03,0.0,27.41,84.51,0.91
Hyderabad,2022-09-04,0.0,27.13,84.77,0.9
Hyderabad,2022-09-05,0.0,27.11,83.12,0.89
Hyderabad,2022-09-06,0.0,27.49,82.2,0.88
Hyderabad,2022-09-07,0.0,27.78,79.54,0.87
Hyderabad,2022-09-08,0.0,29.1,74.14,0.86
Hyderabad,2022-09-09,0.61,30.55,73.56,0.86
Hyderabad,2022-09-10,0.58,31.03,73.05,0.85
Hyderabad,2022-09-11,1.07,30.47,75.94,0.85
Hyderabad,2022-09-12,5.28,29.45,81.03,0.84
Hyderabad,2022-09-13,1.74,29.96,79.84,0.84
Hyderabad,2022-09-14,1.04,30.69,76.33,0.84
Hyderabad,2022-09-15,0.01,29.04,79.93,0.83
Hyderabad,2022-09-16,0.0,27.17,82.69,0.82
Hyderabad,2022-09-17,0.0,27.4,82.85,0.81
Hyderabad,2022-09-18,0.0,27.69,81.99,0.8
Hyderabad,2022-09-19,0.0,27.19,81.26,0.79
Hyderabad,2022-09-20,0.0,26.83,82.95,0.78
Hyderabad,2022-09-21,0.0,27.31,81.81,0.78
Hyderabad,2022-09-22,0.0,27.37,81.55,0.77
Hyderabad,2022-09-23,0.0,27.3,82.07,0.76
Hyderabad,2022-09-24,0.0,26.83,82.26,0.75
Hyderabad,2022-09-25,0.0,26.89,82.68,0.74
Hyderabad,2022-09-26,0.0,26.63,81.27,0.74
Hyderabad,2022-09-27,0.0,26.4,81.39,0.73
Hyderabad,2022-09-28,0.0,26.44,81.77,0.72
Hyderabad,2022-09-29,0.0,27.06,78.29,0.71
Hyderabad,2022-09-30,0.0,26.38,78.92,0.71
Hyderabad,2022-10-01,0.0,26.18,79.92,0.7
Hyderabad,2022-10-02,0.0,26.32,78.18,0.69
Hyderabad,2022-10-03,0.0,27.12,78.21,0.68
Hyderabad,2022-10-04,0.0,28.01,74.52,0.68
Hyderabad,2022-10-05,0.0,27.76,74.28,0.67
Hyderabad,2022-10-06,0.0,26.96,69.99,0.66
Hyderabad,2022-10-07,0.0,26.7,68.14,0.66
Hyderabad,2022-10-08,0.0,26.58,67.79,0.65
Hyderabad,2022-10-09,0.0,27.36,65.09,0.64
Hyderabad,2022-10-10,0.0,28.65,50.72,0.64
Hyderabad,2022-10-11,0.0,26.68,48.7,0.63
Hyderabad,2022-10-12,0.0,25.83,49.49,0.62
Hyderabad,2022-10-13,0.0,25.52,48.34,0.62
Hyderabad,2022-10-14,0.0,25.08,56.74,0.61
Hyderabad,2022-10-15,0.0,25.29,52.08,0.61
Hyderabad,2022-10-16,0.0,26.74,47.7,0.6
Hyderabad,2022-10-17,0.0,26.73,43.77,0.6
Hyderabad,2022-10-18,0.0,25.17,65.42,0.59
Hyderabad,2022-10-19,0.0,25.39,73.71,0.59
Hyderabad,2022-10-20,0.0,26.11,73.61,0.58
Hyderabad,2022-10-21,0.0,26.93,65.28,0.58
Hyderabad,2022-10-22,0.0,26.98,51.24,0.57
Hyderabad,2022-10-23,0.0,25.81,53.63,0.57
Hyderabad,2022-10-24,0.0,25.37,59.25,0.56
Hyderabad,2022-10-25,0.0,25.22,72.23,0.56
Hyderabad,2022-10-26,0.0,26.55,76.64,0.55
Hyderabad,2022-10-27,0.0,26.94,76.86,0.55
Hyderabad,2022-10-28,0.0,26.48,71.18,0.55
Hyderabad,2022-10-29,0.0,26.0,65.2,0.54
Hyderabad,2022-10-30,0.0,25.79,56.83,0.54
Hyderabad,2022-10-31,0.0,25.58,58.29,0.54
Hyderabad,2022-11-01,0.0,26.09,70.86,0.53
Hyderabad,2022-11-02,0.0,26.63,66.14,0.53
Hyderabad,2022-11-03,0.0,26.31,67.54,0.52
Hyderabad,2022-11-04,0.0,26.03,65.56,0.52
Hyderabad,2022-11-05,0.0,25.28,64.56,0.52
Hyderabad,2022-11-06,0.0,25.29,66.87,0.51
Hyderabad,2022-11-07,0.03,23.55,72.09,0.51
Hyderabad,2022-11-08,0.06,23.57,65.44,0.51
Hyderabad,2022-11-09,0.0,24.42,56.65,0.51
Hyderabad,2022-11-10,0.0,25.52,59.08,0.5
Hyderabad,2022-11-11,0.0,24.18,57.25,0.5
Hyderabad,2022-11-12,0.0,24.71,52.26,0.5
Hyderabad,2022-11-13,0.0,24.8,62.08,0.49
Hyderabad,2022-11-14,0.0,24.16,65.99,0.49
Hyderabad,2022-11-15,0.0,21.36,56.14,0.49
Hyderabad,2022-11-16,0.0,22.93,59.18,0.49
Hyderabad,2022-11-17,0.0,23.52,61.18,0.49
Hyderabad,2022-11-18,0.0,22.62,54.97,0.48
Hyderabad,2022-11-19,0.0,24.49,52.57,0.48
Hyderabad,2022-11-20,0.0,22.8,55.76,0.48
Hyderabad,2022-11-21,0.0,22.8,51.14,0.48
Hyderabad,2022-11-22,0.0,21.8,58.35,0.47
Hyderabad,2022-11-23,0.0,20.5,38.89,0.47
Hyderabad,2022-11-24,0.0,21.04,42.64,0.47
Hyderabad,2022-11-25,0.0,22.23,45.87,0.47
Hyderabad,2022-11-26,0.0,21.11,41.99,0.47
Hyderabad,2022-11-27,0.0,20.26,45.56,0.46
Hyderabad,2022-11-28,0.0,19.99,44.6,0.46
Hyderabad,2022-11-29,0.0,19.12,44.1,0.46
Hyderabad,2022-11-30,0.0,18.75,44.98,0.46
Hyderabad,2022-12-01,0.0,18.81,43.22,0.46
Hyderabad,2022-12-02,0.0,20.76,39.47,0.46
Hyderabad,2022-12-03,0.0,17.79,50.33,0.45
Hyderabad,2022-12-04,0.0,18.62,42.81,0.45
Hyderabad,2022-12-05,0.0,19.82,45.95,0.45
Hyderabad,2022-12-06,0.0,19.06,47.83,0.45
Hyderabad,2022-12-07,0.0,20.35,43.16,0.45
Hyderabad,2022-12-08,0.0,22.26,45.78,0.45
Hyderabad,2022-12-09,0.0,19.51,52.45,0.44
Hyderabad,2022-12-10,0.0,18.63,51.65,0.44
Hyderabad,2022-12-11,0.0,18.26,49.8,0.44
Hyderabad,2022-12-12,0.0,18.43,52.43,0.44
Hyderabad,2022-12-13,0.0,18.45,51.51,0.44
Hyderabad,2022-12-14,0.0,18.14,48.04,0.44
Hyderabad,2022-12-15,0.0,19.99,40.83,0.43
Hyderabad,2022-12-16,0.0,20.26,44.08,0.43
Hyderabad,2022-12-17,0.0,20.12,37.04,0.43
Hyderabad,2022-12-18,0.0,21.79,37.45,0.43
Hyderabad,2022-12-19,0.0,18.29,41.09,0.43
Hyderabad,2022-12-20,0.0,17.45,39.15,0.43
Hyderabad,2022-12-21,0.0,15.82,41.41,0.42
Hyderabad,2022-12-22,0.0,15.65,41.11,0.42
Hyderabad,2022-12-23,0.0,16.63,37.66,0.42
Hyderabad,2022-12-24,0.0,15.27,38.09,0.42
Hyderabad,2022-12-25,0.0,16.17,36.04,0.42
Hyderabad,2022-12-26,0.0,15.72,39.4,0.42
Hyderabad,2022-12-27,0.0,15.6,39.44,0.42
Hyderabad,2022-12-28,0.0,18.64,38.99,0.41
Hyderabad,2022-12-29,0.0,20.52,66.17,0.41
Hyderabad,2022-12-30,0.0,16.97,44.47,0.41
Hyderabad,2022-12-31,0.0,16.74,44.46,0.41
Hyderabad,2023-01-01,0.0,18.74,41.34,0.41
Hyderabad,2023-01-02,0.0,16.77,38.53,0.41
Hyderabad,2023-01-03,0.0,14.4,29.81,0.41
Hyderabad,2023-01-04,0.0,13.73,34.04,0.41
Hyderabad,2023-01-05,0.0,12.71,37.87,0.41
Hyderabad,2023-01-06,0.0,13.46,35.24,0.41
Hyderabad,2023-01-07,0.0,15.11,35.03,0.4
Hyderabad,2023-01-08,0.0,16.59,33.59,0.4
Hyderabad,2023-01-09,0.0,19.52,33.57,0.4
Hyderabad,2023-01-10,0.0,18.7,37.05,0.4
Hyderabad,2023-01-11,0.0,20.36,63.14,0.4
Hyderabad,2023-01-12,0.0,16.13,28.98,0.4
Hyderabad,2023-01-13,0.0,11.88,21.53,0.4
Hyderabad,2023-01-14,0.0,11.22,21.97,0.4
Hyderabad,2023-01-15,0.0,12.26,23.16,0.4
Hyderabad,2023-01-16,0.0,12.83,27.39,0.4
Hyderabad,2023-01-17,0.0,13.86,24.95,0.4
Hyderabad,2023-01-18,0.0,16.35,24.88,0.4
Hyderabad,2023-01-19,0.0,15.31,30.72,0.4
Hyderabad,2023-01-20,0.0,14.38,59.72,0.39
Hyderabad,2023-01-21,0.0,14.12,51.33,0.39
Hyderabad,2023-01-22,0.0,12.74,35.44,0.39
Hyderabad,2023-01-23,0.0,12.06,29.73,0.39
Hyderabad,2023-01-24,0.0,12.92,28.56,0.39
Hyderabad,2023-01-25,0.0,12.11,28.27,0.39
Hyderabad,2023-01-26,0.0,12.0,25.29,0.39
Hyderabad,2023-01-27,0.0,13.03,27.18,0.39
Hyderabad,2023-01-28,0.0,13.53,26.71,0.39
Hyderabad,2023-01-29,0.0,15.64,27.75,0.39
Hyderabad,2023-01-30,0.0,15.06,43.63,0.39
Hyderabad,2023-01-31,0.0,15.22,39.86,0.39
Hyderabad,2023-02-01,0.0,15.52,41.34,0.39
Hyderabad,2023-02-02,0.0,18.08,31.85,0.39
Hyderabad,2023-02-03,0.0,19.83,27.56,0.39
Hyderabad,2023-02-04,0.0,21.38,33.49,0.39
Hyderabad,2023-02-05,0.0,21.26,60.29,0.39
Hyderabad,2023-02-06,0.0,21.73,47.11,0.38
Hyderabad,2023-02-07,0.0,20.56,23.34,0.38
Hyderabad,2023-02-08,0.0,21.66,39.14,0.38
Hyderabad,2023-02-09,0.0,23.2,58.28,0.38
Hyderabad,2023-02-10,0.0,23.36,62.44,0.38
Hyderabad,2023-02-11,0.0,21.34,31.3,0.38
Hyderabad,2023-02-12,0.0,19.0,20.48,0.38
Hyderabad,2023-02-13,0.0,19.46,19.36,0.38
Hyderabad,2023-02-14,0.0,24.06,34.52,0.38
Hyderabad,2023-02-15,0.0,24.59,32.5,0.38
Hyderabad,2023-02-16,0.0,25.74,31.1,0.38
Hyderabad,2023-02-17,0.0,26.04,22.07,0.38
Hyderabad,2023-02-18,0.0,25.81,25.79,0.38
Hyderabad,2023-02-19,0.0,26.41,26.66,0.38
Hyderabad,2023-02-20,0.0,25.8,44.51,0.38
Hyderabad,2023-02-21,0.0,24.52,30.18,0.38
Hyderabad,2023-02-22,0.0,24.6,53.26,0.38
Hyderabad,2023-02-23,0.0,24.69,51.65,0.38
Hyderabad,2023-02-24,0.0,25.07,49.38,0.38
Hyderabad,2023-02-25,0.0,25.15,43.32,0.38
Hyderabad,2023-02-26,0.0,25.9,53.68,0.38
Hyderabad,2023-02-27,0.0,26.87,38.69,0.38
Hyderabad,2023-02-28,0.0,26.47,36.74,0.38
Hyderabad,2023-03-01,0.0,25.88,40.77,0.38
Hyderabad,2023-03-02,0.0,23.81,42.62,0.38
Hyderabad,2023-03-03,0.0,26.4,37.56,0.38
Hyderabad,2023-03-04,0.0,26.3,36.02,0.38
Hyderabad,2023-03-05,0.0,26.6,32.46,0.38
Hyderabad,2023-03-06,0.0,27.8,27.26,0.38
Hyderabad,2023-03-07,0.0,27.74,26.98,0.38
Hyderabad,2023-03-08,0.0,27.9,34.6,0.38
Hyderabad,2023-03-09,0.0,28.33,24.62,0.38
Hyderabad,2023-03-10,0.0,27.73,25.04,0.38
Hyderabad,2023-03-11,0.0,27.7,24.74,0.38
Hyderabad,2023-03-12,0.0,27.45,25.2,0.38
Hyderabad,2023-03-13,0.0,27.4,21.06,0.38
Hyderabad,2023-03-14,0.0,26.73,25.25,0.38
Hyderabad,2023-03-15,0.0,27.66,52.7,0.38
Hyderabad,2023-03-16,0.0,27.9,49.01,0.38
Hyderabad,2023-03-17,0.22,27.31,45.39,0.38
Hyderabad,2023-03-18,0.04,26.58,40.69,0.38
Hyderabad,2023-03-19,0.52,25.87,45.75,0.38
Hyderabad,2023-03-20,0.0,26.49,43.04,0.38
Hyderabad,2023-03-21,0.02,26.1,49.49,0.38
Hyderabad,2023-03-22,1.02,25.01,59.71,0.38
Hyderabad,2023-03-23,0.43,24.98,63.76,0.38
Hyderabad,2023-03-24,0.0,24.96,47.8,0.38
Hyderabad,2023-03-25,0.0,25.47,46.17,0.38
Hyderabad,2023-03-26,0.0,25.94,40.96,0.38
Hyderabad,2023-03-27,0.0,26.92,38.29,0.38
Hyderabad,2023-03-28,0.0,27.08,48.92,0.38
Hyderabad,2023-03-29,0.01,26.19,57.34,0.38
Hyderabad,2023-03-30,0.04,26.16,53.4,0.38
Hyderabad,2023-03-31,0.38,27.15,51.09,0.38
Hyderabad,2023-04-01,0.0,27.75,54.84,0.38
Hyderabad,2023-04-02,0.0,26.76,58.86,0.38
Hyderabad,2023-04-03,0.02,27.39,57.59,0.38
Hyderabad,2023-04-04,0.39,27.33,50.94,0.38
Hyderabad,2023-04-05,0.0,26.33,45.29,0.38
Hyderabad,2023-04-06,0.0,27.22,46.36,0.38
Hyderabad,2023-04-07,0.0,29.47,33.08,0.38
Hyderabad,2023-04-08,0.0,29.84,24.86,0.38
Hyderabad,2023-04-09,0.0,30.09,34.26,0.38
Hyderabad,2023-04-10,0.0,29.64,37.99,0.38
Hyderabad,2023-04-11,0.0,28.7,52.32,0.38
Hyderabad,2023-04-12,0.02,30.81,40.77,0.38
Hyderabad,2023-04-13,0.0,32.23,36.01,0.38
Hyderabad,2023-04-14,0.0,32.45,40.2,0.38
Hyderabad,2023-04-15,0.0,31.6,49.01,0.38
Hyderabad,2023-04-16,0.0,31.32,51.67,0.38
Hyderabad,2023-04-17,0.0,29.58,53.7,0.38
Hyderabad,2023-04-18,0.0,30.99,42.54,0.38
Hyderabad,2023-04-19,0.0,29.81,36.36,0.38
Hyderabad,2023-04-20,0.0,29.89,31.49,0.38
Hyderabad,2023-04-21,0.0,30.24,39.35,0.38
Hyderabad,2023-04-22,0.0,31.08,38.34,0.38
Hyderabad,2023-04-23,0.0,31.93,31.52,0.38
Hyderabad,2023-04-24,0.0,31.08,21.01,0.38
Hyderabad,2023-04-25,0.0,32.0,29.87,0.38
Hyderabad,2023-04-26,0.0,31.1,21.17,0.38
Hyderabad,2023-04-27,0.02,28.29,54.67,0.38
Hyderabad,2023-04-28,0.29,27.2,62.39,0.38
Hyderabad,2023-04-29,1.82,28.24,48.45,0.38
Hyderabad,2023-04-30,3.27,27.84,49.08,0.39
Hyderabad,2023-05-01,0.12,29.61,45.68,0.39
Hyderabad,2023-05-02,0.04,31.24,48.68,0.39
Hyderabad,2023-05-03,0.0,32.09,45.96,0.39
Hyderabad,2023-05-04,0.0,32.53,41.48,0.38
Hyderabad,2023-05-05,0.19,32.48,40.39,0.38
Hyderabad,2023-05-06,0.0,32.56,35.08,0.38
Hyderabad,2023-05-07,0.0,32.83,43.46,0.38
Hyderabad,2023-05-08,0.0,32.68,43.34,0.38
Hyderabad,2023-05-09,0.0,32.86,48.9,0.38
Hyderabad,2023-05-10,0.0,33.56,32.9,0.38
Hyderabad,2023-05-11,0.0,33.86,42.53,0.38
Hyderabad,2023-05-12,0.0,33.62,44.62,0.38
Hyderabad,2023-05-13,0.0,33.59,46.56,0.38
Hyderabad,2023-05-14,0.0,34.12,50.67,0.38
Hyderabad,2023-05-15,0.18,33.19,52.06,0.38
Hyderabad,2023-05-16,0.0,32.68,58.54,0.38
Hyderabad,2023-05-17,0.02,32.52,58.9,0.38
Hyderabad,2023-05-18,0.0,33.48,53.1,0.38
Hyderabad,2023-05-19,0.0,33.88,48.33,0.38
Hyderabad,2023-05-20,0.0,33.2,48.42,0.38
Hyderabad,2023-05-21,0.0,32.27,57.91,0.38
Hyderabad,2023-05-22,0.0,31.87,61.37,0.38
Hyderabad,2023-05-23,0.0,31.15,65.74,0.38
Hyderabad,2023-05-24,0.06,32.5,60.31,0.38
Hyderabad,2023-05-25,0.12,34.23,54.03,0.38
Hyderabad,2023-05-26,0.0,33.8,54.35,0.38
Hyderabad,2023-05-27,0.0,33.87,54.99,0.38
Hyderabad,2023-05-28,0.0,33.98,51.42,0.38
Hyderabad,2023-05-29,0.41,32.85,54.94,0.38
Hyderabad,2023-05-30,10.32,32.95,50.84,0.39
Hyderabad,2023-05-31,2.51,30.77,59.31,0.4
Hyderabad,2023-06-01,0.0,30.82,65.27,0.4
Hyderabad,2023-06-02,0.0,31.9,62.41,0.4
Hyderabad,2023-06-03,0.0,33.55,53.5,0.4
Hyderabad,2023-06-04,0.0,33.54,54.55,0.39
Hyderabad,2023-06-05,0.0,33.78,54.48,0.39
Hyderabad,2023-06-06,0.0,34.74,53.52,0.39
Hyderabad,2023-06-07,0.0,34.52,54.12,0.39
Hyderabad,2023-06-08,0.0,32.99,57.87,0.39
Hyderabad,2023-06-09,0.0,32.66,57.34,0.39
Hyderabad,2023-06-10,0.0,33.28,52.97,0.39
Hyderabad,2023-06-11,0.0,33.82,54.58,0.38
Hyderabad,2023-06-12,0.0,35.83,46.44,0.38
Hyderabad,2023-06-13,0.21,35.31,46.89,0.38
Hyderabad,2023-06-14,0.18,33.42,55.02,0.38
Hyderabad,2023-06-15,5.18,31.32,62.43,0.39
Hyderabad,2023-06-16,15.21,31.57,65.55,0.4
Hyderabad,2023-06-17,7.0,33.55,62.79,0.43
Hyderabad,2023-06-18,0.45,32.29,64.83,0.43
Hyderabad,2023-06-19,0.0,32.85,61.2,0.42
Hyderabad,2023-06-20,0.0,31.96,63.37,0.42
Hyderabad,2023-06-21,0.0,32.42,62.24,0.41
Hyderabad,2023-06-22,0.0,32.41,62.56,0.41
Hyderabad,2023-06-23,0.0,32.97,61.29,0.41
Hyderabad,2023-06-24,0.0,32.88,62.05,0.4
Hyderabad,2023-06-25,0.0,33.17,60.63,0.4
Hyderabad,2023-06-26,0.0,32.73,62.27,0.4
Hyderabad,2023-06-27,10.45,33.16,64.57,0.41
Hyderabad,2023-06-28,3.43,31.96,68.67,0.42
Hyderabad,2023-06-29,0.29,32.2,68.22,0.42
Hyderabad,2023-06-30,2.99,32.18,67.88,0.42
Hyderabad,2023-07-01,0.0,32.3,66.47,0.42
Hyderabad,2023-07-02,0.0,33.14,63.32,0.42
Hyderabad,2023-07-03,0.0,34.34,57.99,0.41
Hyderabad,2023-07-04,0.0,33.83,57.29,0.41
Hyderabad,2023-07-05,0.0,33.78,59.96,0.41
Hyderabad,2023-07-06,0.5,34.28,56.97,0.4
Hyderabad,2023-07-07,13.72,33.37,61.98,0.41
Hyderabad,2023-07-08,11.05,32.05,68.42,0.44
Hyderabad,2023-07-09,3.4,32.82,63.31,0.44
Hyderabad,2023-07-10,0.24,33.17,62.28,0.44
Hyderabad,2023-07-11,0.0,32.39,62.65,0.43
Hyderabad,2023-07-12,0.0,32.59,61.13,0.43
Hyderabad,2023-07-13,0.0,32.5,60.77,0.43
Hyderabad,2023-07-14,0.0,32.25,63.09,0.42
Hyderabad,2023-07-15,0.0,31.93,64.42,0.42
Hyderabad,2023-07-16,0.0,31.53,65.52,0.42
Hyderabad,2023-07-17,0.0,32.53,63.17,0.41
Hyderabad,2023-07-18,0.0,32.69,61.42,0.41
Hyderabad,2023-07-19,5.0,32.58,61.83,0.41
Hyderabad,2023-07-20,4.35,30.01,73.0,0.42
Hyderabad,2023-07-21,4.9,32.29,66.92,0.43
Hyderabad,2023-07-22,15.77,32.3,69.88,0.44
Hyderabad,2023-07-23,16.98,30.44,78.63,0.47
Hyderabad,2023-07-24,47.95,30.82,79.94,0.52
Hyderabad,2023-07-25,12.87,29.72,80.21,0.57
Hyderabad,2023-07-26,0.7,30.99,74.39,0.57
Hyderabad,2023-07-27,0.37,30.17,76.77,0.56
Hyderabad,2023-07-28,0.86,30.04,74.96,0.55
Hyderabad,2023-07-29,0.33,29.84,74.37,0.55
Hyderabad,2023-07-30,0.08,30.85,72.72,0.54
Hyderabad,2023-07-31,0.0,30.89,73.05,0.54
Hyderabad,2023-08-01,0.0,30.76,72.71,0.53
Hyderabad,2023-08-02,0.0,30.49,71.64,0.53
Hyderabad,2023-08-03,0.0,30.95,68.88,0.52
Hyderabad,2023-08-04,0.0,30.34,72.84,0.52
Hyderabad,2023-08-05,0.0,30.85,70.0,0.51
Hyderabad,2023-08-06,0.0,29.83,72.24,0.51
Hyderabad,2023-08-07,0.0,29.7,70.58,0.5
Hyderabad,2023-08-08,0.0,30.24,68.89,0.5
Hyderabad,2023-08-09,0.0,30.1,69.24,0.49
Hyderabad,2023-08-10,0.0,29.74,70.83,0.49
Hyderabad,2023-08-11,0.0,29.72,70.01,0.49
Hyderabad,2023-08-12,0.0,29.36,70.04,0.48
Hyderabad,2023-08-13,0.0,29.78,68.33,0.48
Hyderabad,2023-08-14,0.0,30.79,66.07,0.47
Hyderabad,2023-08-15,0.0,30.47,67.31,0.47
Hyderabad,2023-08-16,0.0,30.24,67.91,0.47
Hyderabad,2023-08-17,0.0,28.87,65.68,0.46
Hyderabad,2023-08-18,0.0,29.06,64.81,0.46
Hyderabad,2023-08-19,0.0,29.45,66.67,0.46
Hyderabad,2023-08-20,0.0,29.69,65.43,0.45
Hyderabad,2023-08-21,0.0,30.25,64.79,0.45
Hyderabad,2023-08-22,0.0,29.68,65.95,0.45
Hyderabad,2023-08-23,0.0,29.47,67.43,0.44
Hyderabad,2023-08-24,0.0,29.76,65.82,0.44
Hyderabad,2023-08-25,0.0,29.17,65.52,0.44
Hyderabad,2023-08-26,0.0,29.13,68.65,0.44
Hyderabad,2023-08-27,0.0,29.21,67.47,0.43
Hyderabad,2023-08-28,0.0,28.91,67.3,0.43
Hyderabad,2023-08-29,0.0,29.77,66.05,0.43
Hyderabad,2023-08-30,0.0,30.27,65.08,0.43
Hyderabad,2023-08-31,0.0,30.1,62.53,0.42
Hyderabad,2023-09-01,0.0,29.54,62.37,0.42
Hyderabad,2023-09-02,0.0,29.09,63.33,0.42
Hyderabad,2023-09-03,0.0,29.26,63.2,0.42
Hyderabad,2023-09-04,0.0,29.75,62.97,0.41
Hyderabad,2023-09-05,0.0,30.84,61.01,0.41
Hyderabad,2023-09-06,0.0,31.86,56.78,0.41
Hyderabad,2023-09-07,0.0,32.22,53.78,0.41
Hyderabad,2023-09-08,0.0,32.14,56.51,0.41
Hyderabad,2023-09-09,1.25,31.75,59.75,0.41
Hyderabad,2023-09-10,0.0,31.6,57.05,0.4
Hyderabad,2023-09-11,0.0,30.39,61.16,0.4
Hyderabad,2023-09-12,0.0,30.32,62.75,0.4
Hyderabad,2023-09-13,0.0,30.99,61.95,0.4
Hyderabad,2023-09-14,0.0,31.94,59.38,0.4
Hyderabad,2023-09-15,0.0,32.1,57.14,0.4
Hyderabad,2023-09-16,0.0,32.54,57.05,0.4
Hyderabad,2023-09-17,5.28,32.81,58.04,0.4
Hyderabad,2023-09-18,1.84,33.11,58.27,0.4
Hyderabad,2023-09-19,2.2,33.85,54.36,0.4
Hyderabad,2023-09-20,10.21,31.93,65.33,0.42
Hyderabad,2023-09-21,2.14,32.5,65.49,0.42
Hyderabad,2023-09-22,0.01,32.71,62.55,0.42
Hyderabad,2023-09-23,0.0,32.33,61.18,0.41
Hyderabad,2023-09-24,0.0,31.25,54.39,0.41
Hyderabad,2023-09-25,0.0,29.87,56.21,0.41
Hyderabad,2023-09-26,0.0,30.21,55.15,0.41
Hyderabad,2023-09-27,0.0,31.47,50.18,0.4
Hyderabad,2023-09-28,0.0,32.39,45.6,0.4
Hyderabad,2023-09-29,0.0,31.34,48.73,0.4
Hyderabad,2023-09-30,0.0,30.47,30.25,0.4
Hyderabad,2023-10-01,0.0,30.49,19.73,0.4
Hyderabad,2023-10-02,0.0,30.5,24.4,0.39
Hyderabad,2023-10-03,0.0,30.05,50.56,0.39
Hyderabad,2023-10-04,0.0,29.87,60.37,0.39
Hyderabad,2023-10-05,0.0,30.48,62.49,0.39
Hyderabad,2023-10-06,0.0,30.43,62.1,0.39
Hyderabad,2023-10-07,0.0,30.92,61.99,0.39
Hyderabad,2023-10-08,0.0,31.39,59.16,0.39
Hyderabad,2023-10-09,0.0,31.05,58.53,0.39
Hyderabad,2023-10-10,0.0,31.26,52.52,0.39
Hyderabad,2023-10-11,0.0,30.32,50.79,0.39
Hyderabad,2023-10-12,0.0,30.25,59.77,0.38
Hyderabad,2023-10-13,0.0,30.2,57.77,0.38
Hyderabad,2023-10-14,0.0,30.1,59.06,0.38
Hyderabad,2023-10-15,0.04,30.06,57.93,0.38
Hyderabad,2023-10-16,0.5,29.02,65.28,0.38
Hyderabad,2023-10-17,0.15,29.52,54.38,0.38
Hyderabad,2023-10-18,0.0,28.5,50.23,0.38
Hyderabad,2023-10-19,0.0,29.66,46.56,0.38
Hyderabad,2023-10-20,0.0,30.12,53.95,0.38
Hyderabad,2023-10-21,0.0,30.35,49.1,0.38
Hyderabad,2023-10-22,0.0,28.87,46.19,0.38
Hyderabad,2023-10-23,0.0,29.79,46.22,0.38
Hyderabad,2023-10-24,0.0,30.57,43.16,0.38
Hyderabad,2023-10-25,0.0,30.23,44.28,0.38
Hyderabad,2023-10-26,0.79,30.02,45.65,0.38
Hyderabad,2023-10-27,0.0,28.76,55.02,0.38
Hyderabad,2023-10-28,0.93,29.72,47.38,0.38
Hyderabad,2023-10-29,0.0,29.26,36.99,0.38
Hyderabad,2023-10-30,0.0,29.1,44.85,0.38
Hyderabad,2023-10-31,0.0,30.63,30.61,0.38
Hyderabad,2023-11-01,0.0,30.1,33.93,0.38
Hyderabad,2023-11-02,0.0,30.24,30.77,0.38
Hyderabad,2023-11-03,0.0,28.92,34.55,0.38
Hyderabad,2023-11-04,0.0,28.71,47.03,0.38
Hyderabad,2023-11-05,0.0,29.11,39.68,0.38
Hyderabad,2023-11-06,0.0,28.66,33.1,0.38
Hyderabad,2023-11-07,0.0,27.83,32.95,0.38
Hyderabad,2023-11-08,0.0,28.14,35.56,0.38
Hyderabad,2023-11-09,0.0,28.61,35.57,0.38
Hyderabad,2023-11-10,0.0,26.28,29.02,0.38
Hyderabad,2023-11-11,0.0,23.98,27.48,0.38
Hyderabad,2023-11-12,0.0,25.8,20.36,0.38
Hyderabad,2023-11-13,0.0,23.26,22.14,0.38
Hyderabad,2023-11-14,0.0,23.44,26.79,0.38
Hyderabad,2023-11-15,0.0,22.24,33.35,0.38
Hyderabad,2023-11-16,0.0,22.27,29.46,0.38
Hyderabad,2023-11-17,0.0,20.76,29.43,0.38
Hyderabad,2023-11-18,0.0,20.58,33.42,0.38
Hyderabad,2023-11-19,0.0,21.46,34.51,0.38
Hyderabad,2023-11-20,0.0,21.78,38.5,0.38
Hyderabad,2023-11-21,0.0,22.26,38.38,0.38
Hyderabad,2023-11-22,0.0,23.16,38.86,0.38
Hyderabad,2023-11-23,0.0,24.58,54.73,0.38
Hyderabad,2023-11-24,0.0,23.75,37.98,0.38
Hyderabad,2023-11-25,0.0,22.39,37.75,0.38
Hyderabad,2023-11-26,5.69,21.07,45.46,0.39
Hyderabad,2023-11-27,2.49,19.15,58.13,0.39
Hyderabad,2023-11-28,0.0,19.45,58.38,0.39
Hyderabad,2023-11-29,0.0,19.97,48.83,0.39
Hyderabad,2023-11-30,0.0,21.38,45.04,0.39
Hyderabad,2023-12-01,0.0,20.92,46.58,0.39
Hyderabad,2023-12-02,0.0,19.71,48.23,0.39
Hyderabad,2023-12-03,0.0,19.57,44.99,0.39
Hyderabad,2023-12-04,0.0,20.32,37.05,0.39
Hyderabad,2023-12-05,0.0,19.87,34.43,0.39
Hyderabad,2023-12-06,0.0,18.53,37.76,0.39
Hyderabad,2023-12-07,0.0,18.5,39.57,0.39
Hyderabad,2023-12-08,0.0,20.37,34.94,0.39
Hyderabad,2023-12-09,0.0,20.01,45.38,0.39
Hyderabad,2023-12-10,0.0,19.48,22.7,0.39
Hyderabad,2023-12-11,0.0,19.94,49.77,0.39
Hyderabad,2023-12-12,0.0,19.15,26.73,0.38
Hyderabad,2023-12-13,0.0,18.09,25.74,0.38
Hyderabad,2023-12-14,0.0,18.4,27.32,0.38
Hyderabad,2023-12-15,0.0,18.59,28.09,0.38
Hyderabad,2023-12-16,0.0,19.73,39.56,0.38
Hyderabad,2023-12-17,0.0,17.83,32.0,0.38
Hyderabad,2023-12-18,0.0,16.93,30.38,0.38
Hyderabad,2023-12-19,0.0,16.88,33.12,0.38
Hyderabad,2023-12-20,0.0,17.64,27.52,0.38
Hyderabad,2023-12-21,0.0,18.51,22.87,0.38
Hyderabad,2023-12-22,0.0,20.25,23.03,0.38
Hyderabad,2023-12-23,0.0,19.02,22.6,0.38
Hyderabad,2023-12-24,0.0,17.96,24.88,0.38
Hyderabad,2023-12-25,0.0,17.58,29.08,0.38
Hyderabad,2023-12-26,0.0,19.17,29.72,0.38
Hyderabad,2023-12-27,0.0,18.76,30.16,0.38
Hyderabad,2023-12-28,0.0,18.42,31.43,0.38
Hyderabad,2023-12-29,0.0,18.75,31.36,0.38
Hyderabad,2023-12-30,0.0,18.01,31.88,0.38
Hyderabad,2023-12-31,0.0,17.63,34.06,0.38
Hyderabad,2024-01-01,0.0,17.48,33.74,0.38
Hyderabad,2024-01-02,0.0,17.75,35.38,0.38
Hyderabad,2024-01-03,0.0,18.08,33.3,0.38
Hyderabad,2024-01-04,0.0,16.28,33.03,0.38
Hyderabad,2024-01-05,0.01,16.18,37.57,0.38
Hyderabad,2024-01-06,0.04,16.72,42.33,0.38
Hyderabad,2024-01-07,0.0,16.38,44.29,0.38
Hyderabad,2024-01-08,0.0,16.84,42.73,0.38
Hyderabad,2024-01-09,0.0,15.23,44.2,0.38
Hyderabad,2024-01-10,8.75,13.6,56.32,0.4
Hyderabad,2024-01-11,0.0,16.58,40.67,0.4
Hyderabad,2024-01-12,0.0,17.58,35.46,0.4
Hyderabad,2024-01-13,0.0,17.21,48.0,0.4
Hyderabad,2024-01-14,0.0,17.39,48.01,0.39
Hyderabad,2024-01-15,0.0,18.71,48.28,0.39
Hyderabad,2024-01-16,0.0,18.43,65.63,0.39
Hyderabad,2024-01-17,0.0,18.09,42.71,0.39
Hyderabad,2024-01-18,0.0,17.83,40.55,0.39
Hyderabad,2024-01-19,0.0,19.73,39.3,0.39
Hyderabad,2024-01-20,0.0,20.56,55.85,0.39
Hyderabad,2024-01-21,0.0,20.73,56.34,0.39
Hyderabad,2024-01-22,0.0,20.48,56.67,0.39
Hyderabad,2024-01-23,0.0,16.85,42.17,0.39
Hyderabad,2024-01-24,0.0,16.74,23.47,0.39
Hyderabad,2024-01-25,0.0,18.8,25.88,0.39
Hyderabad,2024-01-26,0.0,17.17,38.82,0.39
Hyderabad,2024-01-27,0.0,18.28,36.91,0.39
Hyderabad,2024-01-28,0.0,19.34,54.9,0.39
Hyderabad,2024-01-29,0.0,22.7,65.28,0.39
Hyderabad,2024-01-30,0.02,22.21,66.0,0.39
Hyderabad,2024-01-31,0.05,22.19,64.83,0.39
Hyderabad,2024-02-01,0.0,20.55,39.89,0.38
Hyderabad,2024-02-02,0.57,19.87,38.91,0.39
Hyderabad,2024-02-03,1.28,20.8,55.54,0.39
Hyderabad,2024-02-04,9.92,21.57,68.99,0.41
Hyderabad,2024-02-05,0.4,18.85,55.52,0.41
Hyderabad,2024-02-06,0.0,19.15,52.82,0.4
Hyderabad,2024-02-07,0.0,19.7,57.29,0.4
Hyderabad,2024-02-08,0.0,18.17,37.45,0.4
Hyderabad,2024-02-09,0.0,18.77,39.55,0.4
Hyderabad,2024-02-10,0.0,19.95,57.55,0.4
Hyderabad,2024-02-11,0.0,18.97,31.07,0.4
Hyderabad,2024-02-12,0.0,19.46,27.21,0.39
Hyderabad,2024-02-13,0.0,20.49,27.06,0.39
Hyderabad,2024-02-14,0.0,20.56,35.94,0.39
Hyderabad,2024-02-15,0.0,21.61,25.58,0.39
Hyderabad,2024-02-16,0.0,21.52,27.28,0.39
Hyderabad,2024-02-17,0.0,21.99,25.38,0.39
Hyderabad,2024-02-18,0.0,22.22,61.12,0.39
Hyderabad,2024-02-19,0.0,24.08,71.02,0.39
Hyderabad,2024-02-20,0.0,21.44,49.11,0.39
Hyderabad,2024-02-21,0.0,20.99,45.51,0.39
Hyderabad,2024-02-22,0.0,20.07,24.8,0.39
Hyderabad,2024-02-23,0.0,19.03,18.99,0.38
Hyderabad,2024-02-24,0.0,19.91,21.63,0.38
Hyderabad,2024-02-25,0.0,18.95,17.3,0.38
Hyderabad,2024-02-26,0.0,19.68,27.11,0.38
Hyderabad,2024-02-27,0.0,18.91,45.37,0.38
Hyderabad,2024-02-28,0.0,21.56,41.86,0.38
Hyderabad,2024-02-29,0.0,23.97,34.45,0.38
Hyderabad,2024-03-01,4.02,21.51,57.57,0.38
Hyderabad,2024-03-02,0.08,17.3,31.86,0.39
Hyderabad,2024-03-03,0.0,14.75,27.06,0.39
Hyderabad,2024-03-04,0.0,15.52,23.86,0.39
Hyderabad,2024-03-05,0.0,16.65,20.23,0.39
Hyderabad,2024-03-06,0.0,19.69,33.56,0.39
Hyderabad,2024-03-07,0.0,21.37,44.18,0.39
Hyderabad,2024-03-08,0.0,21.68,29.6,0.39
Hyderabad,2024-03-09,0.0,22.68,26.18,0.38
Hyderabad,2024-03-10,0.66,23.53,26.62,0.39
Hyderabad,2024-03-11,0.0,24.11,44.14,0.38
Hyderabad,2024-03-12,0.01,24.92,58.73,0.38
Hyderabad,2024-03-13,0.04,23.93,45.62,0.38
Hyderabad,2024-03-14,0.0,22.45,20.36,0.38
Hyderabad,2024-03-15,0.0,23.1,22.09,0.38
Hyderabad,2024-03-16,0.0,24.43,22.24,0.38
Hyderabad,2024-03-17,0.0,25.54,20.58,0.38
Hyderabad,2024-03-18,0.0,27.12,21.88,0.38
Hyderabad,2024-03-19,0.0,29.17,23.87,0.38
Hyderabad,2024-03-20,0.0,28.42,31.74,0.38
Hyderabad,2024-03-21,0.0,29.36,35.7,0.38
Hyderabad,2024-03-22,0.0,28.88,49.36,0.38
Hyderabad,2024-03-23,0.0,29.5,48.51,0.38
Hyderabad,2024-03-24,0.0,30.42,50.86,0.38
Hyderabad,2024-03-25,0.0,31.36,39.68,0.38
Hyderabad,2024-03-26,0.0,31.58,43.19,0.38
Hyderabad,2024-03-27,0.0,29.9,54.98,0.38
Hyderabad,2024-03-28,0.0,29.4,47.18,0.38
Hyderabad,2024-03-29,0.0,26.89,42.98,0.38
Hyderabad,2024-03-30,0.0,26.79,52.88,0.38
Hyderabad,2024-03-31,0.0,27.08,22.22,0.38
Hyderabad,2024-04-01,0.0,27.88,18.06,0.38
Hyderabad,2024-04-02,0.0,28.94,45.13,0.38
Hyderabad,2024-04-03,0.0,28.63,53.92,0.38
Hyderabad,2024-04-04,0.0,29.8,40.93,0.38
Hyderabad,2024-04-05,0.0,30.32,39.05,0.38
Hyderabad,2024-04-06,0.0,30.39,39.58,0.38
Hyderabad,2024-04-07,0.86,31.07,34.31,0.38
Hyderabad,2024-04-08,0.0,31.92,27.2,0.38
Hyderabad,2024-04-09,0.0,31.85,27.69,0.38
Hyderabad,2024-04-10,0.0,31.41,31.6,0.38
Hyderabad,2024-04-11,0.0,31.45,39.93,0.38
Hyderabad,2024-04-12,0.0,30.94,41.73,0.38
Hyderabad,2024-04-13,0.26,29.4,55.14,0.38
Hyderabad,2024-04-14,1.2,27.44,55.12,0.38
Hyderabad,2024-04-15,0.01,27.33,59.26,0.38
Hyderabad,2024-04-16,0.0,30.1,40.31,0.38
Hyderabad,2024-04-17,0.0,31.51,28.1,0.38
Hyderabad,2024-04-18,0.0,29.0,51.77,0.38
Hyderabad,2024-04-19,0.0,27.58,58.16,0.38
Hyderabad,2024-04-20,0.0,29.0,49.18,0.38
Hyderabad,2024-04-21,0.0,29.73,42.51,0.38
Hyderabad,2024-04-22,0.0,30.75,37.84,0.38
Hyderabad,2024-04-23,0.0,31.23,45.63,0.38
Hyderabad,2024-04-24,0.0,31.51,49.72,0.38
Hyderabad,2024-04-25,0.0,30.45,48.88,0.38
Hyderabad,2024-04-26,0.0,29.86,48.7,0.38
Hyderabad,2024-04-27,0.0,30.42,48.78,0.38
Hyderabad,2024-04-28,0.0,31.59,42.74,0.38
Hyderabad,2024-04-29,0.0,31.6,18.01,0.38
Hyderabad,2024-04-30,0.0,30.28,9.84,0.38
Hyderabad,2024-05-01,0.0,29.3,12.46,0.38
Hyderabad,2024-05-02,0.0,30.15,20.94,0.38
Hyderabad,2024-05-03,0.0,30.76,44.71,0.38
Hyderabad,2024-05-04,0.0,31.51,48.34,0.38
Hyderabad,2024-05-05,0.0,32.5,49.96,0.38
Hyderabad,2024-05-06,0.0,34.33,44.14,0.38
Hyderabad,2024-05-07,0.0,35.18,34.68,0.38
Hyderabad,2024-05-08,0.0,34.95,40.38,0.38
Hyderabad,2024-05-09,0.0,35.07,35.48,0.38
Hyderabad,2024-05-10,0.0,33.37,47.93,0.38
Hyderabad,2024-05-11,0.0,32.22,50.2,0.38
Hyderabad,2024-05-12,0.0,33.91,45.59,0.38
Hyderabad,2024-05-13,0.03,34.05,44.82,0.38
Hyderabad,2024-05-14,2.77,33.44,47.74,0.38
Hyderabad,2024-05-15,0.0,34.53,41.05,0.38
Hyderabad,2024-05-16,0.0,35.19,36.83,0.38
Hyderabad,2024-05-17,0.0,35.76,29.06,0.38
Hyderabad,2024-05-18,0.0,35.0,36.46,0.38
Hyderabad,2024-05-19,0.0,34.54,33.9,0.38
Hyderabad,2024-05-20,0.0,34.14,53.75,0.38
Hyderabad,2024-05-21,0.0,36.74,41.53,0.38
Hyderabad,2024-05-22,0.0,38.02,32.56,0.38
Hyderabad,2024-05-23,0.0,37.12,38.27,0.38
Hyderabad,2024-05-24,0.0,37.06,38.88,0.38
Hyderabad,2024-05-25,0.0,36.88,44.43,0.38
Hyderabad,2024-05-26,0.0,36.93,40.94,0.38
Hyderabad,2024-05-27,0.0,36.74,46.47,0.38
Hyderabad,2024-05-28,0.0,36.6,46.72,0.38
Hyderabad,2024-05-29,0.0,37.07,29.72,0.38
Hyderabad,2024-05-30,0.0,38.25,18.87,0.38
Hyderabad,2024-05-31,0.0,35.67,51.71,0.38
Hyderabad,2024-06-01,0.0,34.79,49.63,0.38
Hyderabad,2024-06-02,0.0,34.46,48.93,0.38
Hyderabad,2024-06-03,0.0,33.92,53.03,0.38
Hyderabad,2024-06-04,0.0,32.91,57.97,0.38
Hyderabad,2024-06-05,0.0,32.79,58.46,0.38
Hyderabad,2024-06-06,0.33,33.94,56.83,0.38
Hyderabad,2024-06-07,1.66,34.2,54.68,0.38
Hyderabad,2024-06-08,0.14,34.1,50.25,0.38
Hyderabad,2024-06-09,0.0,34.12,48.9,0.38
Hyderabad,2024-06-10,0.0,35.07,46.18,0.38
Hyderabad,2024-06-11,0.0,33.75,52.59,0.38
Hyderabad,2024-06-12,0.0,33.24,55.98,0.38
Hyderabad,2024-06-13,0.0,33.64,55.99,0.38
Hyderabad,2024-06-14,0.0,33.65,56.66,0.38
Hyderabad,2024-06-15,0.0,34.91,54.36,0.38
Hyderabad,2024-06-16,0.0,35.0,51.96,0.38
Hyderabad,2024-06-17,0.0,34.6,52.2,0.38
Hyderabad,2024-06-18,0.0,34.29,54.65,0.38
Hyderabad,2024-06-19,0.0,34.85,52.75,0.38
Hyderabad,2024-06-20,0.0,35.26,55.39,0.38
Hyderabad,2024-06-21,0.01,35.17,53.92,0.38
Hyderabad,2024-06-22,0.0,36.51,46.57,0.38
Hyderabad,2024-06-23,0.0,38.06,35.68,0.38
Hyderabad,2024-06-24,0.0,39.1,31.82,0.38
Hyderabad,2024-06-25,0.0,39.55,34.61,0.38
Hyderabad,2024-06-26,0.04,38.28,40.56,0.38
Hyderabad,2024-06-27,0.41,37.44,42.86,0.38
Hyderabad,2024-06-28,4.2,36.18,46.31,0.39
Hyderabad,2024-06-29,0.0,35.08,52.99,0.39
Hyderabad,2024-06-30,0.05,35.11,55.75,0.39
Hyderabad,2024-07-01,0.07,34.43,56.77,0.39
Hyderabad,2024-07-02,0.0,34.84,57.06,0.39
Hyderabad,2024-07-03,0.0,35.64,54.94,0.38
Hyderabad,2024-07-04,0.0,35.31,54.52,0.38
Hyderabad,2024-07-05,0.0,34.54,55.99,0.38
Hyderabad,2024-07-06,0.0,34.46,57.78,0.38
Hyderabad,2024-07-07,0.0,36.43,52.17,0.38
Hyderabad,2024-07-08,0.49,35.49,54.54,0.38
Hyderabad,2024-07-09,1.44,35.27,53.69,0.39
Hyderabad,2024-07-10,0.32,34.55,58.23,0.39
Hyderabad,2024-07-11,0.0,33.76,61.3,0.39
Hyderabad,2024-07-12,0.0,32.8,64.32,0.39
Hyderabad,2024-07-13,0.0,33.9,60.54,0.38
Hyderabad,2024-07-14,0.0,34.77,58.11,0.38
Hyderabad,2024-07-15,2.69,35.75,53.07,0.38
Hyderabad,2024-07-16,0.27,36.83,49.02,0.39
Hyderabad,2024-07-17,0.94,37.23,49.98,0.39
Hyderabad,2024-07-18,12.63,34.31,62.38,0.4
Hyderabad,2024-07-19,4.37,32.92,67.51,0.41
Hyderabad,2024-07-20,1.79,34.67,61.91,0.41
Hyderabad,2024-07-21,0.5,35.57,57.73,0.41
Hyderabad,2024-07-22,1.1,34.2,61.83,0.41
Hyderabad,2024-07-23,2.2,33.49,67.02,0.41
Hyderabad,2024-07-24,0.72,32.78,66.98,0.41
Hyderabad,2024-07-25,0.0,33.56,65.84,0.4
Hyderabad,2024-07-26,0.0,33.94,63.31,0.4
Hyderabad,2024-07-27,0.0,33.52,61.45,0.4
Hyderabad,2024-07-28,0.0,33.48,60.15,0.4
Hyderabad,2024-07-29,9.51,33.13,63.92,0.4
Hyderabad,2024-07-30,6.36,32.95,65.98,0.41
Hyderabad,2024-07-31,2.52,31.61,72.53,0.42
Hyderabad,2024-08-01,0.3,31.21,73.96,0.42
Hyderabad,2024-08-02,1.82,30.88,75.68,0.42
Hyderabad,2024-08-03,12.16,30.11,78.13,0.43
Hyderabad,2024-08-04,30.5,30.41,77.29,0.48
Hyderabad,2024-08-05,18.35,30.45,76.32,0.51
Hyderabad,2024-08-06,1.17,30.64,70.95,0.51
Hyderabad,2024-08-07,0.01,29.84,71.26,0.5
Hyderabad,2024-08-08,0.0,31.09,69.04,0.5
Hyderabad,2024-08-09,0.0,31.47,70.53,0.49
Hyderabad,2024-08-10,0.01,30.67,72.84,0.49
Hyderabad,2024-08-11,0.08,30.96,70.61,0.49
Hyderabad,2024-08-12,0.02,31.15,71.25,0.48
Hyderabad,2024-08-13,0.01,32.12,68.38,0.48
Hyderabad,2024-08-14,0.0,31.9,66.83,0.48
Hyderabad,2024-08-15,0.02,31.54,68.48,0.47
Hyderabad,2024-08-16,0.98,30.2,72.65,0.47
Hyderabad,2024-08-17,14.73,29.77,77.34,0.48
Hyderabad,2024-08-18,5.54,30.45,72.93,0.5
Hyderabad,2024-08-19,0.95,30.64,70.53,0.49
Hyderabad,2024-08-20,0.18,30.89,69.38,0.49
Hyderabad,2024-08-21,0.0,31.17,69.0,0.48
Hyderabad,2024-08-22,0.0,31.26,67.03,0.48
Hyderabad,2024-08-23,0.0,31.39,66.1,0.48
Hyderabad,2024-08-24,2.45,31.93,64.97,0.47
Hyderabad,2024-08-25,0.26,31.87,63.77,0.47
Hyderabad,2024-08-26,2.54,32.05,65.83,0.47
Hyderabad,2024-08-27,25.26,30.86,73.76,0.49
Hyderabad,2024-08-28,46.14,28.17,85.45,0.55
Hyderabad,2024-08-29,39.24,28.65,84.36,0.63
Hyderabad,2024-08-30,7.67,27.91,84.01,0.65
Hyderabad,2024-08-31,2.68,28.05,80.67,0.64
Hyderabad,2024-09-01,0.0,28.66,79.14,0.63
Hyderabad,2024-09-02,0.0,29.34,75.95,0.62
Hyderabad,2024-09-03,1.44,29.45,72.97,0.62
Hyderabad,2024-09-04,4.55,28.73,79.51,0.62
Hyderabad,2024-09-05,0.13,29.32,76.82,0.61
Hyderabad,2024-09-06,0.0,29.1,76.0,0.61
Hyderabad,2024-09-07,0.0,29.08,75.78,0.6
Hyderabad,2024-09-08,0.0,29.55,74.3,0.59
Hyderabad,2024-09-09,0.0,29.31,74.47,0.59
Hyderabad,2024-09-10,0.0,29.17,74.56,0.58
Hyderabad,2024-09-11,0.0,29.48,71.44,0.57
Hyderabad,2024-09-12,0.0,29.08,72.96,0.57
Hyderabad,2024-09-13,0.0,27.95,74.43,0.56
Hyderabad,2024-09-14,0.0,28.04,73.14,0.55
Hyderabad,2024-09-15,0.0,28.44,74.13,0.55
Hyderabad,2024-09-16,0.0,28.48,73.53,0.54
Hyderabad,2024-09-17,0.0,28.72,74.97,0.54
Hyderabad,2024-09-18,0.0,29.49,72.43,0.54
Hyderabad,2024-09-19,0.09,30.16,67.82,0.53
Hyderabad,2024-09-20,0.1,30.39,66.39,0.53
Hyderabad,2024-09-21,0.0,30.38,65.96,0.52
Hyderabad,2024-09-22,0.0,30.66,67.68,0.52
Hyderabad,2024-09-23,0.0,30.77,67.78,0.51
Hyderabad,2024-09-24,0.0,31.27,66.78,0.51
Hyderabad,2024-09-25,0.0,30.73,65.99,0.5
Hyderabad,2024-09-26,0.0,31.15,64.72,0.5
Hyderabad,2024-09-27,0.0,32.06,62.14,0.49
Hyderabad,2024-09-28,0.0,31.3,64.38,0.49
Hyderabad,2024-09-29,0.0,30.54,67.22,0.48
Hyderabad,2024-09-30,0.0,30.38,66.56,0.48
Hyderabad,2024-10-01,0.0,30.17,67.43,0.48
Hyderabad,2024-10-02,0.0,30.71,66.67,0.47
Hyderabad,2024-10-03,0.0,30.32,68.29,0.47
Hyderabad,2024-10-04,0.16,29.75,67.12,0.47
Hyderabad,2024-10-05,0.18,29.64,71.3,0.46
Hyderabad,2024-10-06,0.0,30.01,66.15,0.46
Hyderabad,2024-10-07,0.0,30.48,56.9,0.46
Hyderabad,2024-10-08,0.0,30.91,50.01,0.45
Hyderabad,2024-10-09,0.0,31.1,46.7,0.45
Hyderabad,2024-10-10,0.01,30.86,42.65,0.45
Hyderabad,2024-10-11,0.03,30.52,39.54,0.45
Hyderabad,2024-10-12,0.39,30.59,44.73,0.44
Hyderabad,2024-10-13,0.36,30.09,56.22,0.44
Hyderabad,2024-10-14,0.04,29.57,61.81,0.44
Hyderabad,2024-10-15,0.0,31.0,49.61,0.43
Hyderabad,2024-10-16,0.0,31.0,45.73,0.43
Hyderabad,2024-10-17,0.0,30.87,58.17,0.43
Hyderabad,2024-10-18,0.0,30.56,52.92,0.43
Hyderabad,2024-10-19,0.0,30.78,35.18,0.42
Hyderabad,2024-10-20,0.0,30.41,38.06,0.42
Hyderabad,2024-10-21,0.01,29.64,42.74,0.42
Hyderabad,2024-10-22,0.0,29.23,45.07,0.42
Hyderabad,2024-10-23,0.0,29.86,40.01,0.41
Hyderabad,2024-10-24,0.0,29.74,39.49,0.41
Hyderabad,2024-10-25,0.0,30.52,40.5,0.41
Hyderabad,2024-10-26,0.0,30.85,46.6,0.41
Hyderabad,2024-10-27,0.0,30.73,41.47,0.41
Hyderabad,2024-10-28,0.0,30.14,32.8,0.4
Hyderabad,2024-10-29,0.0,29.13,43.01,0.4
Hyderabad,2024-10-30,0.0,28.55,49.99,0.4
Hyderabad,2024-10-31,0.0,28.69,53.16,0.4
Hyderabad,2024-11-01,0.0,29.13,53.4,0.4
Hyderabad,2024-11-02,0.0,29.09,58.2,0.4
Hyderabad,2024-11-03,0.0,28.5,59.08,0.4
Hyderabad,2024-11-04,0.0,28.79,58.34,0.4
Hyderabad,2024-11-05,0.0,28.65,60.98,0.39
Hyderabad,2024-11-06,0.0,28.79,54.98,0.39
Hyderabad,2024-11-07,0.0,28.39,54.98,0.39
Hyderabad,2024-11-08,0.0,28.27,62.37,0.39
Hyderabad,2024-11-09,0.0,27.84,58.5,0.39
Hyderabad,2024-11-10,0.0,27.71,60.79,0.39
Hyderabad,2024-11-11,0.0,27.73,58.53,0.39
Hyderabad,2024-11-12,0.0,26.81,47.12,0.39
Hyderabad,2024-11-13,0.0,25.95,32.8,0.39
Hyderabad,2024-11-14,0.0,26.38,47.17,0.39
Hyderabad,2024-11-15,0.0,26.48,38.64,0.39
Hyderabad,2024-11-16,0.0,25.1,40.19,0.39
Hyderabad,2024-11-17,0.0,24.01,28.82,0.38
Hyderabad,2024-11-18,0.0,24.4,29.14,0.38
Hyderabad,2024-11-19,0.0,25.55,35.91,0.38
Hyderabad,2024-11-20,0.0,25.48,37.2,0.38
Hyderabad,2024-11-21,0.0,25.01,49.72,0.38
Hyderabad,2024-11-22,0.0,24.48,51.37,0.38
Hyderabad,2024-11-23,0.0,24.89,45.61,0.38
Hyderabad,2024-11-24,0.0,24.72,30.98,0.38
Hyderabad,2024-11-25,0.0,24.48,28.33,0.38
Hyderabad,2024-11-26,0.0,24.86,43.15,0.38
Hyderabad,2024-11-27,0.0,25.02,56.38,0.38
Hyderabad,2024-11-28,0.0,25.8,37.3,0.38
Hyderabad,2024-11-29,0.0,24.82,38.68,0.38
Hyderabad,2024-11-30,0.0,23.45,35.7,0.38
Hyderabad,2024-12-01,0.0,22.42,36.24,0.38
Hyderabad,2024-12-02,0.0,22.36,39.48,0.38
Hyderabad,2024-12-03,0.0,22.67,48.72,0.38
Hyderabad,2024-12-04,0.0,22.34,48.53,0.38
Hyderabad,2024-12-05,0.0,22.1,41.32,0.38
Hyderabad,2024-12-06,0.0,20.56,23.84,0.38
Hyderabad,2024-12-07,0.0,18.55,13.88,0.38
Hyderabad,2024-12-08,0.0,18.41,12.71,0.38
Hyderabad,2024-12-09,0.0,16.31,13.52,0.38
Hyderabad,2024-12-10,0.0,16.12,14.51,0.38
Hyderabad,2024-12-11,0.0,16.03,21.07,0.38
Hyderabad,2024-12-12,0.0,14.97,21.25,0.38
Hyderabad,2024-12-13,0.0,15.22,22.46,0.38
Hyderabad,2024-12-14,0.0,15.12,23.17,0.38
Hyderabad,2024-12-15,0.0,16.31,19.44,0.38
Hyderabad,2024-12-16,0.0,16.78,19.11,0.38
Hyderabad,2024-12-17,0.0,15.69,29.28,0.38
Hyderabad,2024-12-18,0.0,15.52,21.83,0.38
Hyderabad,2024-12-19,0.0,15.18,27.1,0.38
Hyderabad,2024-12-20,0.0,14.17,22.29,0.38
Hyderabad,2024-12-21,0.0,13.38,28.57,0.38
Hyderabad,2024-12-22,0.0,14.38,27.39,0.38
Hyderabad,2024-12-23,0.0,15.05,26.19,0.38
Hyderabad,2024-12-24,0.0,13.78,41.47,0.38
Hyderabad,2024-12-25,0.0,14.34,49.63,0.38
Hyderabad,2024-12-26,0.0,14.44,44.47,0.38
Hyderabad,2024-12-27,0.0,15.04,31.81,0.38
Hyderabad,2024-12-28,0.0,16.06,18.51,0.38
Hyderabad,2024-12-29,0.0,15.3,26.04,0.38
Hyderabad,2024-12-30,0.0,14.74,33.34,0.38
Hyderabad,2024-12-31,0.0,16.37,27.46,0.38
Faisalabad,2020-01-01,0.0,8.76,49.35,0.35
Faisalabad,2020-01-02,0.0,11.12,45.23,0.35
Faisalabad,2020-01-03,0.0,11.61,47.18,0.35
Faisalabad,2020-01-04,0.0,12.3,48.45,0.35
Faisalabad,2020-01-05,0.22,9.69,60.86,0.35
Faisalabad,2020-01-06,10.93,8.94,86.65,0.36
Faisalabad,2020-01-07,0.3,10.62,76.7,0.37
Faisalabad,2020-01-08,0.94,9.59,66.83,0.37
Faisalabad,2020-01-09,0.0,9.59,52.63,0.37
Faisalabad,2020-01-10,0.0,8.59,42.18,0.36
Faisalabad,2020-01-11,0.0,11.56,35.49,0.36
Faisalabad,2020-01-12,0.0,11.7,39.42,0.36
Faisalabad,2020-01-13,16.45,8.12,81.19,0.38
Faisalabad,2020-01-14,0.3,8.93,71.73,0.39
Faisalabad,2020-01-15,0.0,9.56,60.98,0.39
Faisalabad,2020-01-16,0.0,11.67,51.39,0.39
Faisalabad,2020-01-17,0.0,12.54,50.34,0.39
Faisalabad,2020-01-18,0.0,12.08,49.92,0.39
Faisalabad,2020-01-19,0.0,11.94,55.17,0.39
Faisalabad,2020-01-20,0.0,11.44,55.37,0.39
Faisalabad,2020-01-21,0.01,11.08,72.35,0.39
Faisalabad,2020-01-22,0.0,10.52,70.45,0.38
Faisalabad,2020-01-23,0.0,10.6,55.76,0.38
Faisalabad,2020-01-24,0.0,11.4,41.33,0.38
Faisalabad,2020-01-25,0.06,13.83,45.79,0.38
Faisalabad,2020-01-26,0.0,13.75,56.8,0.38
Faisalabad,2020-01-27,2.44,10.84,75.49,0.38
Faisalabad,2020-01-28,7.45,12.56,89.02,0.39
Faisalabad,2020-01-29,2.13,11.41,78.57,0.4
Faisalabad,2020-01-30,0.02,11.84,68.85,0.4
Faisalabad,2020-01-31,0.0,12.8,51.33,0.4
Faisalabad,2020-02-01,0.0,12.71,47.83,0.4
Faisalabad,2020-02-02,0.0,13.43,43.42,0.39
Faisalabad,2020-02-03,0.0,13.4,40.65,0.39
Faisalabad,2020-02-04,0.0,9.76,57.44,0.39
Faisalabad,2020-02-05,0.0,10.0,66.82,0.39
Faisalabad,2020-02-06,0.0,12.01,50.66,0.39
Faisalabad,2020-02-07,0.0,13.01,49.35,0.39
Faisalabad,2020-02-08,0.0,14.27,42.82,0.39
Faisalabad,2020-02-09,0.0,15.83,37.47,0.39
Faisalabad,2020-02-10,0.0,15.23,40.16,0.39
Faisalabad,2020-02-11,0.0,15.51,43.39,0.39
Faisalabad,2020-02-12,0.0,15.75,56.95,0.38
Faisalabad,2020-02-13,0.0,18.12,55.97,0.38
Faisalabad,2020-02-14,0.0,15.65,46.76,0.38
Faisalabad,2020-02-15,0.0,16.34,29.78,0.38
Faisalabad,2020-02-16,0.0,18.6,26.77,0.38
Faisalabad,2020-02-17,0.0,16.58,32.61,0.38
Faisalabad,2020-02-18,0.0,17.65,27.63,0.37
Faisalabad,2020-02-19,0.0,16.52,37.26,0.37
Faisalabad,2020-02-20,2.59,15.71,53.7,0.37
Faisalabad,2020-02-21,2.48,16.57,67.45,0.38
Faisalabad,2020-02-22,0.0,18.42,58.22,0.38
Faisalabad,2020-02-23,0.0,19.74,46.97,0.38
Faisalabad,2020-02-24,11.54,19.49,48.81,0.39
Faisalabad,2020-02-25,0.0,18.9,54.87,0.39
Faisalabad,2020-02-26,0.0,20.47,50.24,0.39
Faisalabad,2020-02-27,0.0,20.51,47.27,0.39
Faisalabad,2020-02-28,9.91,18.77,66.46,0.39
Faisalabad,2020-02-29,8.19,17.72,75.66,0.41
Faisalabad,2020-03-01,1.25,17.84,72.8,0.42
Faisalabad,2020-03-02,0.0,18.77,66.27,0.41
Faisalabad,2020-03-03,0.0,19.8,60.29,0.41
Faisalabad,2020-03-04,1.73,19.23,57.1,0.41
Faisalabad,2020-03-05,14.67,17.58,75.99,0.42
Faisalabad,2020-03-06,27.48,14.5,90.32,0.47
Faisalabad,2020-03-07,1.45,15.15,76.89,0.48
Faisalabad,2020-03-08,6.36,16.26,73.5,0.48
Faisalabad,2020-03-09,0.0,16.52,66.66,0.48
Faisalabad,2020-03-10,3.4,17.63,60.57,0.48
Faisalabad,2020-03-11,56.76,15.52,78.3,0.5
Faisalabad,2020-03-12,20.1,15.75,76.54,0.59
Faisalabad,2020-03-13,2.62,14.51,75.17,0.59
Faisalabad,2020-03-14,0.07,15.61,65.3,0.58
Faisalabad,2020-03-15,0.0,16.84,65.62,0.57
Faisalabad,2020-03-16,0.0,18.01,68.63,0.56
Faisalabad,2020-03-17,0.0,20.15,63.17,0.55
Faisalabad,2020-03-18,0.0,21.28,63.56,0.55
Faisalabad,2020-03-19,0.05,21.17,70.35,0.54
Faisalabad,2020-03-20,0.63,20.0,77.89,0.54
Faisalabad,2020-03-21,0.19,21.08,72.0,0.53
Faisalabad,2020-03-22,0.09,20.8,74.21,0.53
Faisalabad,2020-03-23,1.2,19.73,81.39,0.52
Faisalabad,2020-03-24,3.84,20.85,82.35,0.52
Faisalabad,2020-03-25,6.58,20.74,77.1,0.53
Faisalabad,2020-03-26,0.59,19.92,77.76,0.53
Faisalabad,2020-03-27,46.57,16.77,87.77,0.56
Faisalabad,2020-03-28,0.1,19.7,75.28,0.6
Faisalabad,2020-03-29,0.0,20.83,65.51,0.58
Faisalabad,2020-03-30,0.11,19.37,75.18,0.57
Faisalabad,2020-03-31,10.68,18.35,86.83,0.58
Faisalabad,2020-04-01,0.4,20.9,73.04,0.58
Faisalabad,2020-04-02,0.02,20.62,67.0,0.57
Faisalabad,2020-04-03,0.0,21.49,55.78,0.56
Faisalabad,2020-04-04,0.0,22.06,60.87,0.55
Faisalabad,2020-04-05,1.53,21.53,68.79,0.54
Faisalabad,2020-04-06,0.02,21.79,69.51,0.54
Faisalabad,2020-04-07,3.57,20.78,76.67,0.53
Faisalabad,2020-04-08,0.0,21.61,67.99,0.53
Faisalabad,2020-04-09,0.2,23.36,61.45,0.52
Faisalabad,2020-04-10,0.1,23.83,67.03,0.52
Faisalabad,2020-04-11,0.0,24.69,67.88,0.51
Faisalabad,2020-04-12,0.0,27.7,58.28,0.5
Faisalabad,2020-04-13,0.98,27.13,60.84,0.49
Faisalabad,2020-04-14,0.62,27.97,54.87,0.49
Faisalabad,2020-04-15,0.07,26.4,59.14,0.48
Faisalabad,2020-04-16,0.0,25.54,53.92,0.48
Faisalabad,2020-04-17,17.42,22.79,65.79,0.48
Faisalabad,2020-04-18,4.2,22.35,72.21,0.5
Faisalabad,2020-04-19,0.14,23.22,64.7,0.49
Faisalabad,2020-04-20,2.85,23.45,64.02,0.49
Faisalabad,2020-04-21,0.01,24.21,56.56,0.49
Faisalabad,2020-04-22,0.0,26.6,53.46,0.48
Faisalabad,2020-04-23,0.63,25.81,61.3,0.47
Faisalabad,2020-04-24,0.26,27.88,56.52,0.47
Faisalabad,2020-04-25,1.18,24.75,67.92,0.47
Faisalabad,2020-04-26,0.01,26.55,58.06,0.46
Faisalabad,2020-04-27,2.64,26.62,59.48,0.46
Faisalabad,2020-04-28,1.07,26.53,60.19,0.46
Faisalabad,2020-04-29,0.03,28.67,60.08,0.45
Faisalabad,2020-04-30,0.36,30.18,53.23,0.45
Faisalabad,2020-05-01,2.03,31.79,49.93,0.44
Faisalabad,2020-05-02,1.22,29.98,55.9,0.44
Faisalabad,2020-05-03,1.13,29.04,54.94,0.44
Faisalabad,2020-05-04,0.66,28.2,54.78,0.44
Faisalabad,2020-05-05,0.45,28.53,51.45,0.43
Faisalabad,2020-05-06,0.01,29.62,44.82,0.43
Faisalabad,2020-05-07,0.0,29.62,44.74,0.42
Faisalabad,2020-05-08,0.0,31.4,41.59,0.42
Faisalabad,2020-05-09,0.04,32.05,39.04,0.41
Faisalabad,2020-05-10,0.71,32.9,37.74,0.41
Faisalabad,2020-05-11,1.39,31.38,41.17,0.4
Faisalabad,2020-05-12,0.15,30.5,50.21,0.4
Faisalabad,2020-05-13,1.62,30.32,51.31,0.4
Faisalabad,2020-05-14,28.2,26.87,69.29,0.42
Faisalabad,2020-05-15,0.04,27.77,60.64,0.44
Faisalabad,2020-05-16,0.0,30.44,48.11,0.43
Faisalabad,2020-05-17,0.0,30.67,43.93,0.42
Faisalabad,2020-05-18,0.0,29.81,42.87,0.42
Faisalabad,2020-05-19,0.0,29.89,37.54,0.41
Faisalabad,2020-05-20,0.0,30.13,38.98,0.41
Faisalabad,2020-05-21,0.0,32.49,34.36,0.4
Faisalabad,2020-05-22,0.0,34.53,32.45,0.4
Faisalabad,2020-05-23,0.05,36.22,26.85,0.39
Faisalabad,2020-05-24,0.02,34.86,34.91,0.39
Faisalabad,2020-05-25,0.0,35.81,31.95,0.39
Faisalabad,2020-05-26,0.0,36.04,31.92,0.38
Faisalabad,2020-05-27,0.0,36.94,27.31,0.38
Faisalabad,2020-05-28,0.0,36.1,27.89,0.37
Faisalabad,2020-05-29,0.0,34.69,30.28,0.37
Faisalabad,2020-05-30,3.2,31.87,38.86,0.37
Faisalabad,2020-05-31,3.51,28.98,56.47,0.37
Faisalabad,2020-06-01,0.56,29.26,53.04,0.37
Faisalabad,2020-06-02,6.9,26.12,68.03,0.38
Faisalabad,2020-06-03,0.28,27.96,58.38,0.38
Faisalabad,2020-06-04,3.48,29.14,54.12,0.38
Faisalabad,2020-06-05,0.0,31.36,45.1,0.38
Faisalabad,2020-06-06,2.15,31.47,44.77,0.38
Faisalabad,2020-06-07,0.83,31.74,44.63,0.38
Faisalabad,2020-06-08,0.01,34.63,40.0,0.37
Faisalabad,2020-06-09,0.1,35.96,38.16,0.37
Faisalabad,2020-06-10,0.81,37.03,35.53,0.37
Faisalabad,2020-06-11,1.98,36.21,37.9,0.37
Faisalabad,2020-06-12,0.0,37.54,34.1,0.36
Faisalabad,2020-06-13,28.65,34.14,50.15,0.4
Faisalabad,2020-06-14,0.04,33.76,48.37,0.4
Faisalabad,2020-06-15,0.0,35.75,38.64,0.4
Faisalabad,2020-06-16,0.0,36.61,32.53,0.39
Faisalabad,2020-06-17,0.0,36.65,29.05,0.39
Faisalabad,2020-06-18,0.0,37.57,26.07,0.38
Faisalabad,2020-06-19,0.0,37.35,31.79,0.38
Faisalabad,2020-06-20,12.5,35.19,40.93,0.39
Faisalabad,2020-06-21,0.0,37.16,36.61,0.39
Faisalabad,2020-06-22,2.0,36.61,38.86,0.39
Faisalabad,2020-06-23,0.0,37.53,36.77,0.38
Faisalabad,2020-06-24,13.8,36.25,43.5,0.39
Faisalabad,2020-06-25,4.66,35.57,48.89,0.4
Faisalabad,2020-06-26,1.3,35.78,48.23,0.4
Faisalabad,2020-06-27,1.7,36.68,45.68,0.39
Faisalabad,2020-06-28,1.17,37.37,43.5,0.39
Faisalabad,2020-06-29,4.97,34.81,48.64,0.39
Faisalabad,2020-06-30,0.78,35.92,39.54,0.39
Faisalabad,2020-07-01,2.05,36.3,43.96,0.39
Faisalabad,2020-07-02,0.0,38.05,39.34,0.38
Faisalabad,2020-07-03,0.0,39.93,33.03,0.38
Faisalabad,2020-07-04,2.53,39.72,31.59,0.37
Faisalabad,2020-07-05,12.01,33.77,50.99,0.39
Faisalabad,2020-07-06,0.0,34.19,45.57,0.39
Faisalabad,2020-07-07,0.0,36.17,38.89,0.38
Faisalabad,2020-07-08,0.13,35.86,44.9,0.38
Faisalabad,2020-07-09,0.0,35.86,45.18,0.38
Faisalabad,2020-07-10,0.17,38.61,35.31,0.37
Faisalabad,2020-07-11,0.28,38.15,38.54,0.37
Faisalabad,2020-07-12,28.66,33.45,59.16,0.4
Faisalabad,2020-07-13,0.17,33.81,56.58,0.41
Faisalabad,2020-07-14,0.0,36.54,43.49,0.4
Faisalabad,2020-07-15,0.07,36.84,40.11,0.4
Faisalabad,2020-07-16,9.06,34.54,50.27,0.4
Faisalabad,2020-07-17,0.9,34.7,52.04,0.4
Faisalabad,2020-07-18,0.25,36.2,48.41,0.4
Faisalabad,2020-07-19,5.17,36.42,46.31,0.4
Faisalabad,2020-07-20,17.95,35.61,49.29,0.41
Faisalabad,2020-07-21,19.59,31.3,69.15,0.44
Faisalabad,2020-07-22,11.1,30.96,63.38,0.46
Faisalabad,2020-07-23,0.0,33.16,48.12,0.45
Faisalabad,2020-07-24,0.29,34.2,49.64,0.44
Faisalabad,2020-07-25,1.55,33.89,50.72,0.44
Faisalabad,2020-07-26,3.91,33.76,54.09,0.44
Faisalabad,2020-07-27,0.55,35.03,49.35,0.43
Faisalabad,2020-07-28,0.01,36.63,46.19,0.43
Faisalabad,2020-07-29,0.77,36.97,44.52,0.42
Faisalabad,2020-07-30,2.83,35.47,50.96,0.42
Faisalabad,2020-07-31,2.05,33.48,58.77,0.42
Faisalabad,2020-08-01,8.41,33.34,61.24,0.43
Faisalabad,2020-08-02,9.15,34.55,56.52,0.43
Faisalabad,2020-08-03,7.23,36.09,48.04,0.44
Faisalabad,2020-08-04,1.48,35.67,47.11,0.44
Faisalabad,2020-08-05,0.12,36.0,46.3,0.43
Faisalabad,2020-08-06,0.35,35.52,50.61,0.42
Faisalabad,2020-08-07,0.27,34.78,51.58,0.42
Faisalabad,2020-08-08,2.94,34.55,55.65,0.42
Faisalabad,2020-08-09,4.99,35.03,55.77,0.42
Faisalabad,2020-08-10,19.83,33.87,61.78,0.43
Faisalabad,2020-08-11,5.18,33.23,65.35,0.45
Faisalabad,2020-08-12,0.25,35.54,54.77,0.44
Faisalabad,2020-08-13,1.14,36.34,52.61,0.43
Faisalabad,2020-08-14,0.63,35.18,56.93,0.43
Faisalabad,2020-08-15,0.36,34.3,57.55,0.42
Faisalabad,2020-08-16,0.67,34.99,50.66,0.42
Faisalabad,2020-08-17,0.35,35.46,50.04,0.41
Faisalabad,2020-08-18,3.27,35.56,53.61,0.41
Faisalabad,2020-08-19,12.45,33.35,65.8,0.42
Faisalabad,2020-08-20,35.37,30.57,77.9,0.48
Faisalabad,2020-08-21,3.2,30.24,73.7,0.49
Faisalabad,2020-08-22,0.0,31.89,62.85,0.47
Faisalabad,2020-08-23,0.0,32.46,58.42,0.47
Faisalabad,2020-08-24,0.01,32.04,59.78,0.46
Faisalabad,2020-08-25,2.21,32.06,65.22,0.45
Faisalabad,2020-08-26,5.09,31.33,68.59,0.45
Faisalabad,2020-08-27,26.23,30.62,73.73,0.47
Faisalabad,2020-08-28,28.71,29.72,78.22,0.52
Faisalabad,2020-08-29,2.62,29.86,73.8,0.53
Faisalabad,2020-08-30,0.29,30.17,69.72,0.52
Faisalabad,2020-08-31,29.36,28.4,81.05,0.53
Faisalabad,2020-09-01,49.0,28.34,84.31,0.59
Faisalabad,2020-09-02,4.77,28.9,82.91,0.62
Faisalabad,2020-09-03,22.01,28.5,83.91,0.62
Faisalabad,2020-09-04,12.43,28.17,83.19,0.64
Faisalabad,2020-09-05,6.13,28.8,80.28,0.64
Faisalabad,2020-09-06,3.66,29.17,77.72,0.64
Faisalabad,2020-09-07,1.08,29.44,74.49,0.63
Faisalabad,2020-09-08,0.0,29.41,75.06,0.62
Faisalabad,2020-09-09,0.0,29.69,70.22,0.61
Faisalabad,2020-09-10,0.0,29.28,72.84,0.6
Faisalabad,2020-09-11,0.0,29.53,68.36,0.59
Faisalabad,2020-09-12,0.0,29.41,66.82,0.58
Faisalabad,2020-09-13,0.0,29.34,66.87,0.57
Faisalabad,2020-09-14,0.0,29.6,62.35,0.56
Faisalabad,2020-09-15,0.0,30.42,62.74,0.55
Faisalabad,2020-09-16,0.0,31.66,60.82,0.54
Faisalabad,2020-09-17,0.0,31.69,58.97,0.53
Faisalabad,2020-09-18,0.0,30.48,52.84,0.53
Faisalabad,2020-09-19,0.0,31.33,50.46,0.52
Faisalabad,2020-09-20,0.0,29.8,55.46,0.51
Faisalabad,2020-09-21,0.0,28.99,56.71,0.5
Faisalabad,2020-09-22,0.0,29.5,59.43,0.49
Faisalabad,2020-09-23,0.0,30.29,59.15,0.49
Faisalabad,2020-09-24,0.0,30.54,59.06,0.48
Faisalabad,2020-09-25,0.0,30.25,48.91,0.48
Faisalabad,2020-09-26,0.0,28.09,47.92,0.47
Faisalabad,2020-09-27,0.0,28.49,48.36,0.46
Faisalabad,2020-09-28,0.0,28.54,49.81,0.46
Faisalabad,2020-09-29,0.0,28.78,50.24,0.46
Faisalabad,2020-09-30,0.0,28.64,43.01,0.45
Faisalabad,2020-10-01,0.0,27.59,47.45,0.45
Faisalabad,2020-10-02,0.0,28.02,42.16,0.44
Faisalabad,2020-10-03,0.0,27.77,39.33,0.44
Faisalabad,2020-10-04,0.0,27.39,39.26,0.43
Faisalabad,2020-10-05,0.0,27.38,37.9,0.43
Faisalabad,2020-10-06,0.0,26.7,40.22,0.43
Faisalabad,2020-10-07,0.0,26.8,40.2,0.42
Faisalabad,2020-10-08,0.0,26.94,40.03,0.42
Faisalabad,2020-10-09,0.0,27.39,40.15,0.42
Faisalabad,2020-10-10,0.0,28.3,36.42,0.41
Faisalabad,2020-10-11,0.0,27.98,32.41,0.41
Faisalabad,2020-10-12,0.0,26.87,34.74,0.41
Faisalabad,2020-10-13,0.0,26.3,38.56,0.4
Faisalabad,2020-10-14,0.0,26.11,43.9,0.4
Faisalabad,2020-10-15,0.0,26.62,33.56,0.4
Faisalabad,2020-10-16,0.0,25.93,34.47,0.4
Faisalabad,2020-10-17,0.0,26.57,32.13,0.39
Faisalabad,2020-10-18,0.0,26.52,28.21,0.39
Faisalabad,2020-10-19,0.0,25.63,31.87,0.39
Faisalabad,2020-10-20,0.0,25.09,28.73,0.39
Faisalabad,2020-10-21,0.0,23.22,35.49,0.38
Faisalabad,2020-10-22,0.0,23.33,37.48,0.38
Faisalabad,2020-10-23,0.0,24.3,33.69,0.38
Faisalabad,2020-10-24,0.0,23.4,34.72,0.38
Faisalabad,2020-10-25,0.0,22.14,33.88,0.38
Faisalabad,2020-10-26,0.0,21.49,43.14,0.38
Faisalabad,2020-10-27,0.0,21.66,38.72,0.37
Faisalabad,2020-10-28,0.0,22.08,33.04,0.37
Faisalabad,2020-10-29,0.0,22.03,32.38,0.37
Faisalabad,2020-10-30,0.0,21.67,36.31,0.37
Faisalabad,2020-10-31,0.0,21.3,36.96,0.37
Faisalabad,2020-11-01,0.0,20.96,35.06,0.37
Faisalabad,2020-11-02,0.0,22.62,29.88,0.36
Faisalabad,2020-11-03,0.0,23.62,28.59,0.36
Faisalabad,2020-11-04,0.0,22.43,26.11,0.36
Faisalabad,2020-11-05,0.0,21.52,26.32,0.36
Faisalabad,2020-11-06,0.0,20.83,33.66,0.36
Faisalabad,2020-11-07,0.0,20.73,37.04,0.36
Faisalabad,2020-11-08,0.0,21.13,35.85,0.36
Faisalabad,2020-11-09,0.0,20.09,37.37,0.36
Faisalabad,2020-11-10,0.0,19.72,41.35,0.35
Faisalabad,2020-11-11,0.0,18.92,47.31,0.35
Faisalabad,2020-11-12,0.0,19.48,44.59,0.35
Faisalabad,2020-11-13,0.0,20.37,39.44,0.35
Faisalabad,2020-11-14,0.0,18.78,41.82,0.35
Faisalabad,2020-11-15,12.17,14.52,74.2,0.36
Faisalabad,2020-11-16,0.72,14.72,74.91,0.38
Faisalabad,2020-11-17,0.0,14.57,57.31,0.37
Faisalabad,2020-11-18,0.0,15.79,40.48,0.37
Faisalabad,2020-11-19,0.0,15.71,43.54,0.37
Faisalabad,2020-11-20,0.0,14.92,49.05,0.37
Faisalabad,2020-11-21,0.0,13.88,45.57,0.37
Faisalabad,2020-11-22,0.0,13.72,39.48,0.37
Faisalabad,2020-11-23,0.03,14.46,57.6,0.37
Faisalabad,2020-11-24,58.6,15.24,67.29,0.38
Faisalabad,2020-11-25,102.38,12.56,89.99,0.52
Faisalabad,2020-11-26,0.06,13.0,81.65,0.54
Faisalabad,2020-11-27,0.0,11.92,71.62,0.53
Faisalabad,2020-11-28,0.0,12.27,60.99,0.52
Faisalabad,2020-11-29,0.0,13.92,61.28,0.51
Faisalabad,2020-11-30,0.0,15.31,59.85,0.51
Faisalabad,2020-12-01,0.0,17.01,55.8,0.51
Faisalabad,2020-12-02,0.0,16.25,60.6,0.51
Faisalabad,2020-12-03,0.0,16.43,64.23,0.5
Faisalabad,2020-12-04,0.0,15.32,68.46,0.5
Faisalabad,2020-12-05,0.0,14.35,68.23,0.5
Faisalabad,2020-12-06,0.0,16.23,64.61,0.5
Faisalabad,2020-12-07,0.0,17.38,60.58,0.5
Faisalabad,2020-12-08,0.57,15.95,70.57,0.5
Faisalabad,2020-12-09,1.79,15.75,82.09,0.5
Faisalabad,2020-12-10,0.01,14.81,76.15,0.5
Faisalabad,2020-12-11,8.25,12.4,75.09,0.49
Faisalabad,2020-12-12,0.64,12.1,79.2,0.51
Faisalabad,2020-12-13,0.12,12.04,76.37,0.51
Faisalabad,2020-12-14,0.0,12.53,62.99,0.5
Faisalabad,2020-12-15,0.0,11.03,62.71,0.5
Faisalabad,2020-12-16,0.0,9.93,61.34,0.5
Faisalabad,2020-12-17,0.0,8.62,57.21,0.5
Faisalabad,2020-12-18,0.0,9.21,53.01,0.49
Faisalabad,2020-12-19,0.0,10.3,50.64,0.49
Faisalabad,2020-12-20,0.0,11.69,55.91,0.49
Faisalabad,2020-12-21,0.0,12.51,55.09,0.49
Faisalabad,2020-12-22,0.0,13.02,62.53,0.49
Faisalabad,2020-12-23,0.0,13.72,53.99,0.49
Faisalabad,2020-12-24,0.0,13.07,56.45,0.48
Faisalabad,2020-12-25,0.0,12.42,56.07,0.48
Faisalabad,2020-12-26,0.0,11.44,59.6,0.48
Faisalabad,2020-12-27,0.22,8.75,73.59,0.48
Faisalabad,2020-12-28,2.31,8.95,79.23,0.48
Faisalabad,2020-12-29,0.0,9.15,71.87,0.48
Faisalabad,2020-12-30,0.0,9.13,55.19,0.48
Faisalabad,2020-12-31,0.0,8.55,54.91,0.48
Faisalabad,2021-01-01,0.0,9.24,51.88,0.48
Faisalabad,2021-01-02,0.0,10.63,48.8,0.48
Faisalabad,2021-01-03,0.15,12.19,79.53,0.47
Faisalabad,2021-01-04,0.99,14.88,88.4,0.47
Faisalabad,2021-01-05,31.32,14.73,93.12,0.5
Faisalabad,2021-01-06,0.89,12.97,84.16,0.53
Faisalabad,2021-01-07,0.0,12.13,73.83,0.52
Faisalabad,2021-01-08,0.0,11.53,67.21,0.52
Faisalabad,2021-01-09,0.0,10.68,75.08,0.52
Faisalabad,2021-01-10,0.0,9.94,62.47,0.51
Faisalabad,2021-01-11,0.0,10.8,49.83,0.51
Faisalabad,2021-01-12,0.0,10.06,53.99,0.51
Faisalabad,2021-01-13,0.0,10.85,48.24,0.51
Faisalabad,2021-01-14,0.0,10.81,53.17,0.51
Faisalabad,2021-01-15,0.0,10.93,56.64,0.5
Faisalabad,2021-01-16,0.0,10.4,59.04,0.5
Faisalabad,2021-01-17,0.0,10.88,56.92,0.5
Faisalabad,2021-01-18,0.0,10.07,64.06,0.5
Faisalabad,2021-01-19,0.0,10.51,65.27,0.5
Faisalabad,2021-01-20,0.0,11.66,64.65,0.49
Faisalabad,2021-01-21,0.0,12.79,53.21,0.49
Faisalabad,2021-01-22,0.01,12.11,60.65,0.49
Faisalabad,2021-01-23,0.0,11.85,64.47,0.49
Faisalabad,2021-01-24,0.05,12.0,55.07,0.49
Faisalabad,2021-01-25,0.0,11.52,44.83,0.48
Faisalabad,2021-01-26,0.0,11.88,42.22,0.48
Faisalabad,2021-01-27,0.0,11.43,45.4,0.48
Faisalabad,2021-01-28,0.0,11.77,48.51,0.48
Faisalabad,2021-01-29,0.0,12.72,40.79,0.48
Faisalabad,2021-01-30,0.0,12.81,43.88,0.47
Faisalabad,2021-01-31,0.0,12.67,48.76,0.47
Faisalabad,2021-02-01,0.0,13.69,47.85,0.47
Faisalabad,2021-02-02,0.0,14.11,53.66,0.47
Faisalabad,2021-02-03,0.03,13.37,57.3,0.47
Faisalabad,2021-02-04,0.32,13.17,64.38,0.46
Faisalabad,2021-02-05,0.05,13.74,60.87,0.46
Faisalabad,2021-02-06,0.0,15.1,54.62,0.46
Faisalabad,2021-02-07,0.0,15.65,49.69,0.46
Faisalabad,2021-02-08,11.51,15.62,50.89,0.48
Faisalabad,2021-02-09,0.0,15.77,49.86,0.47
Faisalabad,2021-02-10,0.0,16.57,53.61,0.47
Faisalabad,2021-02-11,0.0,17.33,55.16,0.47
Faisalabad,2021-02-12,0.0,18.46,49.65,0.47
Faisalabad,2021-02-13,0.0,17.38,51.73,0.46
Faisalabad,2021-02-14,0.0,16.84,54.74,0.46
Faisalabad,2021-02-15,0.0,17.34,52.97,0.46
Faisalabad,2021-02-16,0.0,18.08,51.85,0.46
Faisalabad,2021-02-17,0.0,18.58,45.35,0.45
Faisalabad,2021-02-18,0.0,18.26,42.24,0.45
Faisalabad,2021-02-19,0.0,18.81,41.61,0.45
Faisalabad,2021-02-20,0.0,18.18,41.13,0.45
Faisalabad,2021-02-21,0.0,20.34,35.72,0.44
Faisalabad,2021-02-22,0.0,20.59,37.91,0.44
Faisalabad,2021-02-23,0.0,19.64,42.09,0.44
Faisalabad,2021-02-24,0.0,20.78,42.13,0.43
Faisalabad,2021-02-25,0.0,21.53,41.27,0.43
Faisalabad,2021-02-26,0.0,21.24,45.98,0.43
Faisalabad,2021-02-27,1.39,18.88,45.81,0.43
Faisalabad,2021-02-28,0.0,20.34,40.69,0.43
Faisalabad,2021-03-01,0.0,19.42,41.17,0.42
Faisalabad,2021-03-02,0.0,20.33,32.25,0.42
Faisalabad,2021-03-03,0.0,19.89,33.94,0.42
Faisalabad,2021-03-04,0.0,20.73,36.63,0.41
Faisalabad,2021-03-05,0.0,21.16,42.81,0.41
Faisalabad,2021-03-06,0.0,22.09,36.98,0.41
Faisalabad,2021-03-07,0.0,23.19,45.25,0.41
Faisalabad,2021-03-08,0.0,21.86,52.73,0.4
Faisalabad,2021-03-09,0.0,22.58,44.37,0.4
Faisalabad,2021-03-10,0.03,22.12,43.57,0.4
Faisalabad,2021-03-11,0.01,23.05,40.69,0.4
Faisalabad,2021-03-12,2.25,21.66,50.81,0.4
Faisalabad,2021-03-13,0.46,21.41,44.92,0.4
Faisalabad,2021-03-14,0.0,22.45,45.95,0.39
Faisalabad,2021-03-15,0.0,21.93,56.22,0.39
Faisalabad,2021-03-16,0.0,23.94,48.21,0.39
Faisalabad,2021-03-17,0.0,24.26,44.6,0.39
Faisalabad,2021-03-18,0.0,24.35,48.6,0.39
Faisalabad,2021-03-19,0.0,24.7,44.71,0.38
Faisalabad,2021-03-20,0.0,25.75,37.55,0.38
Faisalabad,2021-03-21,3.29,22.12,55.65,0.38
Faisalabad,2021-03-22,1.95,20.84,67.2,0.39
Faisalabad,2021-03-23,11.52,20.1,66.94,0.4
Faisalabad,2021-03-24,0.03,19.89,59.63,0.4
Faisalabad,2021-03-25,0.0,21.68,50.45,0.4
Faisalabad,2021-03-26,0.0,24.79,40.14,0.39
Faisalabad,2021-03-27,0.0,26.45,40.12,0.39
Faisalabad,2021-03-28,0.0,26.78,40.3,0.39
Faisalabad,2021-03-29,0.01,26.07,37.81,0.38
Faisalabad,2021-03-30,0.01,24.66,37.62,0.38
Faisalabad,2021-03-31,0.0,22.4,23.09,0.38
Faisalabad,2021-04-01,0.0,21.76,24.58,0.38
Faisalabad,2021-04-02,0.0,21.32,22.58,0.37
Faisalabad,2021-04-03,0.0,24.28,21.08,0.37
Faisalabad,2021-04-04,0.0,23.04,31.96,0.37
Faisalabad,2021-04-05,0.2,21.82,56.19,0.37
Faisalabad,2021-04-06,2.92,22.14,63.92,0.37
Faisalabad,2021-04-07,0.02,22.19,52.98,0.37
Faisalabad,2021-04-08,0.0,23.84,35.22,0.37
Faisalabad,2021-04-09,0.0,25.2,29.37,0.36
Faisalabad,2021-04-10,0.0,25.56,30.42,0.36
Faisalabad,2021-04-11,0.0,27.14,33.6,0.36
Faisalabad,2021-04-12,0.0,28.49,36.14,0.36
Faisalabad,2021-04-13,0.0,28.78,35.96,0.35
Faisalabad,2021-04-14,0.07,30.19,34.41,0.35
Faisalabad,2021-04-15,0.09,27.56,34.82,0.35
Faisalabad,2021-04-16,4.63,23.31,60.56,0.35
Faisalabad,2021-04-17,0.43,23.63,57.87,0.36
Faisalabad,2021-04-18,0.21,25.72,50.21,0.35
Faisalabad,2021-04-19,0.01,26.92,39.72,0.35
Faisalabad,2021-04-20,2.08,23.3,46.27,0.35
Faisalabad,2021-04-21,0.34,24.51,47.39,0.35
Faisalabad,2021-04-22,1.44,27.09,37.38,0.35
Faisalabad,2021-04-23,12.88,23.1,54.93,0.36
Faisalabad,2021-04-24,0.02,25.41,37.91,0.37
Faisalabad,2021-04-25,0.0,28.78,27.22,0.36
Faisalabad,2021-04-26,0.0,31.12,24.98,0.36
Faisalabad,2021-04-27,0.0,31.68,29.49,0.36
Faisalabad,2021-04-28,0.0,32.82,29.7,0.35
Faisalabad,2021-04-29,0.0,33.78,27.58,0.35
Faisalabad,2021-04-30,0.01,33.35,28.06,0.35
Faisalabad,2021-05-01,0.26,33.25,28.85,0.35
Faisalabad,2021-05-02,0.0,33.61,24.48,0.34
Faisalabad,2021-05-03,0.28,33.6,27.69,0.34
Faisalabad,2021-05-04,0.02,34.13,23.37,0.34
Faisalabad,2021-05-05,0.25,31.67,32.21,0.34
Faisalabad,2021-05-06,0.02,30.43,33.32,0.34
Faisalabad,2021-05-07,0.2,30.87,33.66,0.34
Faisalabad,2021-05-08,0.0,32.78,25.34,0.34
Faisalabad,2021-05-09,0.13,33.4,25.98,0.34
Faisalabad,2021-05-10,3.33,33.3,29.82,0.34
Faisalabad,2021-05-11,1.58,32.64,29.9,0.34
Faisalabad,2021-05-12,0.95,32.7,32.21,0.34
Faisalabad,2021-05-13,5.37,30.67,37.32,0.35
Faisalabad,2021-05-14,0.31,30.3,38.33,0.35
Faisalabad,2021-05-15,0.82,31.8,35.07,0.34
Faisalabad,2021-05-16,0.56,33.0,32.44,0.34
Faisalabad,2021-05-17,0.0,33.45,29.65,0.34
Faisalabad,2021-05-18,0.0,34.63,21.63,0.34
Faisalabad,2021-05-19,0.13,33.63,28.16,0.34
Faisalabad,2021-05-20,1.29,33.83,28.29,0.34
Faisalabad,2021-05-21,6.36,31.98,39.35,0.35
Faisalabad,2021-05-22,0.0,32.51,34.09,0.34
Faisalabad,2021-05-23,0.76,30.79,32.81,0.34
Faisalabad,2021-05-24,0.0,31.99,29.21,0.34
Faisalabad,2021-05-25,0.0,33.81,25.41,0.34
Faisalabad,2021-05-26,0.0,35.37,17.78,0.34
Faisalabad,2021-05-27,0.0,36.3,15.4,0.34
Faisalabad,2021-05-28,0.0,37.67,15.96,0.34
Faisalabad,2021-05-29,0.0,38.87,15.8,0.34
Faisalabad,2021-05-30,0.06,37.98,19.96,0.33
Faisalabad,2021-05-31,0.29,38.45,16.93,0.33
Faisalabad,2021-06-01,4.78,34.3,31.13,0.34
Faisalabad,2021-06-02,3.82,33.47,43.54,0.35
Faisalabad,2021-06-03,1.73,33.49,36.82,0.34
Faisalabad,2021-06-04,1.79,33.25,34.68,0.34
Faisalabad,2021-06-05,0.0,35.12,31.78,0.34
Faisalabad,2021-06-06,0.0,36.96,28.67,0.34
Faisalabad,2021-06-07,0.0,39.06,26.26,0.34
Faisalabad,2021-06-08,0.0,40.07,22.54,0.34
Faisalabad,2021-06-09,0.0,40.98,25.49,0.34
Faisalabad,2021-06-10,0.0,40.91,25.01,0.34
Faisalabad,2021-06-11,0.0,40.53,27.09,0.33
Faisalabad,2021-06-12,0.57,40.65,26.74,0.34
Faisalabad,2021-06-13,4.11,38.35,28.57,0.34
Faisalabad,2021-06-14,2.87,36.27,34.9,0.34
Faisalabad,2021-06-15,10.78,33.37,43.99,0.35
Faisalabad,2021-06-16,0.74,31.9,46.49,0.36
Faisalabad,2021-06-17,0.3,34.13,36.84,0.35
Faisalabad,2021-06-18,0.0,34.98,32.29,0.35
Faisalabad,2021-06-19,0.0,35.73,26.48,0.34
Faisalabad,2021-06-20,1.6,36.0,26.99,0.34
Faisalabad,2021-06-21,1.93,35.18,33.81,0.34
Faisalabad,2021-06-22,0.0,36.14,29.99,0.34
Faisalabad,2021-06-23,0.0,37.97,25.34,0.34
Faisalabad,2021-06-24,0.12,38.03,24.65,0.34
Faisalabad,2021-06-25,0.0,38.23,22.98,0.34
Faisalabad,2021-06-26,2.6,36.87,29.25,0.34
Faisalabad,2021-06-27,4.23,35.18,40.02,0.35
Faisalabad,2021-06-28,0.0,37.08,30.91,0.34
Faisalabad,2021-06-29,0.0,38.69,23.54,0.34
Faisalabad,2021-06-30,0.0,39.8,19.02,0.34
Faisalabad,2021-07-01,0.0,39.6,20.49,0.34
Faisalabad,2021-07-02,0.51,39.24,19.61,0.34
Faisalabad,2021-07-03,0.46,38.81,26.06,0.34
Faisalabad,2021-07-04,1.88,38.59,28.89,0.34
Faisalabad,2021-07-05,0.47,37.61,31.26,0.34
Faisalabad,2021-07-06,0.0,38.54,29.4,0.34
Faisalabad,2021-07-07,0.0,39.53,25.4,0.34
Faisalabad,2021-07-08,1.32,40.28,26.34,0.34
Faisalabad,2021-07-09,5.63,38.78,31.73,0.34
Faisalabad,2021-07-10,0.35,37.99,32.09,0.34
Faisalabad,2021-07-11,8.34,35.84,40.26,0.35
Faisalabad,2021-07-12,10.9,34.31,54.63,0.36
Faisalabad,2021-07-13,10.78,30.5,71.07,0.37
Faisalabad,2021-07-14,4.42,33.6,58.22,0.38
Faisalabad,2021-07-15,1.39,34.3,52.28,0.38
Faisalabad,2021-07-16,0.0,35.54,45.88,0.38
Faisalabad,2021-07-17,0.0,37.33,42.61,0.37
Faisalabad,2021-07-18,0.6,39.44,36.94,0.37
Faisalabad,2021-07-19,6.64,37.69,43.76,0.37
Faisalabad,2021-07-20,13.58,33.83,59.22,0.38
Faisalabad,2021-07-21,8.05,32.84,61.37,0.4
Faisalabad,2021-07-22,0.48,34.77,46.38,0.39
Faisalabad,2021-07-23,0.0,35.24,43.95,0.39
Faisalabad,2021-07-24,0.09,36.12,43.47,0.38
Faisalabad,2021-07-25,3.81,36.99,44.7,0.38
Faisalabad,2021-07-26,0.58,36.99,44.83,0.38
Faisalabad,2021-07-27,3.4,36.53,47.01,0.38
Faisalabad,2021-07-28,5.82,36.23,46.92,0.38
Faisalabad,2021-07-29,5.52,34.17,56.38,0.39
Faisalabad,2021-07-30,6.0,33.28,59.28,0.39
Faisalabad,2021-07-31,13.26,32.73,62.69,0.4
Faisalabad,2021-08-01,4.17,33.73,59.06,0.41
Faisalabad,2021-08-02,3.71,35.5,53.78,0.41
Faisalabad,2021-08-03,2.12,35.76,48.68,0.41
Faisalabad,2021-08-04,9.54,32.2,60.44,0.41
Faisalabad,2021-08-05,4.01,34.33,54.79,0.42
Faisalabad,2021-08-06,6.26,34.05,54.95,0.42
Faisalabad,2021-08-07,0.04,34.52,51.77,0.41
Faisalabad,2021-08-08,1.12,35.16,48.52,0.41
Faisalabad,2021-08-09,0.82,35.02,48.52,0.41
Faisalabad,2021-08-10,0.04,35.5,44.85,0.4
Faisalabad,2021-08-11,0.0,36.17,39.63,0.4
Faisalabad,2021-08-12,0.0,36.66,39.65,0.39
Faisalabad,2021-08-13,0.0,36.73,37.44,0.39
Faisalabad,2021-08-14,0.61,36.65,39.83,0.38
Faisalabad,2021-08-15,2.59,34.93,47.41,0.38
Faisalabad,2021-08-16,0.6,34.23,48.67,0.38
Faisalabad,2021-08-17,0.0,35.66,41.35,0.38
Faisalabad,2021-08-18,0.0,35.84,36.71,0.37
Faisalabad,2021-08-19,0.0,35.9,39.15,0.37
Faisalabad,2021-08-20,0.13,35.75,41.52,0.37
Faisalabad,2021-08-21,3.38,34.29,47.92,0.37
Faisalabad,2021-08-22,0.12,32.79,52.97,0.37
Faisalabad,2021-08-23,0.0,34.12,46.44,0.36
Faisalabad,2021-08-24,0.0,35.54,39.03,0.36
Faisalabad,2021-08-25,0.0,36.12,32.57,0.36
Faisalabad,2021-08-26,0.0,35.69,32.96,0.36
Faisalabad,2021-08-27,0.0,36.1,29.8,0.35
Faisalabad,2021-08-28,0.62,35.45,33.99,0.35
Faisalabad,2021-08-29,0.16,35.09,34.8,0.35
Faisalabad,2021-08-30,3.68,33.98,41.84,0.35
Faisalabad,2021-08-31,4.86,31.96,51.72,0.36
Faisalabad,2021-09-01,1.64,32.08,53.93,0.36
Faisalabad,2021-09-02,3.51,32.49,50.38,0.36
Faisalabad,2021-09-03,1.77,31.87,52.59,0.36
Faisalabad,2021-09-04,0.55,32.58,51.94,0.36
Faisalabad,2021-09-05,0.0,34.01,42.64,0.35
Faisalabad,2021-09-06,0.45,34.77,42.21,0.35
Faisalabad,2021-09-07,0.07,35.06,43.2,0.35
Faisalabad,2021-09-08,12.14,32.35,60.27,0.36
Faisalabad,2021-09-09,5.37,31.56,63.34,0.37
Faisalabad,2021-09-10,20.49,29.77,71.68,0.39
Faisalabad,2021-09-11,21.94,27.97,80.26,0.43
Faisalabad,2021-09-12,1.97,28.92,69.85,0.43
Faisalabad,2021-09-13,0.03,30.38,61.66,0.43
Faisalabad,2021-09-14,0.0,31.49,57.8,0.42
Faisalabad,2021-09-15,0.0,32.19,54.27,0.41
Faisalabad,2021-09-16,0.0,33.32,47.57,0.41
Faisalabad,2021-09-17,0.08,32.77,50.19,0.41
Faisalabad,2021-09-18,0.1,32.16,52.95,0.4
Faisalabad,2021-09-19,0.2,33.5,49.05,0.4
Faisalabad,2021-09-20,2.7,33.03,52.21,0.4
Faisalabad,2021-09-21,16.58,30.73,65.28,0.41
Faisalabad,2021-09-22,19.11,28.49,76.04,0.44
Faisalabad,2021-09-23,3.91,28.23,73.12,0.45
Faisalabad,2021-09-24,0.28,28.65,68.5,0.45
Faisalabad,2021-09-25,0.0,30.43,59.67,0.44
Faisalabad,2021-09-26,0.0,30.49,57.36,0.43
Faisalabad,2021-09-27,0.0,30.21,60.74,0.43
Faisalabad,2021-09-28,0.04,30.81,57.16,0.43
Faisalabad,2021-09-29,0.27,30.51,57.75,0.42
Faisalabad,2021-09-30,0.71,31.45,56.51,0.42
Faisalabad,2021-10-01,1.33,31.53,55.64,0.42
Faisalabad,2021-10-02,20.89,30.24,66.44,0.43
Faisalabad,2021-10-03,1.79,30.21,64.55,0.45
Faisalabad,2021-10-04,0.19,29.83,64.42,0.44
Faisalabad,2021-10-05,2.25,28.92,67.66,0.44
Faisalabad,2021-10-06,0.0,29.38,59.29,0.44
Faisalabad,2021-10-07,0.0,30.29,46.59,0.43
Faisalabad,2021-10-08,0.0,30.3,41.07,0.43
Faisalabad,2021-10-09,0.0,28.65,47.25,0.42
Faisalabad,2021-10-10,0.0,28.81,47.27,0.42
Faisalabad,2021-10-11,0.28,26.76,53.15,0.42
Faisalabad,2021-10-12,0.0,26.44,58.77,0.41
Faisalabad,2021-10-13,0.0,26.58,49.86,0.41
Faisalabad,2021-10-14,0.0,26.71,37.82,0.41
Faisalabad,2021-10-15,0.0,26.91,35.99,0.41
Faisalabad,2021-10-16,0.0,26.77,37.03,0.4
Faisalabad,2021-10-17,0.06,26.77,44.82,0.4
Faisalabad,2021-10-18,3.75,24.0,70.06,0.4
Faisalabad,2021-10-19,0.0,26.0,56.71,0.4
Faisalabad,2021-10-20,0.0,26.84,36.32,0.4
Faisalabad,2021-10-21,0.0,25.62,30.18,0.4
Faisalabad,2021-10-22,0.38,25.3,40.21,0.39
Faisalabad,2021-10-23,3.56,24.61,66.54,0.4
Faisalabad,2021-10-24,4.41,22.09,74.26,0.4
Faisalabad,2021-10-25,0.0,20.52,65.23,0.4
Faisalabad,2021-10-26,0.0,20.87,47.55,0.4
Faisalabad,2021-10-27,0.0,21.46,45.52,0.4
Faisalabad,2021-10-28,0.0,21.73,43.41,0.4
Faisalabad,2021-10-29,0.0,22.92,39.28,0.39
Faisalabad,2021-10-30,0.0,22.82,43.3,0.39
Faisalabad,2021-10-31,0.0,23.51,37.04,0.39
Faisalabad,2021-11-01,0.0,21.44,42.03,0.39
Faisalabad,2021-11-02,0.01,20.65,49.3,0.39
Faisalabad,2021-11-03,0.0,20.14,47.67,0.39
Faisalabad,2021-11-04,0.0,20.15,44.7,0.38
Faisalabad,2021-11-05,0.0,20.52,41.03,0.38
Faisalabad,2021-11-06,0.0,19.73,48.77,0.38
Faisalabad,2021-11-07,0.0,21.02,44.31,0.38
Faisalabad,2021-11-08,0.0,21.46,42.49,0.38
Faisalabad,2021-11-09,0.0,21.92,42.61,0.38
Faisalabad,2021-11-10,0.0,21.65,39.53,0.38
Faisalabad,2021-11-11,0.0,20.65,40.99,0.37
Faisalabad,2021-11-12,0.0,20.47,41.09,0.37
Faisalabad,2021-11-13,0.0,21.14,33.55,0.37
Faisalabad,2021-11-14,0.0,18.93,37.69,0.37
Faisalabad,2021-11-15,0.0,18.39,37.35,0.37
Faisalabad,2021-11-16,0.0,18.76,32.75,0.37
Faisalabad,2021-11-17,0.0,18.5,31.43,0.37
Faisalabad,2021-11-18,0.0,18.26,30.28,0.37
Faisalabad,2021-11-19,0.0,18.14,33.75,0.37
Faisalabad,2021-11-20,0.0,18.88,36.06,0.36
Faisalabad,2021-11-21,0.0,17.64,43.7,0.36
Faisalabad,2021-11-22,0.0,17.62,37.03,0.36
Faisalabad,2021-11-23,0.0,18.52,27.46,0.36
Faisalabad,2021-11-24,0.0,17.16,33.47,0.36
Faisalabad,2021-11-25,0.0,17.22,39.95,0.36
Faisalabad,2021-11-26,0.0,17.62,39.95,0.36
Faisalabad,2021-11-27,0.0,15.97,50.42,0.36
Faisalabad,2021-11-28,0.0,17.02,49.03,0.36
Faisalabad,2021-11-29,0.0,16.38,51.51,0.36
Faisalabad,2021-11-30,0.0,17.77,42.07,0.36
Faisalabad,2021-12-01,0.0,17.87,36.69,0.35
Faisalabad,2021-12-02,0.0,17.28,37.1,0.35
Faisalabad,2021-12-03,0.0,16.25,40.13,0.35
Faisalabad,2021-12-04,0.0,17.47,35.36,0.35
Faisalabad,2021-12-05,0.47,16.6,37.04,0.35
Faisalabad,2021-12-06,0.48,15.19,65.4,0.35
Faisalabad,2021-12-07,0.0,14.95,52.21,0.35
Faisalabad,2021-12-08,0.0,15.79,37.78,0.35
Faisalabad,2021-12-09,0.0,15.88,36.31,0.35
Faisalabad,2021-12-10,0.0,14.8,39.51,0.35
Faisalabad,2021-12-11,0.0,15.75,29.61,0.35
Faisalabad,2021-12-12,0.0,15.85,28.95,0.35
Faisalabad,2021-12-13,0.0,14.26,33.0,0.35
Faisalabad,2021-12-14,0.0,13.7,34.82,0.35
Faisalabad,2021-12-15,0.0,12.44,41.99,0.35
Faisalabad,2021-12-16,0.0,10.85,47.05,0.35
Faisalabad,2021-12-17,0.18,10.57,35.32,0.35
Faisalabad,2021-12-18,0.0,9.72,32.37,0.35
Faisalabad,2021-12-19,0.0,10.42,27.69,0.35
Faisalabad,2021-12-20,0.0,12.01,29.76,0.35
Faisalabad,2021-12-21,0.0,12.87,24.2,0.35
Faisalabad,2021-12-22,0.0,12.9,30.09,0.34
Faisalabad,2021-12-23,0.0,13.47,35.75,0.34
Faisalabad,2021-12-24,0.0,13.57,49.06,0.34
Faisalabad,2021-12-25,0.0,14.57,47.01,0.34
Faisalabad,2021-12-26,0.34,14.38,44.25,0.34
Faisalabad,2021-12-27,0.45,12.75,56.91,0.34
Faisalabad,2021-12-28,0.0,11.75,62.05,0.34
Faisalabad,2021-12-29,0.0,10.93,51.36,0.34
Faisalabad,2021-12-30,0.0,11.18,38.7,0.34
Faisalabad,2021-12-31,0.0,12.5,34.44,0.34
Faisalabad,2022-01-01,0.0,13.4,32.66,0.34
Faisalabad,2022-01-02,0.0,12.89,42.8,0.34
Faisalabad,2022-01-03,0.0,13.98,45.85,0.34
Faisalabad,2022-01-04,1.06,13.09,66.44,0.34
Faisalabad,2022-01-05,22.65,11.63,87.17,0.37
Faisalabad,2022-01-06,3.84,12.65,81.51,0.39
Faisalabad,2022-01-07,8.38,13.67,82.54,0.4
Faisalabad,2022-01-08,27.47,11.54,85.07,0.46
Faisalabad,2022-01-09,0.66,11.04,77.62,0.45
Faisalabad,2022-01-10,0.0,11.3,67.32,0.45
Faisalabad,2022-01-11,0.0,10.06,68.45,0.45
Faisalabad,2022-01-12,0.0,11.14,59.02,0.44
Faisalabad,2022-01-13,0.0,13.24,48.87,0.44
Faisalabad,2022-01-14,0.0,13.03,50.76,0.44
Faisalabad,2022-01-15,0.0,12.67,52.94,0.44
Faisalabad,2022-01-16,0.0,13.77,44.51,0.44
Faisalabad,2022-01-17,0.0,12.82,50.09,0.44
Faisalabad,2022-01-18,0.0,13.78,58.6,0.43
Faisalabad,2022-01-19,1.42,12.2,80.53,0.43
Faisalabad,2022-01-20,0.39,13.31,75.33,0.44
Faisalabad,2022-01-21,0.02,13.76,64.73,0.43
Faisalabad,2022-01-22,12.67,11.52,86.66,0.44
Faisalabad,2022-01-23,2.56,11.62,85.47,0.46
Faisalabad,2022-01-24,0.14,11.06,74.31,0.46
Faisalabad,2022-01-25,0.0,11.26,64.69,0.46
Faisalabad,2022-01-26,0.0,11.62,54.66,0.45
Faisalabad,2022-01-27,0.0,12.99,42.39,0.45
Faisalabad,2022-01-28,0.0,12.91,42.88,0.45
Faisalabad,2022-01-29,0.0,13.1,46.46,0.45
Faisalabad,2022-01-30,0.0,13.46,53.28,0.45
Faisalabad,2022-01-31,0.0,13.78,57.03,0.44
Faisalabad,2022-02-01,0.0,13.92,58.33,0.44
Faisalabad,2022-02-02,0.47,13.62,57.35,0.44
Faisalabad,2022-02-03,1.97,12.04,79.53,0.44
Faisalabad,2022-02-04,0.03,10.8,75.56,0.44
Faisalabad,2022-02-05,0.0,12.27,61.84,0.44
Faisalabad,2022-02-06,0.0,12.91,51.47,0.44
Faisalabad,2022-02-07,0.0,13.9,56.71,0.44
Faisalabad,2022-02-08,0.0,14.4,55.1,0.43
Faisalabad,2022-02-09,0.0,15.69,49.8,0.43
Faisalabad,2022-02-10,0.0,14.31,51.92,0.43
Faisalabad,2022-02-11,0.0,14.56,46.9,0.43
Faisalabad,2022-02-12,0.0,15.38,42.72,0.43
Faisalabad,2022-02-13,0.0,15.28,46.26,0.42
Faisalabad,2022-02-14,0.0,15.75,48.24,0.42
Faisalabad,2022-02-15,0.0,15.98,52.31,0.42
Faisalabad,2022-02-16,0.0,16.36,56.15,0.42
Faisalabad,2022-02-17,0.0,16.34,56.8,0.42
Faisalabad,2022-02-18,0.0,16.2,55.35,0.42
Faisalabad,2022-02-19,0.0,16.99,49.75,0.41
Faisalabad,2022-02-20,0.0,17.08,44.76,0.41
Faisalabad,2022-02-21,0.0,16.44,37.63,0.41
Faisalabad,2022-02-22,1.85,17.76,48.7,0.41
Faisalabad,2022-02-23,0.0,16.32,63.18,0.41
Faisalabad,2022-02-24,0.06,17.79,57.96,0.41
Faisalabad,2022-02-25,2.66,17.43,64.22,0.41
Faisalabad,2022-02-26,1.79,15.49,75.49,0.41
Faisalabad,2022-02-27,0.02,15.69,62.5,0.41
Faisalabad,2022-02-28,0.12,15.09,52.97,0.41
Faisalabad,2022-03-01,0.02,17.66,53.02,0.4
Faisalabad,2022-03-02,1.41,17.8,58.99,0.4
Faisalabad,2022-03-03,4.26,16.84,73.18,0.41
Faisalabad,2022-03-04,0.0,16.85,65.62,0.41
Faisalabad,2022-03-05,0.0,19.07,52.26,0.41
Faisalabad,2022-03-06,0.07,20.94,48.92,0.4
Faisalabad,2022-03-07,5.2,19.31,64.86,0.41
Faisalabad,2022-03-08,0.0,19.72,54.77,0.41
Faisalabad,2022-03-09,0.0,21.64,51.5,0.4
Faisalabad,2022-03-10,0.0,22.31,54.1,0.4
Faisalabad,2022-03-11,0.0,24.27,40.81,0.4
Faisalabad,2022-03-12,0.0,24.67,41.94,0.4
Faisalabad,2022-03-13,0.0,25.98,45.97,0.39
Faisalabad,2022-03-14,0.0,27.06,43.61,0.39
Faisalabad,2022-03-15,0.0,26.57,43.97,0.39
Faisalabad,2022-03-16,0.0,26.51,42.14,0.39
Faisalabad,2022-03-17,0.0,28.55,34.62,0.38
Faisalabad,2022-03-18,0.0,27.92,39.61,0.38
Faisalabad,2022-03-19,0.14,27.35,48.24,0.38
Faisalabad,2022-03-20,0.0,28.21,46.49,0.37
Faisalabad,2022-03-21,0.0,27.74,43.69,0.37
Faisalabad,2022-03-22,0.0,27.2,34.52,0.37
Faisalabad,2022-03-23,0.0,27.27,29.19,0.37
Faisalabad,2022-03-24,0.0,26.51,27.67,0.36
Faisalabad,2022-03-25,0.0,25.91,38.06,0.36
Faisalabad,2022-03-26,0.0,27.1,29.2,0.36
Faisalabad,2022-03-27,0.0,27.94,26.87,0.36
Faisalabad,2022-03-28,0.0,27.56,22.01,0.36
Faisalabad,2022-03-29,0.0,28.28,23.76,0.35
Faisalabad,2022-03-30,0.0,28.83,26.83,0.35
Faisalabad,2022-03-31,0.0,27.91,27.04,0.35
Faisalabad,2022-04-01,0.0,28.81,20.12,0.35
Faisalabad,2022-04-02,0.0,29.09,15.77,0.35
Faisalabad,2022-04-03,0.0,27.64,20.57,0.34
Faisalabad,2022-04-04,0.0,29.0,23.3,0.34
Faisalabad,2022-04-05,0.0,29.52,21.32,0.34
Faisalabad,2022-04-06,0.0,31.45,17.17,0.34
Faisalabad,2022-04-07,0.0,32.37,14.58,0.34
Faisalabad,2022-04-08,0.0,32.72,15.04,0.34
Faisalabad,2022-04-09,0.0,32.39,17.46,0.34
Faisalabad,2022-04-10,0.0,32.85,20.69,0.34
Faisalabad,2022-04-11,0.0,33.74,19.29,0.34
Faisalabad,2022-04-12,0.0,34.26,14.65,0.34
Faisalabad,2022-04-13,0.0,31.18,24.6,0.33
Faisalabad,2022-04-14,0.0,31.96,23.34,0.33
Faisalabad,2022-04-15,0.0,30.9,23.93,0.33
Faisalabad,2022-04-16,0.0,32.31,18.42,0.33
Faisalabad,2022-04-17,0.0,32.92,15.0,0.33
Faisalabad,2022-04-18,0.0,33.4,16.12,0.33
Faisalabad,2022-04-19,0.0,33.38,25.65,0.33
Faisalabad,2022-04-20,0.0,32.65,28.12,0.33
Faisalabad,2022-04-21,0.14,31.87,24.33,0.33
Faisalabad,2022-04-22,0.02,30.84,22.54,0.33
Faisalabad,2022-04-23,0.0,30.84,25.32,0.33
Faisalabad,2022-04-24,0.0,32.13,22.04,0.33
Faisalabad,2022-04-25,0.0,32.88,22.19,0.33
Faisalabad,2022-04-26,0.0,33.23,19.2,0.33
Faisalabad,2022-04-27,0.0,35.57,13.3,0.33
Faisalabad,2022-04-28,0.0,36.64,12.96,0.33
Faisalabad,2022-04-29,0.0,35.66,14.24,0.33
Faisalabad,2022-04-30,0.0,35.92,17.66,0.33
Faisalabad,2022-05-01,0.0,36.82,15.08,0.33
Faisalabad,2022-05-02,0.0,36.51,13.41,0.33
Faisalabad,2022-05-03,0.86,35.33,16.13,0.33
Faisalabad,2022-05-04,3.75,33.45,26.07,0.34
Faisalabad,2022-05-05,2.53,31.15,41.94,0.34
Faisalabad,2022-05-06,2.9,31.98,36.44,0.35
Faisalabad,2022-05-07,0.87,34.32,28.1,0.34
Faisalabad,2022-05-08,0.0,36.71,21.22,0.34
Faisalabad,2022-05-09,0.0,36.59,20.9,0.34
Faisalabad,2022-05-10,0.19,35.73,25.24,0.34
Faisalabad,2022-05-11,0.0,36.63,21.65,0.34
Faisalabad,2022-05-12,0.0,37.82,16.02,0.34
Faisalabad,2022-05-13,0.0,37.01,14.4,0.34
Faisalabad,2022-05-14,0.0,37.92,10.9,0.33
Faisalabad,2022-05-15,0.0,37.83,10.01,0.33
Faisalabad,2022-05-16,0.0,37.0,14.09,0.33
Faisalabad,2022-05-17,0.0,37.72,15.68,0.33
Faisalabad,2022-05-18,0.16,36.54,16.95,0.33
Faisalabad,2022-05-19,0.0,37.92,14.6,0.33
Faisalabad,2022-05-20,0.16,36.53,17.61,0.33
Faisalabad,2022-05-21,0.0,35.9,21.08,0.33
Faisalabad,2022-05-22,0.04,36.1,13.58,0.33
Faisalabad,2022-05-23,3.09,32.77,24.14,0.33
Faisalabad,2022-05-24,0.11,28.56,41.92,0.34
Faisalabad,2022-05-25,0.04,31.94,35.55,0.34
Faisalabad,2022-05-26,0.0,35.05,25.79,0.34
Faisalabad,2022-05-27,0.0,37.23,24.4,0.34
Faisalabad,2022-05-28,0.22,37.78,23.06,0.34
Faisalabad,2022-05-29,0.02,37.33,23.68,0.34
Faisalabad,2022-05-30,0.04,37.3,23.02,0.33
Faisalabad,2022-05-31,0.0,36.48,21.56,0.33
Faisalabad,2022-06-01,0.35,36.6,20.08,0.33
Faisalabad,2022-06-02,0.0,36.53,15.67,0.33
Faisalabad,2022-06-03,0.0,37.24,12.01,0.33
Faisalabad,2022-06-04,0.0,38.32,8.66,0.33
Faisalabad,2022-06-05,0.0,38.59,8.83,0.33
Faisalabad,2022-06-06,0.0,38.93,11.04,0.33
Faisalabad,2022-06-07,0.0,39.11,11.57,0.33
Faisalabad,2022-06-08,0.0,38.67,12.94,0.33
Faisalabad,2022-06-09,0.0,38.8,13.77,0.33
Faisalabad,2022-06-10,0.0,38.92,16.63,0.33
Faisalabad,2022-06-11,0.0,39.48,18.28,0.33
Faisalabad,2022-06-12,0.0,39.61,21.68,0.33
Faisalabad,2022-06-13,2.6,38.74,22.69,0.34
Faisalabad,2022-06-14,0.0,39.83,24.05,0.34
Faisalabad,2022-06-15,0.0,40.1,25.1,0.34
Faisalabad,2022-06-16,0.11,39.73,24.04,0.33
Faisalabad,2022-06-17,9.54,35.81,36.73,0.35
Faisalabad,2022-06-18,18.63,32.21,52.34,0.37
Faisalabad,2022-06-19,4.77,31.15,53.13,0.38
Faisalabad,2022-06-20,0.2,32.28,47.64,0.37
Faisalabad,2022-06-21,32.05,27.4,66.0,0.4
Faisalabad,2022-06-22,0.31,28.78,60.51,0.43
Faisalabad,2022-06-23,0.0,31.14,42.11,0.42
Faisalabad,2022-06-24,0.0,33.55,32.44,0.41
Faisalabad,2022-06-25,0.0,34.58,28.03,0.4
Faisalabad,2022-06-26,0.0,35.6,29.99,0.4
Faisalabad,2022-06-27,0.0,36.34,34.06,0.39
Faisalabad,2022-06-28,0.0,37.82,33.41,0.39
Faisalabad,2022-06-29,0.0,39.02,33.01,0.38
Faisalabad,2022-06-30,0.15,37.97,37.74,0.38
Faisalabad,2022-07-01,19.89,32.36,59.88,0.4
Faisalabad,2022-07-02,1.55,33.11,58.73,0.41
Faisalabad,2022-07-03,0.26,34.86,51.44,0.4
Faisalabad,2022-07-04,0.71,35.53,50.78,0.4
Faisalabad,2022-07-05,1.63,35.64,52.55,0.4
Faisalabad,2022-07-06,7.8,35.04,56.39,0.4
Faisalabad,2022-07-07,0.89,34.69,55.02,0.4
Faisalabad,2022-07-08,4.73,35.84,51.51,0.4
Faisalabad,2022-07-09,2.46,35.49,51.38,0.4
Faisalabad,2022-07-10,6.94,33.49,59.36,0.41
Faisalabad,2022-07-11,0.53,34.1,55.54,0.41
Faisalabad,2022-07-12,0.35,35.82,47.82,0.4
Faisalabad,2022-07-13,7.08,35.46,53.35,0.41
Faisalabad,2022-07-14,33.91,31.83,68.02,0.44
Faisalabad,2022-07-15,37.73,29.02,79.77,0.5
Faisalabad,2022-07-16,13.62,30.34,75.33,0.52
Faisalabad,2022-07-17,9.22,30.01,78.21,0.53
Faisalabad,2022-07-18,0.39,31.8,67.8,0.53
Faisalabad,2022-07-19,0.22,33.08,66.88,0.52
Faisalabad,2022-07-20,1.33,34.13,62.77,0.5
Faisalabad,2022-07-21,25.99,30.85,75.63,0.52
Faisalabad,2022-07-22,6.52,29.14,84.09,0.54
Faisalabad,2022-07-23,8.12,28.35,87.26,0.54
Faisalabad,2022-07-24,15.36,28.73,85.59,0.56
Faisalabad,2022-07-25,17.56,29.0,83.43,0.58
Faisalabad,2022-07-26,3.85,29.68,79.97,0.59
Faisalabad,2022-07-27,1.41,30.61,77.21,0.58
Faisalabad,2022-07-28,1.71,30.36,78.09,0.57
Faisalabad,2022-07-29,8.32,29.41,84.05,0.57
Faisalabad,2022-07-30,6.85,30.1,80.35,0.57
Faisalabad,2022-07-31,6.64,29.5,84.24,0.57
Faisalabad,2022-08-01,5.53,29.5,82.2,0.58
Faisalabad,2022-08-02,0.49,30.57,77.42,0.58
Faisalabad,2022-08-03,0.61,31.89,73.24,0.57
Faisalabad,2022-08-04,0.95,31.68,73.02,0.56
Faisalabad,2022-08-05,1.7,30.28,77.42,0.55
Faisalabad,2022-08-06,7.75,29.67,80.36,0.55
Faisalabad,2022-08-07,8.14,30.36,78.67,0.55
Faisalabad,2022-08-08,7.61,30.26,80.53,0.56
Faisalabad,2022-08-09,0.82,30.58,80.08,0.55
Faisalabad,2022-08-10,0.44,32.16,71.24,0.55
Faisalabad,2022-08-11,1.3,30.24,76.18,0.54
Faisalabad,2022-08-12,0.01,30.71,69.13,0.53
Faisalabad,2022-08-13,0.0,31.89,69.58,0.52
Faisalabad,2022-08-14,0.53,31.56,70.45,0.51
Faisalabad,2022-08-15,11.61,29.68,79.44,0.51
Faisalabad,2022-08-16,1.01,30.29,73.39,0.51
Faisalabad,2022-08-17,20.32,29.13,77.23,0.52
Faisalabad,2022-08-18,2.97,30.11,76.83,0.54
Faisalabad,2022-08-19,0.21,30.16,74.18,0.52
Faisalabad,2022-08-20,7.8,30.02,73.61,0.52
Faisalabad,2022-08-21,0.55,30.52,69.59,0.52
Faisalabad,2022-08-22,0.84,31.28,65.49,0.51
Faisalabad,2022-08-23,5.96,31.91,67.02,0.5
Faisalabad,2022-08-24,20.29,29.26,79.28,0.52
Faisalabad,2022-08-25,16.09,28.87,80.26,0.54
Faisalabad,2022-08-26,10.06,28.93,80.03,0.55
Faisalabad,2022-08-27,0.24,29.08,78.36,0.54
Faisalabad,2022-08-28,6.45,29.51,78.1,0.54
Faisalabad,2022-08-29,13.33,29.74,79.76,0.55
Faisalabad,2022-08-30,3.02,29.85,76.45,0.55
Faisalabad,2022-08-31,0.01,30.47,72.81,0.54
Faisalabad,2022-09-01,0.0,31.22,68.12,0.53
Faisalabad,2022-09-02,0.0,31.3,67.44,0.52
Faisalabad,2022-09-03,0.01,31.12,66.99,0.51
Faisalabad,2022-09-04,1.66,31.0,70.13,0.5
Faisalabad,2022-09-05,4.48,30.11,69.87,0.5
Faisalabad,2022-09-06,4.72,30.19,71.02,0.5
Faisalabad,2022-09-07,0.3,30.87,65.04,0.5
Faisalabad,2022-09-08,0.07,31.7,58.48,0.49
Faisalabad,2022-09-09,0.39,31.74,57.07,0.48
Faisalabad,2022-09-10,0.75,31.67,59.06,0.48
Faisalabad,2022-09-11,1.73,30.85,62.48,0.47
Faisalabad,2022-09-12,12.44,29.13,74.07,0.48
Faisalabad,2022-09-13,0.0,30.17,68.12,0.48
Faisalabad,2022-09-14,0.0,30.8,63.59,0.48
Faisalabad,2022-09-15,0.14,31.04,61.44,0.47
Faisalabad,2022-09-16,2.72,30.67,58.15,0.47
Faisalabad,2022-09-17,2.63,30.44,59.85,0.46
Faisalabad,2022-09-18,1.23,29.8,66.48,0.46
Faisalabad,2022-09-19,0.0,30.89,58.44,0.46
Faisalabad,2022-09-20,0.07,30.85,57.64,0.45
Faisalabad,2022-09-21,0.0,31.33,54.65,0.45
Faisalabad,2022-09-22,0.29,31.03,57.94,0.44
Faisalabad,2022-09-23,0.98,30.53,60.33,0.44
Faisalabad,2022-09-24,5.39,28.57,69.51,0.44
Faisalabad,2022-09-25,2.11,28.93,63.81,0.44
Faisalabad,2022-09-26,2.03,29.19,61.23,0.44
Faisalabad,2022-09-27,2.33,29.5,55.77,0.44
Faisalabad,2022-09-28,0.05,29.79,55.61,0.43
Faisalabad,2022-09-29,0.0,29.9,53.33,0.43
Faisalabad,2022-09-30,0.0,29.89,51.87,0.43
Faisalabad,2022-10-01,0.0,30.14,46.4,0.42
Faisalabad,2022-10-02,0.31,29.81,47.19,0.42
Faisalabad,2022-10-03,0.0,29.74,49.14,0.41
Faisalabad,2022-10-04,0.0,29.7,48.28,0.41
Faisalabad,2022-10-05,0.0,29.51,46.01,0.41
Faisalabad,2022-10-06,0.0,28.65,42.98,0.4
Faisalabad,2022-10-07,0.0,27.81,52.37,0.4
Faisalabad,2022-10-08,0.0,27.81,54.96,0.4
Faisalabad,2022-10-09,0.0,28.05,53.74,0.4
Faisalabad,2022-10-10,0.38,27.46,57.24,0.4
Faisalabad,2022-10-11,2.34,26.81,59.94,0.4
Faisalabad,2022-10-12,0.19,26.11,57.65,0.4
Faisalabad,2022-10-13,0.0,26.01,55.85,0.39
Faisalabad,2022-10-14,0.0,25.85,52.88,0.39
Faisalabad,2022-10-15,0.0,26.74,40.89,0.39
Faisalabad,2022-10-16,0.0,25.69,40.92,0.39
Faisalabad,2022-10-17,0.0,25.54,35.75,0.38
Faisalabad,2022-10-18,0.0,25.83,35.66,0.38
Faisalabad,2022-10-19,0.0,25.18,41.98,0.38
Faisalabad,2022-10-20,1.25,24.34,51.88,0.38
Faisalabad,2022-10-21,0.49,23.43,52.53,0.38
Faisalabad,2022-10-22,0.0,22.9,43.61,0.38
Faisalabad,2022-10-23,0.0,23.29,41.6,0.37
Faisalabad,2022-10-24,0.0,24.16,41.89,0.37
Faisalabad,2022-10-25,0.0,24.49,40.88,0.37
Faisalabad,2022-10-26,0.0,24.42,42.9,0.37
Faisalabad,2022-10-27,0.0,24.6,41.11,0.37
Faisalabad,2022-10-28,0.0,24.83,41.27,0.37
Faisalabad,2022-10-29,0.0,24.8,36.01,0.36
Faisalabad,2022-10-30,0.0,24.84,33.3,0.36
Faisalabad,2022-10-31,0.0,24.59,40.47,0.36
Faisalabad,2022-11-01,0.0,23.93,45.12,0.36
Faisalabad,2022-11-02,0.0,24.06,49.03,0.36
Faisalabad,2022-11-03,0.0,23.77,48.4,0.36
Faisalabad,2022-11-04,0.0,24.55,47.89,0.36
Faisalabad,2022-11-05,1.96,22.81,57.12,0.35
Faisalabad,2022-11-06,6.2,21.05,82.39,0.37
Faisalabad,2022-11-07,0.05,20.99,68.87,0.37
Faisalabad,2022-11-08,0.02,21.35,54.62,0.37
Faisalabad,2022-11-09,0.11,21.6,47.57,0.37
Faisalabad,2022-11-10,0.26,19.82,57.94,0.36
Faisalabad,2022-11-11,0.0,19.76,52.11,0.36
Faisalabad,2022-11-12,0.0,19.89,45.61,0.36
Faisalabad,2022-11-13,0.55,18.79,49.16,0.36
Faisalabad,2022-11-14,8.51,18.12,78.51,0.37
Faisalabad,2022-11-15,0.35,16.88,70.23,0.38
Faisalabad,2022-11-16,0.0,17.37,59.03,0.38
Faisalabad,2022-11-17,0.0,17.66,50.92,0.37
Faisalabad,2022-11-18,0.0,17.23,40.26,0.37
Faisalabad,2022-11-19,0.0,17.21,41.28,0.37
Faisalabad,2022-11-20,0.0,16.88,55.84,0.37
Faisalabad,2022-11-21,0.0,16.76,48.33,0.37
Faisalabad,2022-11-22,0.0,17.03,37.93,0.37
Faisalabad,2022-11-23,0.0,17.37,34.6,0.37
Faisalabad,2022-11-24,0.0,18.99,28.99,0.36
Faisalabad,2022-11-25,0.0,19.28,31.89,0.36
Faisalabad,2022-11-26,0.0,17.96,39.41,0.36
Faisalabad,2022-11-27,0.0,17.9,41.8,0.36
Faisalabad,2022-11-28,0.0,17.92,39.39,0.36
Faisalabad,2022-11-29,0.0,18.3,39.48,0.36
Faisalabad,2022-11-30,0.0,17.64,43.48,0.36
Faisalabad,2022-12-01,0.0,18.35,41.1,0.36
Faisalabad,2022-12-02,0.0,18.08,36.7,0.36
Faisalabad,2022-12-03,0.0,16.28,44.7,0.36
Faisalabad,2022-12-04,0.0,16.61,47.51,0.36
Faisalabad,2022-12-05,0.0,17.91,38.24,0.35
Faisalabad,2022-12-06,0.0,17.32,37.03,0.35
Faisalabad,2022-12-07,0.0,17.28,39.39,0.35
Faisalabad,2022-12-08,0.0,15.88,47.93,0.35
Faisalabad,2022-12-09,0.0,18.24,43.38,0.35
Faisalabad,2022-12-10,0.0,19.03,42.64,0.35
Faisalabad,2022-12-11,0.0,17.2,50.57,0.35
Faisalabad,2022-12-12,0.0,16.34,52.19,0.35
Faisalabad,2022-12-13,0.0,15.88,50.28,0.35
Faisalabad,2022-12-14,0.0,15.02,39.06,0.35
Faisalabad,2022-12-15,0.0,15.3,30.51,0.35
Faisalabad,2022-12-16,0.0,16.15,29.63,0.35
Faisalabad,2022-12-17,0.0,17.31,29.28,0.35
Faisalabad,2022-12-18,0.0,16.59,40.42,0.35
Faisalabad,2022-12-19,0.0,16.05,35.01,0.35
Faisalabad,2022-12-20,0.0,15.59,38.49,0.34
Faisalabad,2022-12-21,0.0,14.62,41.11,0.34
Faisalabad,2022-12-22,0.0,14.39,39.52,0.34
Faisalabad,2022-12-23,0.0,13.87,34.92,0.34
Faisalabad,2022-12-24,0.0,11.67,34.08,0.34
Faisalabad,2022-12-25,0.0,11.81,38.42,0.34
Faisalabad,2022-12-26,0.0,11.65,44.6,0.34
Faisalabad,2022-12-27,0.0,11.99,42.17,0.34
Faisalabad,2022-12-28,0.15,14.06,39.47,0.34
Faisalabad,2022-12-29,1.51,15.78,62.04,0.34
Faisalabad,2022-12-30,0.46,13.87,72.72,0.35
Faisalabad,2022-12-31,0.0,11.89,58.71,0.34
Faisalabad,2023-01-01,0.0,11.74,41.55,0.34
Faisalabad,2023-01-02,0.0,11.92,39.6,0.34
Faisalabad,2023-01-03,0.0,11.58,37.73,0.34
Faisalabad,2023-01-04,0.0,10.56,42.96,0.34
Faisalabad,2023-01-05,0.0,11.7,30.92,0.34
Faisalabad,2023-01-06,0.0,12.35,26.54,0.34
Faisalabad,2023-01-07,0.0,12.05,32.7,0.34
Faisalabad,2023-01-08,0.0,10.92,49.13,0.34
Faisalabad,2023-01-09,0.0,11.85,70.72,0.34
Faisalabad,2023-01-10,0.0,13.74,61.16,0.34
Faisalabad,2023-01-11,1.8,13.7,57.92,0.34
Faisalabad,2023-01-12,0.76,12.84,71.63,0.34
Faisalabad,2023-01-13,0.59,7.86,35.29,0.35
Faisalabad,2023-01-14,0.19,6.93,36.95,0.35
Faisalabad,2023-01-15,0.0,8.74,32.91,0.34
Faisalabad,2023-01-16,0.0,9.3,28.52,0.34
Faisalabad,2023-01-17,0.0,9.65,28.75,0.34
Faisalabad,2023-01-18,0.0,10.19,33.51,0.34
Faisalabad,2023-01-19,0.08,12.1,36.69,0.34
Faisalabad,2023-01-20,0.89,11.12,63.55,0.34
Faisalabad,2023-01-21,0.28,10.99,66.87,0.34
Faisalabad,2023-01-22,0.0,11.22,56.16,0.34
Faisalabad,2023-01-23,0.0,10.43,52.73,0.34
Faisalabad,2023-01-24,0.05,11.65,47.63,0.34
Faisalabad,2023-01-25,0.54,10.25,53.09,0.34
Faisalabad,2023-01-26,0.0,9.94,53.95,0.34
Faisalabad,2023-01-27,0.0,11.31,44.8,0.34
Faisalabad,2023-01-28,0.0,12.3,38.88,0.34
Faisalabad,2023-01-29,0.18,13.46,48.19,0.34
Faisalabad,2023-01-30,4.1,13.84,74.81,0.35
Faisalabad,2023-01-31,0.86,12.99,70.27,0.35
Faisalabad,2023-02-01,0.0,13.47,55.16,0.35
Faisalabad,2023-02-02,0.0,15.01,44.88,0.35
Faisalabad,2023-02-03,0.0,14.73,62.24,0.35
Faisalabad,2023-02-04,0.0,16.33,54.96,0.34
Faisalabad,2023-02-05,0.02,17.62,46.63,0.34
Faisalabad,2023-02-06,0.01,17.56,45.51,0.34
Faisalabad,2023-02-07,0.0,15.15,52.02,0.34
Faisalabad,2023-02-08,0.0,15.21,37.48,0.34
Faisalabad,2023-02-09,0.2,15.32,45.29,0.34
Faisalabad,2023-02-10,0.0,16.15,36.83,0.34
Faisalabad,2023-02-11,0.0,13.59,41.71,0.34
Faisalabad,2023-02-12,0.0,12.57,29.42,0.34
Faisalabad,2023-02-13,0.0,14.4,23.85,0.34
Faisalabad,2023-02-14,0.0,17.29,27.17,0.34
Faisalabad,2023-02-15,0.0,19.68,34.75,0.34
Faisalabad,2023-02-16,0.0,21.48,33.52,0.34
Faisalabad,2023-02-17,0.0,22.76,28.62,0.34
Faisalabad,2023-02-18,0.0,22.83,26.53,0.34
Faisalabad,2023-02-19,0.0,22.84,22.73,0.34
Faisalabad,2023-02-20,0.0,21.67,33.87,0.34
Faisalabad,2023-02-21,0.0,20.47,39.91,0.34
Faisalabad,2023-02-22,0.0,18.41,36.11,0.34
Faisalabad,2023-02-23,0.0,19.63,34.17,0.34
Faisalabad,2023-02-24,0.0,21.8,30.65,0.34
Faisalabad,2023-02-25,0.0,22.6,29.58,0.34
Faisalabad,2023-02-26,0.0,22.86,33.6,0.34
Faisalabad,2023-02-27,0.21,21.67,44.0,0.34
Faisalabad,2023-02-28,0.39,20.83,46.85,0.34
Faisalabad,2023-03-01,1.7,18.92,65.12,0.34
Faisalabad,2023-03-02,0.0,18.78,65.32,0.34
Faisalabad,2023-03-03,0.0,19.09,54.36,0.34
Faisalabad,2023-03-04,0.0,21.02,43.94,0.34
Faisalabad,2023-03-05,0.0,21.89,40.98,0.34
Faisalabad,2023-03-06,0.0,22.85,36.54,0.34
Faisalabad,2023-03-07,0.0,23.6,35.71,0.34
Faisalabad,2023-03-08,0.0,24.27,31.26,0.34
Faisalabad,2023-03-09,0.0,24.77,23.09,0.34
Faisalabad,2023-03-10,0.0,25.28,22.24,0.34
Faisalabad,2023-03-11,0.0,25.61,23.61,0.34
Faisalabad,2023-03-12,0.0,24.71,27.49,0.34
Faisalabad,2023-03-13,0.0,26.38,38.57,0.34
Faisalabad,2023-03-14,0.0,27.17,28.67,0.34
Faisalabad,2023-03-15,0.0,27.33,25.09,0.34
Faisalabad,2023-03-16,0.11,25.59,24.33,0.34
Faisalabad,2023-03-17,7.92,19.23,71.6,0.35
Faisalabad,2023-03-18,0.11,20.67,60.99,0.35
Faisalabad,2023-03-19,0.16,20.37,62.18,0.35
Faisalabad,2023-03-20,0.5,22.19,52.38,0.35
Faisalabad,2023-03-21,1.67,21.29,57.39,0.35
Faisalabad,2023-03-22,0.91,22.15,51.84,0.35
Faisalabad,2023-03-23,0.65,22.1,52.43,0.35
Faisalabad,2023-03-24,18.67,19.16,75.04,0.37
Faisalabad,2023-03-25,12.36,18.17,81.71,0.4
Faisalabad,2023-03-26,0.0,19.1,59.79,0.4
Faisalabad,2023-03-27,0.0,21.57,42.85,0.39
Faisalabad,2023-03-28,0.04,23.61,39.44,0.39
Faisalabad,2023-03-29,1.8,22.77,51.18,0.39
Faisalabad,2023-03-30,1.41,22.88,59.55,0.39
Faisalabad,2023-03-31,18.24,19.14,81.46,0.41
Faisalabad,2023-04-01,9.05,20.22,74.06,0.43
Faisalabad,2023-04-02,0.8,21.8,62.97,0.43
Faisalabad,2023-04-03,6.02,22.02,65.45,0.43
Faisalabad,2023-04-04,0.02,21.72,61.48,0.43
Faisalabad,2023-04-05,0.69,23.05,55.81,0.43
Faisalabad,2023-04-06,0.76,23.04,52.7,0.42
Faisalabad,2023-04-07,0.0,23.71,42.31,0.42
Faisalabad,2023-04-08,0.0,25.69,36.08,0.41
Faisalabad,2023-04-09,0.0,27.63,28.66,0.41
Faisalabad,2023-04-10,0.0,29.42,23.24,0.41
Faisalabad,2023-04-11,0.0,29.97,27.09,0.4
Faisalabad,2023-04-12,0.0,29.83,30.27,0.4
Faisalabad,2023-04-13,0.0,29.47,30.59,0.4
Faisalabad,2023-04-14,0.0,31.35,26.99,0.39
Faisalabad,2023-04-15,0.0,31.93,23.58,0.39
Faisalabad,2023-04-16,0.0,30.06,30.88,0.38
Faisalabad,2023-04-17,0.29,30.44,37.42,0.38
Faisalabad,2023-04-18,2.38,28.19,46.9,0.38
Faisalabad,2023-04-19,6.31,24.89,60.53,0.39
Faisalabad,2023-04-20,0.29,26.18,49.18,0.39
Faisalabad,2023-04-21,0.0,25.17,48.74,0.39
Faisalabad,2023-04-22,0.0,25.75,38.13,0.38
Faisalabad,2023-04-23,0.02,26.96,32.13,0.38
Faisalabad,2023-04-24,0.0,28.29,25.82,0.38
Faisalabad,2023-04-25,0.0,29.33,27.41,0.37
Faisalabad,2023-04-26,0.01,29.7,30.64,0.37
Faisalabad,2023-04-27,0.17,27.92,40.83,0.37
Faisalabad,2023-04-28,0.34,28.16,45.81,0.36
Faisalabad,2023-04-29,0.22,26.4,54.48,0.36
Faisalabad,2023-04-30,0.11,26.29,55.92,0.36
Faisalabad,2023-05-01,1.28,25.82,56.51,0.36
Faisalabad,2023-05-02,11.54,23.23,69.98,0.38
Faisalabad,2023-05-03,1.56,24.92,60.26,0.38
Faisalabad,2023-05-04,1.91,26.41,53.12,0.38
Faisalabad,2023-05-05,4.55,28.22,49.1,0.39
Faisalabad,2023-05-06,1.61,30.33,37.8,0.38
Faisalabad,2023-05-07,1.48,28.81,40.51,0.38
Faisalabad,2023-05-08,0.09,27.68,36.87,0.38
Faisalabad,2023-05-09,0.0,27.67,31.71,0.37
Faisalabad,2023-05-10,0.0,28.53,25.51,0.37
Faisalabad,2023-05-11,0.0,32.1,20.16,0.37
Faisalabad,2023-05-12,0.0,32.91,24.4,0.36
Faisalabad,2023-05-13,0.0,33.78,24.75,0.36
Faisalabad,2023-05-14,0.01,32.18,33.31,0.36
Faisalabad,2023-05-15,0.0,33.42,29.23,0.35
Faisalabad,2023-05-16,0.0,32.9,30.49,0.35
Faisalabad,2023-05-17,0.1,33.65,35.35,0.35
Faisalabad,2023-05-18,2.1,30.53,43.36,0.35
Faisalabad,2023-05-19,0.0,32.62,31.12,0.35
Faisalabad,2023-05-20,0.0,34.71,20.32,0.35
Faisalabad,2023-05-21,0.0,36.28,18.69,0.34
Faisalabad,2023-05-22,0.0,37.09,22.21,0.34
Faisalabad,2023-05-23,0.73,36.65,26.91,0.34
Faisalabad,2023-05-24,0.46,34.9,32.62,0.34
Faisalabad,2023-05-25,4.35,32.85,43.87,0.34
Faisalabad,2023-05-26,5.13,31.15,48.03,0.35
Faisalabad,2023-05-27,8.16,30.22,53.55,0.36
Faisalabad,2023-05-28,1.03,30.18,46.67,0.36
Faisalabad,2023-05-29,7.03,26.81,58.25,0.37
Faisalabad,2023-05-30,1.79,25.22,66.02,0.37
Faisalabad,2023-05-31,10.17,25.34,66.64,0.38
Faisalabad,2023-06-01,10.38,24.44,70.88,0.4
Faisalabad,2023-06-02,0.01,27.1,54.23,0.4
Faisalabad,2023-06-03,0.84,30.78,41.31,0.39
Faisalabad,2023-06-04,0.26,32.56,42.39,0.39
Faisalabad,2023-06-05,0.0,33.29,39.84,0.38
Faisalabad,2023-06-06,0.89,34.3,40.44,0.38
Faisalabad,2023-06-07,7.38,32.38,46.92,0.39
Faisalabad,2023-06-08,0.02,34.06,42.02,0.38
Faisalabad,2023-06-09,0.0,36.68,36.38,0.38
Faisalabad,2023-06-10,1.91,37.56,39.65,0.38
Faisalabad,2023-06-11,0.83,35.57,40.79,0.37
Faisalabad,2023-06-12,0.0,36.61,35.41,0.37
Faisalabad,2023-06-13,0.01,37.71,33.82,0.37
Faisalabad,2023-06-14,2.09,36.46,38.33,0.36
Faisalabad,2023-06-15,20.75,33.13,53.24,0.39
Faisalabad,2023-06-16,0.2,33.91,47.79,0.39
Faisalabad,2023-06-17,0.0,35.92,42.63,0.39
Faisalabad,2023-06-18,0.26,36.72,40.75,0.38
Faisalabad,2023-06-19,5.77,36.23,42.94,0.38
Faisalabad,2023-06-20,0.0,37.99,39.07,0.38
Faisalabad,2023-06-21,0.0,39.21,36.83,0.38
Faisalabad,2023-06-22,0.0,39.54,35.36,0.37
Faisalabad,2023-06-23,0.0,40.02,32.19,0.37
Faisalabad,2023-06-24,0.01,40.02,32.94,0.36
Faisalabad,2023-06-25,3.56,39.08,36.18,0.36
Faisalabad,2023-06-26,55.67,31.83,70.32,0.43
Faisalabad,2023-06-27,0.69,32.48,62.51,0.45
Faisalabad,2023-06-28,1.15,33.85,54.88,0.44
Faisalabad,2023-06-29,11.93,33.96,56.84,0.44
Faisalabad,2023-06-30,3.26,34.31,55.04,0.45
Faisalabad,2023-07-01,5.37,33.66,59.19,0.45
Faisalabad,2023-07-02,11.72,34.95,57.11,0.46
Faisalabad,2023-07-03,1.75,35.83,51.37,0.46
Faisalabad,2023-07-04,9.48,35.79,50.89,0.46
Faisalabad,2023-07-05,41.98,30.84,76.3,0.51
Faisalabad,2023-07-06,8.12,30.76,72.57,0.53
Faisalabad,2023-07-07,6.47,29.96,75.68,0.52
Faisalabad,2023-07-08,10.32,29.39,82.15,0.53
Faisalabad,2023-07-09,3.16,29.57,73.05,0.53
Faisalabad,2023-07-10,0.14,30.84,70.55,0.52
Faisalabad,2023-07-11,0.0,32.85,62.18,0.51
Faisalabad,2023-07-12,0.0,33.48,57.9,0.5
Faisalabad,2023-07-13,2.34,33.09,61.0,0.49
Faisalabad,2023-07-14,1.31,32.69,62.92,0.49
Faisalabad,2023-07-15,11.07,32.33,65.93,0.49
Faisalabad,2023-07-16,9.75,32.09,70.86,0.5
Faisalabad,2023-07-17,0.62,32.94,67.35,0.5
Faisalabad,2023-07-18,0.97,33.25,64.64,0.49
Faisalabad,2023-07-19,9.95,31.19,76.29,0.5
Faisalabad,2023-07-20,5.91,31.08,76.25,0.5
Faisalabad,2023-07-21,4.45,31.04,77.54,0.5
Faisalabad,2023-07-22,17.99,29.5,86.33,0.52
Faisalabad,2023-07-23,15.26,28.93,77.87,0.55
Faisalabad,2023-07-24,3.42,30.63,72.61,0.55
Faisalabad,2023-07-25,8.08,30.21,81.05,0.55
Faisalabad,2023-07-26,10.56,29.89,79.41,0.55
Faisalabad,2023-07-27,11.92,30.51,78.65,0.57
Faisalabad,2023-07-28,3.56,30.82,76.81,0.56
Faisalabad,2023-07-29,16.74,30.98,76.77,0.57
Faisalabad,2023-07-30,3.45,31.39,71.75,0.58
Faisalabad,2023-07-31,0.06,32.66,64.37,0.57
Faisalabad,2023-08-01,1.86,33.07,65.61,0.55
Faisalabad,2023-08-02,1.02,33.53,66.58,0.54
Faisalabad,2023-08-03,1.49,33.28,66.16,0.54
Faisalabad,2023-08-04,1.57,33.51,63.97,0.53
Faisalabad,2023-08-05,1.43,33.62,62.01,0.52
Faisalabad,2023-08-06,2.27,34.13,62.02,0.51
Faisalabad,2023-08-07,0.23,33.83,60.58,0.51
Faisalabad,2023-08-08,0.13,34.12,58.74,0.5
Faisalabad,2023-08-09,0.16,34.46,57.4,0.49
Faisalabad,2023-08-10,0.45,33.89,55.36,0.48
Faisalabad,2023-08-11,0.01,33.59,54.87,0.47
Faisalabad,2023-08-12,0.0,34.48,51.59,0.47
Faisalabad,2023-08-13,0.0,34.93,50.43,0.46
Faisalabad,2023-08-14,1.35,33.85,54.0,0.45
Faisalabad,2023-08-15,1.16,33.56,56.58,0.45
Faisalabad,2023-08-16,0.28,34.1,53.65,0.44
Faisalabad,2023-08-17,0.02,34.68,51.31,0.44
Faisalabad,2023-08-18,0.08,34.99,48.46,0.43
Faisalabad,2023-08-19,0.01,34.12,52.31,0.43
Faisalabad,2023-08-20,0.2,33.86,57.98,0.42
Faisalabad,2023-08-21,0.0,34.97,52.02,0.42
Faisalabad,2023-08-22,0.0,36.51,43.6,0.41
Faisalabad,2023-08-23,0.0,36.6,39.67,0.41
Faisalabad,2023-08-24,0.96,35.03,43.92,0.41
Faisalabad,2023-08-25,4.48,33.68,46.0,0.41
Faisalabad,2023-08-26,7.24,32.32,56.66,0.41
Faisalabad,2023-08-27,6.05,32.22,58.19,0.42
Faisalabad,2023-08-28,3.69,33.02,55.21,0.42
Faisalabad,2023-08-29,2.25,32.44,55.33,0.42
Faisalabad,2023-08-30,0.05,34.03,45.58,0.41
Faisalabad,2023-08-31,0.0,34.28,42.47,0.41
Faisalabad,2023-09-01,0.0,34.41,39.73,0.4
Faisalabad,2023-09-02,0.0,33.57,39.9,0.4
Faisalabad,2023-09-03,0.0,34.24,39.76,0.4
Faisalabad,2023-09-04,0.0,34.42,40.69,0.39
Faisalabad,2023-09-05,0.39,33.82,39.46,0.39
Faisalabad,2023-09-06,0.0,33.48,44.42,0.38
Faisalabad,2023-09-07,0.0,33.74,44.55,0.38
Faisalabad,2023-09-08,0.0,34.35,45.57,0.38
Faisalabad,2023-09-09,0.29,34.14,46.24,0.38
Faisalabad,2023-09-10,0.58,33.96,46.12,0.37
Faisalabad,2023-09-11,0.34,34.37,47.73,0.37
Faisalabad,2023-09-12,0.0,35.15,43.49,0.37
Faisalabad,2023-09-13,0.01,34.91,41.95,0.37
Faisalabad,2023-09-14,0.01,35.07,45.52,0.36
Faisalabad,2023-09-15,2.48,34.37,49.88,0.36
Faisalabad,2023-09-16,6.88,32.63,57.86,0.37
Faisalabad,2023-09-17,2.28,32.23,58.46,0.37
Faisalabad,2023-09-18,9.87,29.92,68.5,0.38
Faisalabad,2023-09-19,15.51,29.46,74.64,0.4
Faisalabad,2023-09-20,3.11,31.06,64.66,0.41
Faisalabad,2023-09-21,0.63,32.06,57.53,0.4
Faisalabad,2023-09-22,16.07,31.62,63.31,0.41
Faisalabad,2023-09-23,10.69,30.42,66.98,0.43
Faisalabad,2023-09-24,1.15,30.31,62.35,0.43
Faisalabad,2023-09-25,0.1,29.18,63.07,0.43
Faisalabad,2023-09-26,0.0,29.34,56.68,0.42
Faisalabad,2023-09-27,0.0,29.46,50.39,0.42
Faisalabad,2023-09-28,0.0,29.62,46.44,0.41
Faisalabad,2023-09-29,0.0,28.93,50.29,0.41
Faisalabad,2023-09-30,0.0,28.29,45.84,0.41
Faisalabad,2023-10-01,0.0,28.94,34.95,0.4
Faisalabad,2023-10-02,0.0,28.51,33.85,0.4
Faisalabad,2023-10-03,0.0,27.93,37.86,0.4
Faisalabad,2023-10-04,0.0,28.77,35.19,0.39
Faisalabad,2023-10-05,0.0,29.15,31.48,0.39
Faisalabad,2023-10-06,0.0,28.04,33.43,0.39
Faisalabad,2023-10-07,0.0,28.6,43.06,0.38
Faisalabad,2023-10-08,0.0,29.45,51.71,0.38
Faisalabad,2023-10-09,5.34,29.06,58.38,0.38
Faisalabad,2023-10-10,1.7,27.08,61.34,0.39
Faisalabad,2023-10-11,0.0,27.93,44.41,0.39
Faisalabad,2023-10-12,0.0,26.88,38.84,0.38
Faisalabad,2023-10-13,0.0,26.77,46.25,0.38
Faisalabad,2023-10-14,13.75,25.69,59.82,0.39
Faisalabad,2023-10-15,3.83,24.98,60.96,0.41
Faisalabad,2023-10-16,19.07,22.7,73.6,0.42
Faisalabad,2023-10-17,1.54,21.7,74.64,0.44
Faisalabad,2023-10-18,0.12,21.9,63.11,0.43
Faisalabad,2023-10-19,0.0,23.19,52.62,0.43
Faisalabad,2023-10-20,0.0,23.35,55.25,0.43
Faisalabad,2023-10-21,0.0,24.21,55.2,0.42
Faisalabad,2023-10-22,1.06,23.42,60.91,0.42
Faisalabad,2023-10-23,0.0,23.52,58.21,0.42
Faisalabad,2023-10-24,0.0,24.33,51.06,0.42
Faisalabad,2023-10-25,0.0,24.86,45.61,0.41
Faisalabad,2023-10-26,0.0,25.47,42.02,0.41
Faisalabad,2023-10-27,0.0,24.35,46.73,0.41
Faisalabad,2023-10-28,0.0,24.39,50.12,0.41
Faisalabad,2023-10-29,0.0,24.3,53.93,0.4
Faisalabad,2023-10-30,0.0,23.54,58.88,0.4
Faisalabad,2023-10-31,0.0,23.23,61.26,0.4
Faisalabad,2023-11-01,0.0,23.3,61.24,0.4
Faisalabad,2023-11-02,0.0,22.57,66.69,0.4
Faisalabad,2023-11-03,0.0,23.38,60.4,0.4
Faisalabad,2023-11-04,0.0,23.38,52.43,0.4
Faisalabad,2023-11-05,0.0,22.96,46.8,0.4
Faisalabad,2023-11-06,0.0,21.78,53.76,0.39
Faisalabad,2023-11-07,0.0,21.88,60.33,0.39
Faisalabad,2023-11-08,0.0,22.21,60.39,0.39
Faisalabad,2023-11-09,0.01,23.28,52.03,0.39
Faisalabad,2023-11-10,17.38,19.57,73.34,0.41
Faisalabad,2023-11-11,0.0,20.09,66.42,0.42
Faisalabad,2023-11-12,0.0,20.34,50.78,0.42
Faisalabad,2023-11-13,0.0,19.66,48.38,0.41
Faisalabad,2023-11-14,0.0,19.82,46.83,0.41
Faisalabad,2023-11-15,0.0,20.07,43.15,0.41
Faisalabad,2023-11-16,0.0,19.9,39.72,0.41
Faisalabad,2023-11-17,0.0,19.91,39.94,0.41
Faisalabad,2023-11-18,0.0,18.92,44.94,0.41
Faisalabad,2023-11-19,0.0,18.8,50.21,0.4
Faisalabad,2023-11-20,0.0,18.91,50.03,0.4
Faisalabad,2023-11-21,0.0,18.44,52.03,0.4
Faisalabad,2023-11-22,0.0,18.41,49.63,0.4
Faisalabad,2023-11-23,0.0,17.82,50.72,0.4
Faisalabad,2023-11-24,0.0,17.96,55.9,0.4
Faisalabad,2023-11-25,0.0,17.42,56.54,0.4
Faisalabad,2023-11-26,0.0,16.41,61.93,0.4
Faisalabad,2023-11-27,0.0,16.04,73.42,0.4
Faisalabad,2023-11-28,0.0,16.85,66.09,0.4
Faisalabad,2023-11-29,0.01,19.18,50.76,0.4
Faisalabad,2023-11-30,0.51,18.24,62.19,0.4
Faisalabad,2023-12-01,0.0,17.12,71.09,0.4
Faisalabad,2023-12-02,0.0,16.99,61.21,0.39
Faisalabad,2023-12-03,0.0,17.27,47.59,0.39
Faisalabad,2023-12-04,0.0,18.49,43.99,0.39
Faisalabad,2023-12-05,0.0,17.8,46.22,0.39
Faisalabad,2023-12-06,0.0,16.96,44.49,0.39
Faisalabad,2023-12-07,0.0,15.84,43.85,0.39
Faisalabad,2023-12-08,0.0,15.86,43.38,0.39
Faisalabad,2023-12-09,0.0,16.52,40.06,0.39
Faisalabad,2023-12-10,0.0,14.83,41.68,0.39
Faisalabad,2023-12-11,0.0,14.62,38.03,0.38
Faisalabad,2023-12-12,0.0,12.87,48.86,0.38
Faisalabad,2023-12-13,0.0,13.16,53.48,0.38
Faisalabad,2023-12-14,0.0,13.91,50.19,0.38
Faisalabad,2023-12-15,0.0,14.46,47.94,0.38
Faisalabad,2023-12-16,0.0,13.02,53.34,0.38
Faisalabad,2023-12-17,0.06,13.17,56.8,0.38
Faisalabad,2023-12-18,0.0,12.55,52.9,0.38
Faisalabad,2023-12-19,0.0,13.31,40.71,0.38
Faisalabad,2023-12-20,0.0,14.5,33.12,0.38
Faisalabad,2023-12-21,0.0,15.04,30.22,0.38
Faisalabad,2023-12-22,0.0,14.19,34.5,0.38
Faisalabad,2023-12-23,0.01,15.92,47.15,0.38
Faisalabad,2023-12-24,0.03,15.08,51.83,0.37
Faisalabad,2023-12-25,0.0,15.88,45.12,0.37
Faisalabad,2023-12-26,0.0,16.54,41.39,0.37
Faisalabad,2023-12-27,0.0,15.33,44.41,0.37
Faisalabad,2023-12-28,0.0,14.48,46.99,0.37
Faisalabad,2023-12-29,0.0,13.69,50.46,0.37
Faisalabad,2023-12-30,0.0,13.79,48.02,0.37
Faisalabad,2023-12-31,0.0,13.97,46.54,0.37
Faisalabad,2024-01-01,0.0,13.47,45.9,0.37
Faisalabad,2024-01-02,0.0,13.31,43.36,0.37
Faisalabad,2024-01-03,0.0,12.68,42.91,0.37
Faisalabad,2024-01-04,0.0,12.88,42.96,0.37
Faisalabad,2024-01-05,0.0,12.67,42.51,0.37
Faisalabad,2024-01-06,0.0,12.4,46.65,0.37
Faisalabad,2024-01-07,0.0,12.46,48.01,0.36
Faisalabad,2024-01-08,0.0,12.31,53.04,0.36
Faisalabad,2024-01-09,0.0,11.79,63.77,0.36
Faisalabad,2024-01-10,0.0,11.83,53.3,0.36
Faisalabad,2024-01-11,0.0,12.87,41.37,0.36
Faisalabad,2024-01-12,0.0,13.4,39.68,0.36
Faisalabad,2024-01-13,0.0,15.31,33.34,0.36
Faisalabad,2024-01-14,0.0,13.24,34.9,0.36
Faisalabad,2024-01-15,0.0,13.04,34.61,0.36
Faisalabad,2024-01-16,0.0,12.26,38.68,0.36
Faisalabad,2024-01-17,0.0,12.32,42.62,0.36
Faisalabad,2024-01-18,0.0,13.2,41.06,0.36
Faisalabad,2024-01-19,0.0,13.9,40.15,0.36
Faisalabad,2024-01-20,0.0,13.4,42.43,0.36
Faisalabad,2024-01-21,0.0,12.98,39.8,0.36
Faisalabad,2024-01-22,0.0,11.48,41.2,0.36
Faisalabad,2024-01-23,0.0,11.32,42.89,0.35
Faisalabad,2024-01-24,0.0,11.33,38.88,0.35
Faisalabad,2024-01-25,0.0,10.81,38.49,0.35
Faisalabad,2024-01-26,0.02,12.16,40.17,0.35
Faisalabad,2024-01-27,0.0,14.33,41.75,0.35
Faisalabad,2024-01-28,0.02,15.3,47.39,0.35
Faisalabad,2024-01-29,0.0,15.52,41.28,0.35
Faisalabad,2024-01-30,0.62,15.4,52.84,0.35
Faisalabad,2024-01-31,5.54,15.52,62.31,0.35
Faisalabad,2024-02-01,0.76,12.47,65.67,0.36
Faisalabad,2024-02-02,2.46,11.82,60.36,0.36
Faisalabad,2024-02-03,1.5,13.36,49.08,0.36
Faisalabad,2024-02-04,1.88,12.6,66.76,0.37
Faisalabad,2024-02-05,0.0,11.82,55.91,0.37
Faisalabad,2024-02-06,0.0,12.5,41.91,0.36
Faisalabad,2024-02-07,0.24,11.74,43.88,0.36
Faisalabad,2024-02-08,0.01,12.21,39.42,0.36
Faisalabad,2024-02-09,0.0,14.17,34.76,0.36
Faisalabad,2024-02-10,0.0,15.47,34.36,0.36
Faisalabad,2024-02-11,0.0,17.1,27.8,0.36
Faisalabad,2024-02-12,0.0,15.01,33.86,0.36
Faisalabad,2024-02-13,0.0,15.78,32.94,0.36
Faisalabad,2024-02-14,0.0,17.1,30.16,0.36
Faisalabad,2024-02-15,0.0,17.64,26.64,0.35
Faisalabad,2024-02-16,0.0,18.6,23.24,0.35
Faisalabad,2024-02-17,0.0,18.38,28.04,0.35
Faisalabad,2024-02-18,0.03,16.02,37.47,0.35
Faisalabad,2024-02-19,1.62,17.25,48.05,0.35
Faisalabad,2024-02-20,0.83,15.37,65.78,0.35
Faisalabad,2024-02-21,0.12,15.14,46.84,0.35
Faisalabad,2024-02-22,0.0,14.42,45.74,0.35
Faisalabad,2024-02-23,0.0,14.39,34.34,0.35
Faisalabad,2024-02-24,0.0,14.57,33.42,0.35
Faisalabad,2024-02-25,0.0,14.66,36.63,0.35
Faisalabad,2024-02-26,0.0,14.63,43.05,0.35
Faisalabad,2024-02-27,0.0,13.85,48.28,0.35
Faisalabad,2024-02-28,0.0,16.5,42.59,0.35
Faisalabad,2024-02-29,0.02,18.18,41.39,0.35
Faisalabad,2024-03-01,5.18,16.12,66.83,0.35
Faisalabad,2024-03-02,3.92,15.06,71.05,0.36
Faisalabad,2024-03-03,0.0,11.35,38.8,0.36
Faisalabad,2024-03-04,0.0,12.72,32.13,0.36
Faisalabad,2024-03-05,0.0,13.29,41.57,0.36
Faisalabad,2024-03-06,0.0,15.11,34.07,0.36
Faisalabad,2024-03-07,0.64,16.23,35.65,0.36
Faisalabad,2024-03-08,0.0,17.07,40.13,0.35
Faisalabad,2024-03-09,0.0,18.66,37.32,0.35
Faisalabad,2024-03-10,0.0,20.27,29.67,0.35
Faisalabad,2024-03-11,0.0,20.98,28.1,0.35
Faisalabad,2024-03-12,0.0,21.56,32.42,0.35
Faisalabad,2024-03-13,1.32,21.56,37.89,0.35
Faisalabad,2024-03-14,0.0,19.59,48.63,0.35
Faisalabad,2024-03-15,0.0,19.92,40.62,0.35
Faisalabad,2024-03-16,0.0,21.91,27.6,0.35
Faisalabad,2024-03-17,0.0,21.5,32.23,0.35
Faisalabad,2024-03-18,0.0,23.14,32.06,0.34
Faisalabad,2024-03-19,0.0,23.99,32.68,0.34
Faisalabad,2024-03-20,0.0,26.03,26.46,0.34
Faisalabad,2024-03-21,0.06,26.65,23.83,0.34
Faisalabad,2024-03-22,0.0,25.14,33.14,0.34
Faisalabad,2024-03-23,0.06,26.2,35.36,0.34
Faisalabad,2024-03-24,2.93,24.97,37.87,0.34
Faisalabad,2024-03-25,0.0,25.94,37.64,0.34
Faisalabad,2024-03-26,0.18,28.12,32.48,0.34
Faisalabad,2024-03-27,25.66,25.87,50.0,0.36
Faisalabad,2024-03-28,0.5,22.45,69.11,0.39
Faisalabad,2024-03-29,3.24,25.11,55.18,0.39
Faisalabad,2024-03-30,4.5,25.15,53.29,0.39
Faisalabad,2024-03-31,0.04,22.84,56.53,0.39
Faisalabad,2024-04-01,0.0,23.56,35.17,0.39
Faisalabad,2024-04-02,0.0,24.77,31.48,0.38
Faisalabad,2024-04-03,0.0,26.05,31.42,0.38
Faisalabad,2024-04-04,0.0,25.99,32.33,0.38
Faisalabad,2024-04-05,0.0,25.27,32.83,0.37
Faisalabad,2024-04-06,0.0,25.79,31.22,0.37
Faisalabad,2024-04-07,0.0,27.87,25.32,0.37
Faisalabad,2024-04-08,0.0,27.96,26.09,0.36
Faisalabad,2024-04-09,0.0,29.61,20.07,0.36
Faisalabad,2024-04-10,0.0,27.14,27.92,0.36
Faisalabad,2024-04-11,0.19,27.65,32.71,0.36
Faisalabad,2024-04-12,0.0,28.91,31.36,0.35
Faisalabad,2024-04-13,3.82,26.12,43.74,0.36
Faisalabad,2024-04-14,2.24,23.06,66.71,0.36
Faisalabad,2024-04-15,7.1,25.13,63.12,0.36
Faisalabad,2024-04-16,0.17,25.63,53.87,0.37
Faisalabad,2024-04-17,0.0,26.87,39.6,0.36
Faisalabad,2024-04-18,4.56,28.49,38.13,0.36
Faisalabad,2024-04-19,5.36,25.29,55.1,0.37
Faisalabad,2024-04-20,0.03,25.4,56.6,0.37
Faisalabad,2024-04-21,0.0,27.4,42.54,0.37
Faisalabad,2024-04-22,0.89,27.09,42.7,0.37
Faisalabad,2024-04-23,1.2,26.83,44.69,0.36
Faisalabad,2024-04-24,0.38,28.57,35.93,0.36
Faisalabad,2024-04-25,0.0,30.94,32.35,0.36
Faisalabad,2024-04-26,0.35,28.38,47.02,0.36
Faisalabad,2024-04-27,4.24,26.07,51.52,0.36
Faisalabad,2024-04-28,0.34,27.56,42.3,0.36
Faisalabad,2024-04-29,10.42,26.08,43.72,0.37
Faisalabad,2024-04-30,0.29,22.95,52.83,0.37
Faisalabad,2024-05-01,0.0,24.09,37.96,0.37
Faisalabad,2024-05-02,0.0,27.8,25.55,0.37
Faisalabad,2024-05-03,0.0,28.24,30.93,0.36
Faisalabad,2024-05-04,0.0,29.56,36.0,0.36
Faisalabad,2024-05-05,0.0,30.42,37.29,0.36
Faisalabad,2024-05-06,0.0,32.07,33.32,0.35
Faisalabad,2024-05-07,0.0,33.84,27.26,0.35
Faisalabad,2024-05-08,0.0,35.33,23.43,0.35
Faisalabad,2024-05-09,0.0,35.25,24.49,0.35
Faisalabad,2024-05-10,0.86,35.14,29.62,0.34
Faisalabad,2024-05-11,0.73,33.72,37.96,0.35
Faisalabad,2024-05-12,1.34,32.61,28.86,0.35
Faisalabad,2024-05-13,0.14,31.91,32.36,0.34
Faisalabad,2024-05-14,0.0,33.45,26.44,0.34
Faisalabad,2024-05-15,0.0,35.83,21.03,0.34
Faisalabad,2024-05-16,0.0,36.79,20.07,0.34
Faisalabad,2024-05-17,0.0,37.61,22.22,0.34
Faisalabad,2024-05-18,0.0,36.95,25.4,0.34
Faisalabad,2024-05-19,0.0,37.15,25.25,0.34
Faisalabad,2024-05-20,0.0,38.4,19.65,0.34
Faisalabad,2024-05-21,0.0,37.56,19.28,0.33
Faisalabad,2024-05-22,0.0,37.79,16.29,0.33
Faisalabad,2024-05-23,0.0,38.7,16.24,0.33
Faisalabad,2024-05-24,0.0,38.94,16.47,0.33
Faisalabad,2024-05-25,0.12,38.41,19.23,0.33
Faisalabad,2024-05-26,0.0,38.17,18.21,0.33
Faisalabad,2024-05-27,0.0,38.02,13.68,0.33
Faisalabad,2024-05-28,0.0,37.81,13.15,0.33
Faisalabad,2024-05-29,0.0,36.92,12.04,0.33
Faisalabad,2024-05-30,0.0,38.87,10.32,0.33
Faisalabad,2024-05-31,0.0,38.87,8.65,0.33
Faisalabad,2024-06-01,0.0,38.92,12.69,0.33
Faisalabad,2024-06-02,0.0,39.26,14.76,0.33
Faisalabad,2024-06-03,0.04,39.46,16.26,0.33
Faisalabad,2024-06-04,0.0,39.68,15.0,0.33
Faisalabad,2024-06-05,0.25,39.34,22.94,0.33
Faisalabad,2024-06-06,2.3,36.16,32.11,0.34
Faisalabad,2024-06-07,0.31,36.07,26.09,0.34
Faisalabad,2024-06-08,0.0,35.25,22.26,0.34
Faisalabad,2024-06-09,0.0,36.4,17.75,0.34
Faisalabad,2024-06-10,0.0,37.69,17.12,0.33
Faisalabad,2024-06-11,0.0,38.74,14.8,0.33
Faisalabad,2024-06-12,0.0,40.35,13.15,0.33
Faisalabad,2024-06-13,0.0,40.2,17.98,0.33
Faisalabad,2024-06-14,0.02,40.22,21.42,0.33
Faisalabad,2024-06-15,0.0,40.46,20.4,0.33
Faisalabad,2024-06-16,0.0,40.94,20.61,0.33
Faisalabad,2024-06-17,0.0,41.87,20.44,0.33
Faisalabad,2024-06-18,0.18,41.76,21.91,0.33
Faisalabad,2024-06-19,0.25,41.03,20.64,0.33
Faisalabad,2024-06-20,7.8,39.44,21.95,0.34
Faisalabad,2024-06-21,6.34,34.46,44.67,0.36
Faisalabad,2024-06-22,0.0,35.3,37.36,0.35
Faisalabad,2024-06-23,0.0,37.54,29.53,0.35
Faisalabad,2024-06-24,0.0,38.71,25.79,0.34
Faisalabad,2024-06-25,0.0,39.12,24.35,0.34
Faisalabad,2024-06-26,0.0,40.16,26.31,0.34
Faisalabad,2024-06-27,0.0,39.16,31.68,0.34
Faisalabad,2024-06-28,0.0,39.09,34.3,0.34
Faisalabad,2024-06-29,6.38,38.78,38.38,0.34
Faisalabad,2024-06-30,0.02,38.63,40.1,0.34
Faisalabad,2024-07-01,8.69,39.36,41.83,0.35
Faisalabad,2024-07-02,10.38,38.02,48.65,0.36
Faisalabad,2024-07-03,0.0,40.61,33.75,0.36
Faisalabad,2024-07-04,4.61,37.74,45.26,0.36
Faisalabad,2024-07-05,2.51,37.99,44.3,0.36
Faisalabad,2024-07-06,41.9,35.58,53.64,0.38
Faisalabad,2024-07-07,3.84,32.5,61.9,0.44
Faisalabad,2024-07-08,9.37,33.87,53.89,0.43
Faisalabad,2024-07-09,0.08,35.32,48.25,0.43
Faisalabad,2024-07-10,0.18,37.03,43.74,0.42
Faisalabad,2024-07-11,3.6,36.87,46.96,0.42
Faisalabad,2024-07-12,2.47,37.35,46.63,0.42
Faisalabad,2024-07-13,32.15,33.84,56.78,0.45
Faisalabad,2024-07-14,0.11,34.62,52.02,0.46
Faisalabad,2024-07-15,0.0,35.99,45.16,0.45
Faisalabad,2024-07-16,0.0,36.45,39.66,0.44
Faisalabad,2024-07-17,0.15,37.1,46.06,0.43
Faisalabad,2024-07-18,3.82,36.21,49.79,0.43
Faisalabad,2024-07-19,0.54,36.39,45.57,0.43
Faisalabad,2024-07-20,0.5,37.5,43.94,0.42
Faisalabad,2024-07-21,0.31,37.95,42.85,0.42
Faisalabad,2024-07-22,2.03,38.04,43.9,0.41
Faisalabad,2024-07-23,5.23,37.5,47.28,0.42
Faisalabad,2024-07-24,5.19,36.17,53.18,0.42
Faisalabad,2024-07-25,2.17,37.36,47.91,0.42
Faisalabad,2024-07-26,11.67,36.6,50.66,0.42
Faisalabad,2024-07-27,0.99,37.68,47.55,0.42
Faisalabad,2024-07-28,3.85,36.39,51.66,0.42
Faisalabad,2024-07-29,8.81,33.45,62.84,0.43
Faisalabad,2024-07-30,4.14,33.67,66.12,0.43
Faisalabad,2024-07-31,11.68,35.17,64.12,0.44
Faisalabad,2024-08-01,14.31,33.59,68.41,0.46
Faisalabad,2024-08-02,5.27,32.64,67.05,0.46
Faisalabad,2024-08-03,0.13,32.8,65.13,0.46
Faisalabad,2024-08-04,2.23,33.08,62.5,0.45
Faisalabad,2024-08-05,1.52,33.92,58.66,0.45
Faisalabad,2024-08-06,1.88,33.87,59.88,0.45
Faisalabad,2024-08-07,3.11,34.94,56.78,0.44
Faisalabad,2024-08-08,3.66,34.36,59.35,0.44
Faisalabad,2024-08-09,35.55,32.66,71.29,0.47
Faisalabad,2024-08-10,37.06,32.34,74.6,0.52
Faisalabad,2024-08-11,5.71,31.89,77.74,0.53
Faisalabad,2024-08-12,7.88,30.09,80.17,0.53
Faisalabad,2024-08-13,0.42,31.56,73.81,0.53
Faisalabad,2024-08-14,0.4,31.75,73.72,0.52
Faisalabad,2024-08-15,8.07,32.59,72.26,0.51
Faisalabad,2024-08-16,8.89,29.98,83.55,0.53
Faisalabad,2024-08-17,21.56,28.18,90.12,0.55
Faisalabad,2024-08-18,2.16,28.8,85.32,0.56
Faisalabad,2024-08-19,3.75,29.59,81.83,0.55
Faisalabad,2024-08-20,5.05,31.14,74.09,0.55
Faisalabad,2024-08-21,6.42,31.0,75.83,0.55
Faisalabad,2024-08-22,1.94,30.59,77.05,0.55
Faisalabad,2024-08-23,0.9,31.48,71.41,0.54
Faisalabad,2024-08-24,0.32,31.61,69.54,0.54
Faisalabad,2024-08-25,0.0,31.55,69.67,0.53
Faisalabad,2024-08-26,1.29,31.64,70.08,0.52
Faisalabad,2024-08-27,10.87,29.61,77.51,0.52
Faisalabad,2024-08-28,30.1,27.71,87.81,0.56
Faisalabad,2024-08-29,11.73,28.35,83.82,0.57
Faisalabad,2024-08-30,8.23,28.98,83.1,0.58
Faisalabad,2024-08-31,0.6,29.58,78.56,0.58
Faisalabad,2024-09-01,0.0,30.88,74.36,0.56
Faisalabad,2024-09-02,3.73,31.17,72.86,0.55
Faisalabad,2024-09-03,23.39,29.03,83.1,0.57
Faisalabad,2024-09-04,0.45,29.53,76.6,0.58
Faisalabad,2024-09-05,1.54,29.67,74.97,0.57
Faisalabad,2024-09-06,3.92,30.2,74.77,0.56
Faisalabad,2024-09-07,9.37,29.71,76.6,0.57
Faisalabad,2024-09-08,1.58,30.12,72.57,0.57
Faisalabad,2024-09-09,0.0,30.65,68.78,0.55
Faisalabad,2024-09-10,0.31,30.66,68.8,0.54
Faisalabad,2024-09-11,0.12,30.84,66.12,0.54
Faisalabad,2024-09-12,0.01,30.82,67.66,0.53
Faisalabad,2024-09-13,0.04,30.28,64.66,0.52
Faisalabad,2024-09-14,0.04,29.22,65.25,0.51
Faisalabad,2024-09-15,0.0,30.22,59.74,0.5
Faisalabad,2024-09-16,0.0,31.11,52.34,0.5
Faisalabad,2024-09-17,0.0,30.43,58.64,0.49
Faisalabad,2024-09-18,0.0,30.1,62.42,0.48
Faisalabad,2024-09-19,0.0,30.19,65.12,0.48
Faisalabad,2024-09-20,0.0,31.13,60.01,0.47
Faisalabad,2024-09-21,0.0,32.29,57.44,0.46
Faisalabad,2024-09-22,0.0,32.37,58.2,0.46
Faisalabad,2024-09-23,0.0,33.16,54.33,0.45
Faisalabad,2024-09-24,0.0,33.18,50.55,0.45
Faisalabad,2024-09-25,0.0,32.72,52.5,0.44
Faisalabad,2024-09-26,0.0,31.84,54.55,0.44
Faisalabad,2024-09-27,6.59,30.58,65.64,0.44
Faisalabad,2024-09-28,2.36,30.1,65.04,0.44
Faisalabad,2024-09-29,0.34,30.4,60.85,0.44
Faisalabad,2024-09-30,0.0,31.16,56.57,0.44
Faisalabad,2024-10-01,0.0,32.28,47.21,0.43
Faisalabad,2024-10-02,0.0,31.07,45.16,0.43
Faisalabad,2024-10-03,0.0,30.72,44.56,0.42
Faisalabad,2024-10-04,0.0,29.63,48.79,0.42
Faisalabad,2024-10-05,0.05,30.05,49.58,0.42
Faisalabad,2024-10-06,6.36,28.09,59.39,0.42
Faisalabad,2024-10-07,0.0,28.35,55.81,0.42
Faisalabad,2024-10-08,0.0,28.35,55.8,0.42
Faisalabad,2024-10-09,0.0,27.67,55.32,0.41
Faisalabad,2024-10-10,0.0,27.41,52.99,0.41
Faisalabad,2024-10-11,0.31,28.12,45.06,0.41
Faisalabad,2024-10-12,0.0,28.07,42.17,0.4
Faisalabad,2024-10-13,0.0,26.7,42.2,0.4
Faisalabad,2024-10-14,0.0,26.68,43.54,0.4
Faisalabad,2024-10-15,0.0,28.08,37.64,0.4
Faisalabad,2024-10-16,0.0,26.9,44.0,0.39
Faisalabad,2024-10-17,0.0,27.4,42.91,0.39
Faisalabad,2024-10-18,0.0,26.99,42.44,0.39
Faisalabad,2024-10-19,0.0,27.07,45.4,0.39
Faisalabad,2024-10-20,0.0,26.72,45.61,0.38
Faisalabad,2024-10-21,0.0,26.4,52.46,0.38
Faisalabad,2024-10-22,0.0,26.12,54.67,0.38
Faisalabad,2024-10-23,0.0,26.36,52.75,0.38
Faisalabad,2024-10-24,0.0,25.52,54.75,0.38
Faisalabad,2024-10-25,0.0,26.19,48.85,0.38
Faisalabad,2024-10-26,0.0,26.89,39.66,0.37
Faisalabad,2024-10-27,0.0,26.4,46.11,0.37
Faisalabad,2024-10-28,0.0,26.75,46.4,0.37
Faisalabad,2024-10-29,0.0,27.39,51.43,0.37
Faisalabad,2024-10-30,0.01,26.55,51.48,0.37
Faisalabad,2024-10-31,0.0,25.74,45.23,0.37
Faisalabad,2024-11-01,0.0,25.57,35.28,0.36
Faisalabad,2024-11-02,0.0,24.25,40.2,0.36
Faisalabad,2024-11-03,0.0,24.25,39.41,0.36
Faisalabad,2024-11-04,0.0,24.66,40.19,0.36
Faisalabad,2024-11-05,0.0,24.46,42.88,0.36
Faisalabad,2024-11-06,0.0,24.54,46.98,0.36
Faisalabad,2024-11-07,0.0,23.76,50.22,0.36
Faisalabad,2024-11-08,0.0,23.86,53.92,0.36
Faisalabad,2024-11-09,0.0,23.47,56.24,0.35
Faisalabad,2024-11-10,0.0,23.68,54.04,0.35
Faisalabad,2024-11-11,0.0,23.29,54.16,0.35
Faisalabad,2024-11-12,0.0,22.29,53.99,0.35
Faisalabad,2024-11-13,0.0,21.48,53.5,0.35
Faisalabad,2024-11-14,0.0,21.57,45.91,0.35
Faisalabad,2024-11-15,0.04,20.99,49.03,0.35
Faisalabad,2024-11-16,0.0,19.88,57.34,0.35
Faisalabad,2024-11-17,0.0,19.74,47.84,0.35
Faisalabad,2024-11-18,0.0,19.72,38.72,0.35
Faisalabad,2024-11-19,0.0,19.3,36.06,0.35
Faisalabad,2024-11-20,0.0,19.73,32.53,0.35
Faisalabad,2024-11-21,0.0,20.31,30.38,0.35
Faisalabad,2024-11-22,0.0,19.55,36.74,0.34
Faisalabad,2024-11-23,0.0,19.36,41.26,0.34
Faisalabad,2024-11-24,0.0,19.1,48.49,0.34
Faisalabad,2024-11-25,0.0,18.67,47.0,0.34
Faisalabad,2024-11-26,0.0,19.33,36.15,0.34
Faisalabad,2024-11-27,0.0,19.52,32.8,0.34
Faisalabad,2024-11-28,0.0,19.12,33.96,0.34
Faisalabad,2024-11-29,0.0,18.28,37.78,0.34
Faisalabad,2024-11-30,0.28,18.02,42.89,0.34
Faisalabad,2024-12-01,0.0,18.7,47.15,0.34
Faisalabad,2024-12-02,0.04,19.67,45.08,0.34
Faisalabad,2024-12-03,0.01,19.07,49.3,0.34
Faisalabad,2024-12-04,0.0,17.67,47.47,0.34
Faisalabad,2024-12-05,0.0,17.3,32.39,0.34
Faisalabad,2024-12-06,0.0,16.18,31.07,0.34
Faisalabad,2024-12-07,0.0,15.27,28.04,0.34
Faisalabad,2024-12-08,0.09,13.24,33.84,0.34
Faisalabad,2024-12-09,0.08,12.06,29.81,0.34
Faisalabad,2024-12-10,0.0,12.49,23.27,0.34
Faisalabad,2024-12-11,0.0,12.45,21.86,0.34
Faisalabad,2024-12-12,0.0,12.09,26.35,0.34
Faisalabad,2024-12-13,0.0,12.31,32.27,0.34
Faisalabad,2024-12-14,0.0,12.88,22.86,0.34
Faisalabad,2024-12-15,0.0,13.61,23.93,0.34
Faisalabad,2024-12-16,0.0,13.22,24.11,0.34
Faisalabad,2024-12-17,0.0,14.15,30.1,0.34
Faisalabad,2024-12-18,0.0,12.83,39.04,0.34
Faisalabad,2024-12-19,0.0,11.84,38.09,0.34
Faisalabad,2024-12-20,0.0,11.31,38.66,0.34
Faisalabad,2024-12-21,0.0,11.96,38.27,0.34
Faisalabad,2024-12-22,0.0,14.28,30.12,0.34
Faisalabad,2024-12-23,0.87,12.94,59.2,0.34
Faisalabad,2024-12-24,0.25,11.65,65.59,0.34
Faisalabad,2024-12-25,0.0,13.38,44.33,0.34
Faisalabad,2024-12-26,0.0,13.44,39.06,0.34
Faisalabad,2024-12-27,0.28,13.47,38.55,0.34
Faisalabad,2024-12-28,2.62,13.01,49.75,0.34
Faisalabad,2024-12-29,0.0,12.04,61.06,0.34
Faisalabad,2024-12-30,0.0,11.97,39.75,0.34
Faisalabad,2024-12-31,0.0,13.87,29.28,0.34
